,feat,feattype,map_estimate,is_sturdy,Feature Type
0,1,gene,0.0,True,Gene
1,10,gene,0.0,True,Gene
2,100,gene,0.0,True,Gene
3,1000,gene,0.0,True,Gene
4,10000,gene,0.0,True,Gene
5,100008586,gene,0.0,True,Gene
6,10001,gene,0.0,True,Gene
7,10002,gene,0.0,True,Gene
8,10003,gene,0.0,True,Gene
9,100033411,gene,0.0,True,Gene
10,100037417,gene,0.0,True,Gene
11,10004,gene,0.0,True,Gene
12,100049587,gene,0.0,True,Gene
13,10005,gene,0.0,True,Gene
14,10006,gene,0.0,True,Gene
15,10007,gene,0.0,True,Gene
16,10008,gene,0.0,True,Gene
17,10009,gene,0.0,True,Gene
18,1001,gene,0.0,True,Gene
19,10010,gene,0.0,True,Gene
20,100101267,gene,0.0,True,Gene
21,100101268,gene,0.0,True,Gene
22,100101467,gene,0.0,True,Gene
23,100101490,gene,0.0,True,Gene
24,10011,gene,0.0,True,Gene
25,100113407,gene,0.0,True,Gene
26,100125288,gene,0.0,True,Gene
27,100126572,gene,0.0,True,Gene
28,100127206,gene,0.0,True,Gene
29,100127983,gene,0.0,True,Gene
30,100128071,gene,0.0,True,Gene
31,100128327,gene,0.0,True,Gene
32,100128553,gene,0.0,True,Gene
33,100128569,gene,0.0,True,Gene
34,100128731,gene,0.0,True,Gene
35,100128908,gene,0.0,True,Gene
36,100128927,gene,0.0,True,Gene
37,100129053,gene,0.0,True,Gene
38,100129128,gene,0.0,True,Gene
39,100129216,gene,0.0,True,Gene
40,100129239,gene,0.0,True,Gene
41,100129250,gene,0.0,True,Gene
42,100129271,gene,0.0,True,Gene
43,100129278,gene,0.0,True,Gene
44,100129361,gene,0.0,True,Gene
45,100129407,gene,0.0,True,Gene
46,100129480,gene,0.0,True,Gene
47,100129515,gene,0.0,True,Gene
48,100129520,gene,0.0,True,Gene
49,100129543,gene,0.0,True,Gene
50,100129583,gene,0.0,True,Gene
51,100129654,gene,0.0,True,Gene
52,100129669,gene,0.0,True,Gene
53,100129792,gene,0.0,True,Gene
54,100129842,gene,0.0,True,Gene
55,100129924,gene,0.0,True,Gene
56,100129969,gene,0.0,True,Gene
57,10013,gene,0.0,True,Gene
58,100130086,gene,0.0,True,Gene
59,100130274,gene,0.0,True,Gene
60,100130301,gene,0.0,True,Gene
61,100130302,gene,0.0,True,Gene
62,100130311,gene,0.0,True,Gene
63,100130348,gene,0.0,True,Gene
64,100130361,gene,0.0,True,Gene
65,100130519,gene,0.0,True,Gene
66,100130520,gene,0.0,True,Gene
67,100130613,gene,0.0,True,Gene
68,100130705,gene,0.0,True,Gene
69,100130733,gene,0.0,True,Gene
70,100130742,gene,0.0,True,Gene
71,100130771,gene,0.0,True,Gene
72,100130827,gene,0.0,True,Gene
73,100130933,gene,0.0,True,Gene
74,100130958,gene,0.0,True,Gene
75,100130988,gene,0.0,True,Gene
76,100131017,gene,0.0,True,Gene
77,100131137,gene,0.0,True,Gene
78,100131187,gene,0.0,True,Gene
79,100131211,gene,0.0,True,Gene
80,100131244,gene,0.0,True,Gene
81,100131303,gene,0.0,True,Gene
82,100131378,gene,0.0,True,Gene
83,100131390,gene,0.0,True,Gene
84,100131439,gene,0.0,True,Gene
85,100131608,gene,0.0,True,Gene
86,100131755,gene,0.0,True,Gene
87,100131801,gene,0.0,True,Gene
88,100131827,gene,0.0,True,Gene
89,100131897,gene,0.0,True,Gene
90,100131902,gene,0.0,True,Gene
91,100131980,gene,0.0,True,Gene
92,100132015,gene,0.0,True,Gene
93,100132074,gene,0.0,True,Gene
94,100132202,gene,0.0,True,Gene
95,100132247,gene,0.0,True,Gene
96,100132304,gene,0.0,True,Gene
97,100132386,gene,0.0,True,Gene
98,100132396,gene,0.0,True,Gene
99,100132399,gene,0.0,True,Gene
100,100132406,gene,0.0,True,Gene
101,100132463,gene,0.0,True,Gene
102,100132476,gene,0.0,True,Gene
103,100132916,gene,0.0,True,Gene
104,100132963,gene,0.0,True,Gene
105,100132994,gene,0.0,True,Gene
106,100133053,gene,0.0,True,Gene
107,100133093,gene,0.0,True,Gene
108,100133251,gene,0.0,True,Gene
109,100133267,gene,0.0,True,Gene
110,100133315,gene,0.0,True,Gene
111,100133941,gene,0.0,True,Gene
112,100134444,gene,0.0,True,Gene
113,100134934,gene,0.0,True,Gene
114,100134938,gene,0.0,True,Gene
115,100137047,gene,0.0,True,Gene
116,100137049,gene,0.0,True,Gene
117,10014,gene,0.0,True,Gene
118,100141515,gene,0.0,True,Gene
119,100142659,gene,0.0,True,Gene
120,100144748,gene,0.0,True,Gene
121,10015,gene,0.0,True,Gene
122,100151643,gene,0.0,True,Gene
123,10016,gene,0.0,True,Gene
124,10017,gene,0.0,True,Gene
125,100170229,gene,0.0,True,Gene
126,100170765,gene,0.0,True,Gene
127,100170841,gene,0.0,True,Gene
128,10018,gene,0.0,True,Gene
129,100188893,gene,0.0,True,Gene
130,10019,gene,0.0,True,Gene
131,100190949,gene,0.0,True,Gene
132,100191040,gene,0.0,True,Gene
133,1002,gene,0.0,True,Gene
134,10020,gene,0.0,True,Gene
135,10021,gene,0.0,True,Gene
136,10022,gene,0.0,True,Gene
137,10023,gene,0.0,True,Gene
138,10024,gene,0.0,True,Gene
139,10025,gene,0.0,True,Gene
140,10026,gene,0.0,True,Gene
141,100271715,gene,0.0,True,Gene
142,100271846,gene,0.0,True,Gene
143,100271849,gene,0.0,True,Gene
144,100271927,gene,0.0,True,Gene
145,100272147,gene,0.0,True,Gene
146,100287045,gene,0.0,True,Gene
147,100287144,gene,0.0,True,Gene
148,100287171,gene,0.0,True,Gene
149,100287178,gene,0.0,True,Gene
150,100287205,gene,0.0,True,Gene
151,100287226,gene,0.0,True,Gene
152,100287238,gene,0.0,True,Gene
153,100287284,gene,0.0,True,Gene
154,100287327,gene,0.0,True,Gene
155,100287364,gene,0.0,True,Gene
156,100287399,gene,0.0,True,Gene
157,100287404,gene,0.0,True,Gene
158,100287441,gene,0.0,True,Gene
159,100287478,gene,0.0,True,Gene
160,100287482,gene,0.0,True,Gene
161,100287513,gene,0.0,True,Gene
162,100287520,gene,0.0,True,Gene
163,100287718,gene,0.0,True,Gene
164,100287898,gene,0.0,True,Gene
165,100287932,gene,0.0,True,Gene
166,100288072,gene,0.0,True,Gene
167,100288142,gene,0.0,True,Gene
168,100288287,gene,0.0,True,Gene
169,100288323,gene,0.0,True,Gene
170,100288332,gene,0.0,True,Gene
171,100288413,gene,0.0,True,Gene
172,100288520,gene,0.0,True,Gene
173,100288687,gene,0.0,True,Gene
174,100288695,gene,0.0,True,Gene
175,100288797,gene,0.0,True,Gene
176,100288801,gene,0.0,True,Gene
177,100288814,gene,0.0,True,Gene
178,100288842,gene,0.0,True,Gene
179,100289087,gene,0.0,True,Gene
180,100289187,gene,0.0,True,Gene
181,100289255,gene,0.0,True,Gene
182,100289279,gene,0.0,True,Gene
183,100289635,gene,0.0,True,Gene
184,100289678,gene,0.0,True,Gene
185,100293516,gene,0.0,True,Gene
186,1003,gene,0.0,True,Gene
187,100302652,gene,0.0,True,Gene
188,100302736,gene,0.0,True,Gene
189,100303755,gene,0.0,True,Gene
190,100310812,gene,0.0,True,Gene
191,100310846,gene,0.0,True,Gene
192,100316904,gene,0.0,True,Gene
193,100329135,gene,0.0,True,Gene
194,10036,gene,0.0,True,Gene
195,10038,gene,0.0,True,Gene
196,100381270,gene,0.0,True,Gene
197,10039,gene,0.0,True,Gene
198,1004,gene,0.0,True,Gene
199,10040,gene,0.0,True,Gene
200,100419008,gene,0.0,True,Gene
201,10042,gene,0.0,True,Gene
202,100421372,gene,0.0,True,Gene
203,100423062,gene,0.0,True,Gene
204,10043,gene,0.0,True,Gene
205,100431172,gene,0.0,True,Gene
206,10044,gene,0.0,True,Gene
207,10045,gene,0.0,True,Gene
208,10046,gene,0.0,True,Gene
209,10047,gene,0.0,True,Gene
210,10048,gene,0.0,True,Gene
211,10049,gene,0.0,True,Gene
212,100499483,gene,0.0,True,Gene
213,1005,gene,0.0,True,Gene
214,10050,gene,0.0,True,Gene
215,100500938,gene,0.0,True,Gene
216,100505385,gene,0.0,True,Gene
217,100505478,gene,0.0,True,Gene
218,100505573,gene,0.0,True,Gene
219,100505576,gene,0.0,True,Gene
220,100505591,gene,0.0,True,Gene
221,100505724,gene,0.0,True,Gene
222,100505741,gene,0.0,True,Gene
223,100505753,gene,0.0,True,Gene
224,100505767,gene,0.0,True,Gene
225,100505841,gene,0.0,True,Gene
226,100505876,gene,0.0,True,Gene
227,100505989,gene,0.0,True,Gene
228,100505993,gene,0.0,True,Gene
229,100506013,gene,0.0,True,Gene
230,100506084,gene,0.0,True,Gene
231,100506127,gene,0.0,True,Gene
232,100506144,gene,0.0,True,Gene
233,100506164,gene,0.0,True,Gene
234,100506243,gene,0.0,True,Gene
235,100506374,gene,0.0,True,Gene
236,100506540,gene,0.0,True,Gene
237,100506564,gene,0.0,True,Gene
238,100506581,gene,0.0,True,Gene
239,100506658,gene,0.0,True,Gene
240,100506736,gene,0.0,True,Gene
241,100507003,gene,0.0,True,Gene
242,100507027,gene,0.0,True,Gene
243,100507043,gene,0.0,True,Gene
244,100507050,gene,0.0,True,Gene
245,100507055,gene,0.0,True,Gene
246,100507096,gene,0.0,True,Gene
247,100507170,gene,0.0,True,Gene
248,100507203,gene,0.0,True,Gene
249,100507290,gene,0.0,True,Gene
250,100507341,gene,0.0,True,Gene
251,100507421,gene,0.0,True,Gene
252,100507436,gene,0.0,True,Gene
253,100507537,gene,0.0,True,Gene
254,100507588,gene,0.0,True,Gene
255,100507607,gene,0.0,True,Gene
256,100507608,gene,0.0,True,Gene
257,100507650,gene,0.0,True,Gene
258,100507679,gene,0.0,True,Gene
259,100507747,gene,0.0,True,Gene
260,100509620,gene,0.0,True,Gene
261,10051,gene,0.0,True,Gene
262,10052,gene,0.0,True,Gene
263,100526664,gene,0.0,True,Gene
264,100526693,gene,0.0,True,Gene
265,100526737,gene,0.0,True,Gene
266,100526739,gene,0.0,True,Gene
267,100526740,gene,0.0,True,Gene
268,100526760,gene,0.0,True,Gene
269,100526761,gene,0.0,True,Gene
270,100526767,gene,0.0,True,Gene
271,100526771,gene,0.0,True,Gene
272,100526772,gene,0.0,True,Gene
273,100526773,gene,0.0,True,Gene
274,100526783,gene,0.0,True,Gene
275,100526794,gene,0.0,True,Gene
276,100526832,gene,0.0,True,Gene
277,100526835,gene,0.0,True,Gene
278,100526842,gene,0.0,True,Gene
279,100527943,gene,0.0,True,Gene
280,100527949,gene,0.0,True,Gene
281,100527978,gene,0.0,True,Gene
282,100528017,gene,0.0,True,Gene
283,100528020,gene,0.0,True,Gene
284,100528021,gene,0.0,True,Gene
285,100528030,gene,0.0,True,Gene
286,100528062,gene,0.0,True,Gene
287,100528064,gene,0.0,True,Gene
288,100529063,gene,0.0,True,Gene
289,100529097,gene,0.0,True,Gene
290,100529144,gene,0.0,True,Gene
291,100529215,gene,0.0,True,Gene
292,100529239,gene,0.0,True,Gene
293,100529240,gene,0.0,True,Gene
294,100529241,gene,0.0,True,Gene
295,100529251,gene,0.0,True,Gene
296,100529257,gene,0.0,True,Gene
297,100529261,gene,0.0,True,Gene
298,10053,gene,0.0,True,Gene
299,100532726,gene,0.0,True,Gene
300,100532731,gene,0.0,True,Gene
301,100532736,gene,0.0,True,Gene
302,100533105,gene,0.0,True,Gene
303,100533106,gene,0.0,True,Gene
304,100533177,gene,0.0,True,Gene
305,100533181,gene,0.0,True,Gene
306,100533183,gene,0.0,True,Gene
307,100533467,gene,0.0,True,Gene
308,100533496,gene,0.0,True,Gene
309,100533952,gene,0.0,True,Gene
310,100534012,gene,0.0,True,Gene
311,100534592,gene,0.0,True,Gene
312,100534599,gene,0.0,True,Gene
313,10054,gene,0.0,True,Gene
314,10055,gene,0.0,True,Gene
315,10056,gene,0.0,True,Gene
316,10057,gene,0.0,True,Gene
317,10058,gene,0.0,True,Gene
318,10059,gene,0.0,True,Gene
319,1006,gene,0.0,True,Gene
320,10060,gene,0.0,True,Gene
321,10061,gene,0.0,True,Gene
322,10062,gene,0.0,True,Gene
323,10063,gene,0.0,True,Gene
324,100631383,gene,0.0,True,Gene
325,100652748,gene,0.0,True,Gene
326,100652824,gene,0.0,True,Gene
327,100653515,gene,0.0,True,Gene
328,10066,gene,0.0,True,Gene
329,10067,gene,0.0,True,Gene
330,10068,gene,0.0,True,Gene
331,10069,gene,0.0,True,Gene
332,10071,gene,0.0,True,Gene
333,10072,gene,0.0,True,Gene
334,10073,gene,0.0,True,Gene
335,10075,gene,0.0,True,Gene
336,10076,gene,0.0,True,Gene
337,10077,gene,0.0,True,Gene
338,10078,gene,0.0,True,Gene
339,10079,gene,0.0,True,Gene
340,1008,gene,0.0,True,Gene
341,10081,gene,0.0,True,Gene
342,10082,gene,0.0,True,Gene
343,100820829,gene,0.0,True,Gene
344,10083,gene,0.0,True,Gene
345,10084,gene,0.0,True,Gene
346,10085,gene,0.0,True,Gene
347,10086,gene,0.0,True,Gene
348,100861412,gene,0.0,True,Gene
349,100862671,gene,0.0,True,Gene
350,10087,gene,0.0,True,Gene
351,100874261,gene,0.0,True,Gene
352,100885848,gene,0.0,True,Gene
353,100885850,gene,0.0,True,Gene
354,10089,gene,0.0,True,Gene
355,1009,gene,0.0,True,Gene
356,10090,gene,0.0,True,Gene
357,10092,gene,0.0,True,Gene
358,10093,gene,0.0,True,Gene
359,10094,gene,0.0,True,Gene
360,10095,gene,0.0,True,Gene
361,10096,gene,0.0,True,Gene
362,10097,gene,0.0,True,Gene
363,10098,gene,0.0,True,Gene
364,10099,gene,0.0,True,Gene
365,100996331,gene,0.0,True,Gene
366,100996492,gene,0.0,True,Gene
367,100996521,gene,0.0,True,Gene
368,100996631,gene,0.0,True,Gene
369,100996648,gene,0.0,True,Gene
370,100996693,gene,0.0,True,Gene
371,100996696,gene,0.0,True,Gene
372,100996717,gene,0.0,True,Gene
373,100996746,gene,0.0,True,Gene
374,100996758,gene,0.0,True,Gene
375,100996763,gene,0.0,True,Gene
376,100996928,gene,0.0,True,Gene
377,100996939,gene,0.0,True,Gene
378,101,gene,0.0,True,Gene
379,1010,gene,0.0,True,Gene
380,10100,gene,0.0,True,Gene
381,10101,gene,0.0,True,Gene
382,10102,gene,0.0,True,Gene
383,10103,gene,0.0,True,Gene
384,10105,gene,0.0,True,Gene
385,101059915,gene,0.0,True,Gene
386,101059918,gene,0.0,True,Gene
387,101059948,gene,0.0,True,Gene
388,101059953,gene,0.0,True,Gene
389,10106,gene,0.0,True,Gene
390,101060200,gene,0.0,True,Gene
391,101060211,gene,0.0,True,Gene
392,101060226,gene,0.0,True,Gene
393,101060233,gene,0.0,True,Gene
394,101060301,gene,0.0,True,Gene
395,101060321,gene,0.0,True,Gene
396,101060351,gene,0.0,True,Gene
397,101060376,gene,0.0,True,Gene
398,101060389,gene,0.0,True,Gene
399,101060684,gene,0.0,True,Gene
400,10107,gene,0.0,True,Gene
401,10109,gene,0.0,True,Gene
402,10110,gene,0.0,True,Gene
403,10111,gene,0.0,True,Gene
404,10112,gene,0.0,True,Gene
405,10113,gene,0.0,True,Gene
406,10114,gene,0.0,True,Gene
407,10116,gene,0.0,True,Gene
408,10117,gene,0.0,True,Gene
409,101180976,gene,0.0,True,Gene
410,1012,gene,0.0,True,Gene
411,10120,gene,0.0,True,Gene
412,10121,gene,0.0,True,Gene
413,10123,gene,0.0,True,Gene
414,10124,gene,0.0,True,Gene
415,10125,gene,0.0,True,Gene
416,10126,gene,0.0,True,Gene
417,10127,gene,0.0,True,Gene
418,10128,gene,0.0,True,Gene
419,10129,gene,0.0,True,Gene
420,1013,gene,0.0,True,Gene
421,10130,gene,0.0,True,Gene
422,10131,gene,0.0,True,Gene
423,10133,gene,0.0,True,Gene
424,10134,gene,0.0,True,Gene
425,10135,gene,0.0,True,Gene
426,10136,gene,0.0,True,Gene
427,10137,gene,0.0,True,Gene
428,10138,gene,0.0,True,Gene
429,10139,gene,0.0,True,Gene
430,1014,gene,0.0,True,Gene
431,10140,gene,0.0,True,Gene
432,101410538,gene,0.0,True,Gene
433,10142,gene,0.0,True,Gene
434,10143,gene,0.0,True,Gene
435,10144,gene,0.0,True,Gene
436,10146,gene,0.0,True,Gene
437,10147,gene,0.0,True,Gene
438,10148,gene,0.0,True,Gene
439,10149,gene,0.0,True,Gene
440,1015,gene,0.0,True,Gene
441,10150,gene,0.0,True,Gene
442,10152,gene,0.0,True,Gene
443,10153,gene,0.0,True,Gene
444,10154,gene,0.0,True,Gene
445,10155,gene,0.0,True,Gene
446,10156,gene,0.0,True,Gene
447,10157,gene,0.0,True,Gene
448,10158,gene,0.0,True,Gene
449,10159,gene,0.0,True,Gene
450,1016,gene,0.0,True,Gene
451,10160,gene,0.0,True,Gene
452,10161,gene,0.0,True,Gene
453,10162,gene,0.0,True,Gene
454,10163,gene,0.0,True,Gene
455,10164,gene,0.0,True,Gene
456,10165,gene,0.0,True,Gene
457,10166,gene,0.0,True,Gene
458,101669762,gene,0.0,True,Gene
459,10168,gene,0.0,True,Gene
460,10169,gene,0.0,True,Gene
461,1017,gene,0.0,True,Gene
462,10170,gene,0.0,True,Gene
463,10171,gene,0.0,True,Gene
464,10172,gene,0.0,True,Gene
465,10174,gene,0.0,True,Gene
466,10175,gene,0.0,True,Gene
467,10178,gene,0.0,True,Gene
468,10179,gene,0.0,True,Gene
469,1018,gene,0.0,True,Gene
470,10180,gene,0.0,True,Gene
471,10181,gene,0.0,True,Gene
472,10184,gene,0.0,True,Gene
473,10186,gene,0.0,True,Gene
474,10188,gene,0.0,True,Gene
475,10189,gene,0.0,True,Gene
476,1019,gene,0.0,True,Gene
477,10190,gene,0.0,True,Gene
478,101927367,gene,0.0,True,Gene
479,101927423,gene,0.0,True,Gene
480,101927581,gene,0.0,True,Gene
481,101927685,gene,0.0,True,Gene
482,101928147,gene,0.0,True,Gene
483,101928527,gene,0.0,True,Gene
484,101928601,gene,0.0,True,Gene
485,101928603,gene,0.0,True,Gene
486,101928677,gene,0.0,True,Gene
487,101928991,gene,0.0,True,Gene
488,101929355,gene,0.0,True,Gene
489,101929469,gene,0.0,True,Gene
490,101929614,gene,0.0,True,Gene
491,101929726,gene,0.0,True,Gene
492,101929796,gene,0.0,True,Gene
493,101929926,gene,0.0,True,Gene
494,101929983,gene,0.0,True,Gene
495,101929989,gene,0.0,True,Gene
496,10193,gene,0.0,True,Gene
497,10194,gene,0.0,True,Gene
498,10195,gene,0.0,True,Gene
499,10196,gene,0.0,True,Gene
500,10197,gene,0.0,True,Gene
501,10198,gene,0.0,True,Gene
502,10199,gene,0.0,True,Gene
503,102,gene,0.0,True,Gene
504,1020,gene,0.0,True,Gene
505,10200,gene,0.0,True,Gene
506,10201,gene,0.0,True,Gene
507,10202,gene,0.0,True,Gene
508,10203,gene,0.0,True,Gene
509,10204,gene,0.0,True,Gene
510,10205,gene,0.0,True,Gene
511,10206,gene,0.0,True,Gene
512,10207,gene,0.0,True,Gene
513,10208,gene,0.0,True,Gene
514,10209,gene,0.0,True,Gene
515,1021,gene,0.0,True,Gene
516,10210,gene,0.0,True,Gene
517,10211,gene,0.0,True,Gene
518,10212,gene,0.0,True,Gene
519,10213,gene,0.0,True,Gene
520,10214,gene,0.0,True,Gene
521,10215,gene,0.0,True,Gene
522,102157402,gene,0.0,True,Gene
523,10216,gene,0.0,True,Gene
524,10217,gene,0.0,True,Gene
525,10218,gene,0.0,True,Gene
526,10219,gene,0.0,True,Gene
527,1022,gene,0.0,True,Gene
528,10220,gene,0.0,True,Gene
529,10221,gene,0.0,True,Gene
530,10223,gene,0.0,True,Gene
531,10224,gene,0.0,True,Gene
532,10225,gene,0.0,True,Gene
533,10226,gene,0.0,True,Gene
534,10227,gene,0.0,True,Gene
535,10228,gene,0.0,True,Gene
536,102288414,gene,0.0,True,Gene
537,10229,gene,0.0,True,Gene
538,10231,gene,0.0,True,Gene
539,10232,gene,0.0,True,Gene
540,10233,gene,0.0,True,Gene
541,10234,gene,0.0,True,Gene
542,10235,gene,0.0,True,Gene
543,10236,gene,0.0,True,Gene
544,10237,gene,0.0,True,Gene
545,10238,gene,0.0,True,Gene
546,10239,gene,0.0,True,Gene
547,1024,gene,0.0,True,Gene
548,10240,gene,0.0,True,Gene
549,10241,gene,0.0,True,Gene
550,10242,gene,0.0,True,Gene
551,10243,gene,0.0,True,Gene
552,10244,gene,0.0,True,Gene
553,10245,gene,0.0,True,Gene
554,10247,gene,0.0,True,Gene
555,10248,gene,0.0,True,Gene
556,10249,gene,0.0,True,Gene
557,1025,gene,0.0,True,Gene
558,10250,gene,0.0,True,Gene
559,10251,gene,0.0,True,Gene
560,10252,gene,0.0,True,Gene
561,10253,gene,0.0,True,Gene
562,10254,gene,0.0,True,Gene
563,10256,gene,0.0,True,Gene
564,10257,gene,0.0,True,Gene
565,1026,gene,0.0,True,Gene
566,10260,gene,0.0,True,Gene
567,10261,gene,0.0,True,Gene
568,10262,gene,0.0,True,Gene
569,10263,gene,0.0,True,Gene
570,10265,gene,0.0,True,Gene
571,10266,gene,0.0,True,Gene
572,10267,gene,0.0,True,Gene
573,10268,gene,0.0,True,Gene
574,10269,gene,0.0,True,Gene
575,1027,gene,0.0,True,Gene
576,10270,gene,0.0,True,Gene
577,10272,gene,0.0,True,Gene
578,102723451,gene,0.0,True,Gene
579,102723475,gene,0.0,True,Gene
580,102723508,gene,0.0,True,Gene
581,102723547,gene,0.0,True,Gene
582,102723553,gene,0.0,True,Gene
583,102723555,gene,0.0,True,Gene
584,102723564,gene,0.0,True,Gene
585,102723623,gene,0.0,True,Gene
586,102723631,gene,0.0,True,Gene
587,102723680,gene,0.0,True,Gene
588,102723728,gene,0.0,True,Gene
589,102723737,gene,0.0,True,Gene
590,102723849,gene,0.0,True,Gene
591,102723859,gene,0.0,True,Gene
592,102723899,gene,0.0,True,Gene
593,102723996,gene,0.0,True,Gene
594,102724023,gene,0.0,True,Gene
595,102724101,gene,0.0,True,Gene
596,102724127,gene,0.0,True,Gene
597,102724159,gene,0.0,True,Gene
598,102724200,gene,0.0,True,Gene
599,102724428,gene,0.0,True,Gene
600,102724473,gene,0.0,True,Gene
601,102724485,gene,0.0,True,Gene
602,102724488,gene,0.0,True,Gene
603,102724536,gene,0.0,True,Gene
604,102724560,gene,0.0,True,Gene
605,102724594,gene,0.0,True,Gene
606,102724631,gene,0.0,True,Gene
607,102724652,gene,0.0,True,Gene
608,102724657,gene,0.0,True,Gene
609,102724737,gene,4.7268467,True,Gene
610,102724877,gene,0.0,True,Gene
611,102725191,gene,0.0,True,Gene
612,10273,gene,0.0,True,Gene
613,10274,gene,0.0,True,Gene
614,10276,gene,0.0,True,Gene
615,10277,gene,0.0,True,Gene
616,10278,gene,0.0,True,Gene
617,10279,gene,0.0,True,Gene
618,1028,gene,0.0,True,Gene
619,10280,gene,0.0,True,Gene
620,102800317,gene,0.0,True,Gene
621,10282,gene,0.0,True,Gene
622,10283,gene,0.0,True,Gene
623,10284,gene,0.0,True,Gene
624,10285,gene,0.0,True,Gene
625,10286,gene,0.0,True,Gene
626,10287,gene,0.0,True,Gene
627,10288,gene,0.0,True,Gene
628,10289,gene,0.0,True,Gene
629,1029,gene,0.0,True,Gene
630,10290,gene,0.0,True,Gene
631,10291,gene,0.0,True,Gene
632,10293,gene,0.0,True,Gene
633,10294,gene,0.0,True,Gene
634,10295,gene,0.0,True,Gene
635,10296,gene,0.0,True,Gene
636,10297,gene,0.0,True,Gene
637,10298,gene,0.0,True,Gene
638,10299,gene,0.0,True,Gene
639,103,gene,0.0,True,Gene
640,1030,gene,0.0,True,Gene
641,10300,gene,0.0,True,Gene
642,10302,gene,0.0,True,Gene
643,10307,gene,0.0,True,Gene
644,10308,gene,0.0,True,Gene
645,10309,gene,0.0,True,Gene
646,1031,gene,0.0,True,Gene
647,10311,gene,0.0,True,Gene
648,10312,gene,0.0,True,Gene
649,10313,gene,0.0,True,Gene
650,10314,gene,0.0,True,Gene
651,10316,gene,0.0,True,Gene
652,10317,gene,0.0,True,Gene
653,10318,gene,0.0,True,Gene
654,10319,gene,0.0,True,Gene
655,1032,gene,0.0,True,Gene
656,10320,gene,0.0,True,Gene
657,10321,gene,0.0,True,Gene
658,10322,gene,0.0,True,Gene
659,10324,gene,0.0,True,Gene
660,10325,gene,0.0,True,Gene
661,10326,gene,0.0,True,Gene
662,10327,gene,0.0,True,Gene
663,10328,gene,0.0,True,Gene
664,10329,gene,0.0,True,Gene
665,1033,gene,0.0,True,Gene
666,10330,gene,0.0,True,Gene
667,10331,gene,0.0,True,Gene
668,10332,gene,0.0,True,Gene
669,10333,gene,0.0,True,Gene
670,10335,gene,0.0,True,Gene
671,10336,gene,0.0,True,Gene
672,10342,gene,0.0,True,Gene
673,10343,gene,0.0,True,Gene
674,10344,gene,0.0,True,Gene
675,10345,gene,0.0,True,Gene
676,10346,gene,0.0,True,Gene
677,10347,gene,0.0,True,Gene
678,10349,gene,0.0,True,Gene
679,10350,gene,0.0,True,Gene
680,10351,gene,0.0,True,Gene
681,10352,gene,0.0,True,Gene
682,1036,gene,0.0,True,Gene
683,10360,gene,0.0,True,Gene
684,10361,gene,0.0,True,Gene
685,10362,gene,0.0,True,Gene
686,10363,gene,0.0,True,Gene
687,10365,gene,0.0,True,Gene
688,10367,gene,0.0,True,Gene
689,10368,gene,0.0,True,Gene
690,10369,gene,0.0,True,Gene
691,10370,gene,0.0,True,Gene
692,10371,gene,0.0,True,Gene
693,10376,gene,0.0,True,Gene
694,10379,gene,0.0,True,Gene
695,10380,gene,0.0,True,Gene
696,10381,gene,0.0,True,Gene
697,10382,gene,0.0,True,Gene
698,10383,gene,0.0,True,Gene
699,10384,gene,0.0,True,Gene
700,10385,gene,0.0,True,Gene
701,10388,gene,0.0,True,Gene
702,10389,gene,0.0,True,Gene
703,1039,gene,0.0,True,Gene
704,10390,gene,0.0,True,Gene
705,10391,gene,0.0,True,Gene
706,103910,gene,0.0,True,Gene
707,10392,gene,0.0,True,Gene
708,10393,gene,0.0,True,Gene
709,10394,gene,0.0,True,Gene
710,10395,gene,0.0,True,Gene
711,10396,gene,0.0,True,Gene
712,10397,gene,0.0,True,Gene
713,10398,gene,0.0,True,Gene
714,10399,gene,0.0,True,Gene
715,104,gene,0.0,True,Gene
716,1040,gene,0.0,True,Gene
717,10400,gene,0.0,True,Gene
718,10401,gene,0.0,True,Gene
719,10402,gene,0.0,True,Gene
720,10403,gene,0.0,True,Gene
721,10404,gene,0.0,True,Gene
722,10406,gene,0.0,True,Gene
723,10407,gene,0.0,True,Gene
724,10409,gene,0.0,True,Gene
725,1041,gene,0.0,True,Gene
726,10410,gene,0.0,True,Gene
727,10411,gene,0.0,True,Gene
728,10412,gene,0.0,True,Gene
729,10413,gene,0.0,True,Gene
730,10417,gene,0.0,True,Gene
731,10418,gene,0.0,True,Gene
732,10419,gene,0.0,True,Gene
733,10420,gene,0.0,True,Gene
734,10421,gene,0.0,True,Gene
735,10422,gene,0.0,True,Gene
736,10423,gene,0.0,True,Gene
737,10424,gene,0.0,True,Gene
738,10425,gene,0.0,True,Gene
739,10426,gene,0.0,True,Gene
740,10427,gene,0.0,True,Gene
741,10428,gene,0.0,True,Gene
742,1043,gene,0.0,True,Gene
743,10430,gene,0.0,True,Gene
744,10432,gene,0.0,True,Gene
745,104326056,gene,0.0,True,Gene
746,10434,gene,0.0,True,Gene
747,10435,gene,0.0,True,Gene
748,10436,gene,0.0,True,Gene
749,10437,gene,0.0,True,Gene
750,10438,gene,0.0,True,Gene
751,10439,gene,0.0,True,Gene
752,1044,gene,0.0,True,Gene
753,10440,gene,0.0,True,Gene
754,10443,gene,0.0,True,Gene
755,10444,gene,0.0,True,Gene
756,10445,gene,0.0,True,Gene
757,10446,gene,0.0,True,Gene
758,10447,gene,0.0,True,Gene
759,10449,gene,0.0,True,Gene
760,1045,gene,0.0,True,Gene
761,10450,gene,0.0,True,Gene
762,10451,gene,0.0,True,Gene
763,10452,gene,0.0,True,Gene
764,10454,gene,0.0,True,Gene
765,10455,gene,0.0,True,Gene
766,10456,gene,0.0,True,Gene
767,10457,gene,0.0,True,Gene
768,10458,gene,0.0,True,Gene
769,10459,gene,0.0,True,Gene
770,1046,gene,0.0,True,Gene
771,10460,gene,0.0,True,Gene
772,10461,gene,0.0,True,Gene
773,10462,gene,0.0,True,Gene
774,10463,gene,0.0,True,Gene
775,10464,gene,0.0,True,Gene
776,10465,gene,0.0,True,Gene
777,10466,gene,0.0,True,Gene
778,10467,gene,0.0,True,Gene
779,10468,gene,0.0,True,Gene
780,10469,gene,0.0,True,Gene
781,1047,gene,0.0,True,Gene
782,10471,gene,0.0,True,Gene
783,10472,gene,0.0,True,Gene
784,10473,gene,0.0,True,Gene
785,10474,gene,0.0,True,Gene
786,10475,gene,0.0,True,Gene
787,10476,gene,0.0,True,Gene
788,10477,gene,0.0,True,Gene
789,10478,gene,0.0,True,Gene
790,10479,gene,0.0,True,Gene
791,1048,gene,0.0,True,Gene
792,10480,gene,0.0,True,Gene
793,10481,gene,0.0,True,Gene
794,10482,gene,0.0,True,Gene
795,10483,gene,0.0,True,Gene
796,10484,gene,0.0,True,Gene
797,10486,gene,0.0,True,Gene
798,10487,gene,0.0,True,Gene
799,10488,gene,0.0,True,Gene
800,10489,gene,0.0,True,Gene
801,10490,gene,0.0,True,Gene
802,104909134,gene,0.0,True,Gene
803,10491,gene,0.0,True,Gene
804,10492,gene,0.0,True,Gene
805,10493,gene,0.0,True,Gene
806,10494,gene,0.0,True,Gene
807,10495,gene,0.0,True,Gene
808,10497,gene,0.0,True,Gene
809,10498,gene,0.0,True,Gene
810,10499,gene,1.0348582,True,Gene
811,105,gene,0.0,True,Gene
812,1050,gene,0.0,True,Gene
813,10500,gene,0.0,True,Gene
814,10501,gene,0.0,True,Gene
815,10505,gene,0.0,True,Gene
816,10507,gene,0.0,True,Gene
817,10509,gene,0.0,True,Gene
818,1051,gene,0.0,True,Gene
819,10512,gene,0.0,True,Gene
820,10513,gene,0.0,True,Gene
821,10514,gene,0.0,True,Gene
822,10516,gene,0.0,True,Gene
823,10517,gene,0.0,True,Gene
824,10518,gene,0.0,True,Gene
825,105180390,gene,0.0,True,Gene
826,105180391,gene,0.0,True,Gene
827,10519,gene,0.0,True,Gene
828,1052,gene,0.0,True,Gene
829,10520,gene,0.0,True,Gene
830,10521,gene,0.0,True,Gene
831,10522,gene,0.0,True,Gene
832,10523,gene,0.0,True,Gene
833,10524,gene,0.0,True,Gene
834,10525,gene,0.0,True,Gene
835,10526,gene,0.0,True,Gene
836,10527,gene,0.0,True,Gene
837,10528,gene,0.0,True,Gene
838,10529,gene,0.0,True,Gene
839,1053,gene,0.0,True,Gene
840,10531,gene,0.0,True,Gene
841,10533,gene,0.0,True,Gene
842,10534,gene,0.0,True,Gene
843,10535,gene,0.0,True,Gene
844,10536,gene,0.0,True,Gene
845,10537,gene,0.0,True,Gene
846,105371045,gene,0.0,True,Gene
847,105371242,gene,0.0,True,Gene
848,105371267,gene,0.0,True,Gene
849,105371346,gene,0.0,True,Gene
850,105372267,gene,0.0,True,Gene
851,105372280,gene,0.0,True,Gene
852,105372440,gene,0.0,True,Gene
853,105372481,gene,0.0,True,Gene
854,105373251,gene,0.0,True,Gene
855,105373297,gene,0.0,True,Gene
856,105373377,gene,0.0,True,Gene
857,105375355,gene,0.0,True,Gene
858,105375795,gene,0.0,True,Gene
859,105376230,gene,0.0,True,Gene
860,105376752,gene,0.0,True,Gene
861,105377321,gene,0.0,True,Gene
862,105378220,gene,0.0,True,Gene
863,105378696,gene,0.0,True,Gene
864,105378803,gene,0.0,True,Gene
865,105378952,gene,0.0,True,Gene
866,105379199,gene,0.0,True,Gene
867,10538,gene,0.0,True,Gene
868,10539,gene,0.0,True,Gene
869,1054,gene,0.0,True,Gene
870,10540,gene,0.0,True,Gene
871,10541,gene,0.0,True,Gene
872,10542,gene,0.0,True,Gene
873,10544,gene,0.0,True,Gene
874,10548,gene,0.0,True,Gene
875,10549,gene,0.0,True,Gene
876,10550,gene,0.0,True,Gene
877,10551,gene,0.0,True,Gene
878,10552,gene,0.0,True,Gene
879,10553,gene,0.0,True,Gene
880,10554,gene,0.0,True,Gene
881,10555,gene,0.0,True,Gene
882,10556,gene,0.0,True,Gene
883,10557,gene,0.0,True,Gene
884,10558,gene,0.0,True,Gene
885,10559,gene,0.0,True,Gene
886,1056,gene,0.0,True,Gene
887,10560,gene,0.0,True,Gene
888,10561,gene,0.0,True,Gene
889,10562,gene,0.0,True,Gene
890,10563,gene,0.0,True,Gene
891,10564,gene,0.0,True,Gene
892,10565,gene,0.0,True,Gene
893,10566,gene,0.0,True,Gene
894,10567,gene,0.0,True,Gene
895,10568,gene,0.0,True,Gene
896,10569,gene,0.0,True,Gene
897,10570,gene,0.0,True,Gene
898,10572,gene,0.0,True,Gene
899,10573,gene,0.0,True,Gene
900,10574,gene,0.0,True,Gene
901,10575,gene,0.0,True,Gene
902,10576,gene,0.0,True,Gene
903,10577,gene,0.0,True,Gene
904,10578,gene,0.0,True,Gene
905,10579,gene,0.0,True,Gene
906,1058,gene,0.0,True,Gene
907,10580,gene,0.0,True,Gene
908,10581,gene,0.0,True,Gene
909,10584,gene,0.0,True,Gene
910,10585,gene,0.0,True,Gene
911,10586,gene,0.0,True,Gene
912,10587,gene,0.0,True,Gene
913,10588,gene,0.0,True,Gene
914,10589,gene,0.0,True,Gene
915,1059,gene,0.0,True,Gene
916,10590,gene,0.0,True,Gene
917,10591,gene,0.0,True,Gene
918,10592,gene,0.0,True,Gene
919,10594,gene,0.0,True,Gene
920,10595,gene,0.0,True,Gene
921,10597,gene,0.0,True,Gene
922,10598,gene,0.0,True,Gene
923,10599,gene,0.0,True,Gene
924,1060,gene,0.0,True,Gene
925,10600,gene,0.0,True,Gene
926,10602,gene,0.0,True,Gene
927,10603,gene,0.0,True,Gene
928,10605,gene,0.0,True,Gene
929,10606,gene,0.0,True,Gene
930,10607,gene,0.0,True,Gene
931,10608,gene,0.0,True,Gene
932,10609,gene,0.0,True,Gene
933,10610,gene,0.0,True,Gene
934,10611,gene,0.0,True,Gene
935,10612,gene,0.0,True,Gene
936,10613,gene,0.0,True,Gene
937,10614,gene,0.0,True,Gene
938,10615,gene,0.0,True,Gene
939,10616,gene,0.0,True,Gene
940,10617,gene,0.0,True,Gene
941,10618,gene,0.0,True,Gene
942,1062,gene,0.0,True,Gene
943,10620,gene,0.0,True,Gene
944,10621,gene,0.0,True,Gene
945,10622,gene,0.0,True,Gene
946,10623,gene,0.0,True,Gene
947,10625,gene,0.0,True,Gene
948,10626,gene,0.0,True,Gene
949,10627,gene,0.0,True,Gene
950,10628,gene,0.0,True,Gene
951,10629,gene,0.0,True,Gene
952,1063,gene,0.0,True,Gene
953,10630,gene,0.0,True,Gene
954,10631,gene,0.0,True,Gene
955,10632,gene,0.0,True,Gene
956,10633,gene,0.0,True,Gene
957,10634,gene,0.0,True,Gene
958,10635,gene,0.0,True,Gene
959,10636,gene,0.0,True,Gene
960,10637,gene,0.0,True,Gene
961,10640,gene,0.0,True,Gene
962,10641,gene,0.0,True,Gene
963,10642,gene,0.0,True,Gene
964,10643,gene,0.0,True,Gene
965,10644,gene,0.0,True,Gene
966,10645,gene,0.0,True,Gene
967,10647,gene,0.0,True,Gene
968,10648,gene,0.0,True,Gene
969,10650,gene,0.0,True,Gene
970,10651,gene,0.0,True,Gene
971,10652,gene,0.0,True,Gene
972,10653,gene,0.0,True,Gene
973,10654,gene,0.0,True,Gene
974,10655,gene,0.0,True,Gene
975,10656,gene,0.0,True,Gene
976,10657,gene,0.0,True,Gene
977,10658,gene,0.0,True,Gene
978,10659,gene,0.0,True,Gene
979,1066,gene,0.0,True,Gene
980,10660,gene,0.0,True,Gene
981,10661,gene,0.0,True,Gene
982,10663,gene,0.0,True,Gene
983,10664,gene,0.0,True,Gene
984,10665,gene,0.0,True,Gene
985,10666,gene,0.0,True,Gene
986,10667,gene,0.0,True,Gene
987,10668,gene,0.0,True,Gene
988,10669,gene,0.0,True,Gene
989,10670,gene,0.0,True,Gene
990,106707243,gene,0.0,True,Gene
991,10671,gene,0.0,True,Gene
992,10672,gene,0.0,True,Gene
993,10673,gene,0.0,True,Gene
994,10675,gene,0.0,True,Gene
995,10677,gene,0.0,True,Gene
996,10678,gene,0.0,True,Gene
997,1068,gene,0.0,True,Gene
998,10681,gene,0.0,True,Gene
999,10682,gene,0.0,True,Gene
1000,106821730,gene,0.0,True,Gene
1001,10683,gene,0.0,True,Gene
1002,10686,gene,0.0,True,Gene
1003,106865373,gene,0.0,True,Gene
1004,10687,gene,0.0,True,Gene
1005,1069,gene,0.0,True,Gene
1006,10690,gene,0.0,True,Gene
1007,10691,gene,0.0,True,Gene
1008,10692,gene,0.0,True,Gene
1009,10693,gene,0.0,True,Gene
1010,10694,gene,0.0,True,Gene
1011,10695,gene,0.0,True,Gene
1012,10699,gene,0.0,True,Gene
1013,107,gene,0.0,True,Gene
1014,1070,gene,0.0,True,Gene
1015,107080638,gene,0.0,True,Gene
1016,1071,gene,0.0,True,Gene
1017,10712,gene,0.0,True,Gene
1018,10713,gene,0.0,True,Gene
1019,10714,gene,0.0,True,Gene
1020,10715,gene,0.0,True,Gene
1021,10716,gene,0.0,True,Gene
1022,10717,gene,0.0,True,Gene
1023,10718,gene,0.0,True,Gene
1024,107181291,gene,0.0,True,Gene
1025,1072,gene,0.0,True,Gene
1026,10720,gene,0.0,True,Gene
1027,10721,gene,0.0,True,Gene
1028,10723,gene,0.0,True,Gene
1029,10724,gene,0.0,True,Gene
1030,10725,gene,0.0,True,Gene
1031,10726,gene,0.0,True,Gene
1032,10728,gene,0.0,True,Gene
1033,1073,gene,0.0,True,Gene
1034,10730,gene,0.0,True,Gene
1035,10732,gene,0.0,True,Gene
1036,10733,gene,0.0,True,Gene
1037,10734,gene,0.0,True,Gene
1038,10735,gene,0.0,True,Gene
1039,10736,gene,0.0,True,Gene
1040,10738,gene,0.0,True,Gene
1041,10739,gene,0.0,True,Gene
1042,10741,gene,0.0,True,Gene
1043,10742,gene,0.0,True,Gene
1044,10743,gene,0.0,True,Gene
1045,10744,gene,0.0,True,Gene
1046,10745,gene,0.0,True,Gene
1047,10746,gene,0.0,True,Gene
1048,10747,gene,0.0,True,Gene
1049,10749,gene,0.0,True,Gene
1050,1075,gene,0.0,True,Gene
1051,10750,gene,0.0,True,Gene
1052,10752,gene,0.0,True,Gene
1053,10753,gene,0.0,True,Gene
1054,10755,gene,0.0,True,Gene
1055,10758,gene,0.0,True,Gene
1056,10761,gene,0.0,True,Gene
1057,10762,gene,0.0,True,Gene
1058,10763,gene,0.0,True,Gene
1059,10765,gene,0.0,True,Gene
1060,10766,gene,0.0,True,Gene
1061,10767,gene,0.0,True,Gene
1062,10768,gene,0.0,True,Gene
1063,10769,gene,0.0,True,Gene
1064,10771,gene,0.0,True,Gene
1065,10772,gene,0.0,True,Gene
1066,10773,gene,0.0,True,Gene
1067,10775,gene,0.0,True,Gene
1068,10776,gene,0.0,True,Gene
1069,10777,gene,0.0,True,Gene
1070,10780,gene,0.0,True,Gene
1071,10781,gene,0.0,True,Gene
1072,10782,gene,0.0,True,Gene
1073,10783,gene,0.0,True,Gene
1074,10785,gene,0.0,True,Gene
1075,10786,gene,0.0,True,Gene
1076,10787,gene,0.0,True,Gene
1077,10788,gene,0.0,True,Gene
1078,10791,gene,0.0,True,Gene
1079,10793,gene,0.0,True,Gene
1080,10794,gene,0.0,True,Gene
1081,10795,gene,0.0,True,Gene
1082,10797,gene,0.0,True,Gene
1083,107983987,gene,0.0,True,Gene
1084,107983988,gene,0.0,True,Gene
1085,107983993,gene,0.0,True,Gene
1086,107984345,gene,0.0,True,Gene
1087,107984365,gene,0.0,True,Gene
1088,107984640,gene,0.0,True,Gene
1089,107985194,gene,0.0,True,Gene
1090,107986375,gene,0.0,True,Gene
1091,107986768,gene,0.0,True,Gene
1092,107986818,gene,0.0,True,Gene
1093,107986837,gene,0.0,True,Gene
1094,107987155,gene,0.0,True,Gene
1095,10799,gene,0.0,True,Gene
1096,108,gene,0.0,True,Gene
1097,1080,gene,0.0,True,Gene
1098,10800,gene,0.0,True,Gene
1099,10801,gene,0.0,True,Gene
1100,10802,gene,0.0,True,Gene
1101,10803,gene,0.0,True,Gene
1102,10804,gene,0.0,True,Gene
1103,10806,gene,0.0,True,Gene
1104,10807,gene,0.0,True,Gene
1105,10808,gene,0.0,True,Gene
1106,10809,gene,0.0,True,Gene
1107,1081,gene,0.0,True,Gene
1108,10810,gene,0.0,True,Gene
1109,10811,gene,0.0,True,Gene
1110,10813,gene,0.0,True,Gene
1111,10814,gene,0.0,True,Gene
1112,10815,gene,0.0,True,Gene
1113,10816,gene,0.0,True,Gene
1114,10817,gene,0.0,True,Gene
1115,10818,gene,0.0,True,Gene
1116,1082,gene,0.0,True,Gene
1117,10825,gene,0.0,True,Gene
1118,10826,gene,0.0,True,Gene
1119,10827,gene,0.0,True,Gene
1120,10838,gene,0.0,True,Gene
1121,1084,gene,0.0,True,Gene
1122,10840,gene,0.0,True,Gene
1123,10841,gene,0.0,True,Gene
1124,10842,gene,0.0,True,Gene
1125,10844,gene,0.0,True,Gene
1126,10845,gene,0.0,True,Gene
1127,10846,gene,0.0,True,Gene
1128,10847,gene,0.0,True,Gene
1129,10848,gene,0.0,True,Gene
1130,10849,gene,0.0,True,Gene
1131,10850,gene,0.0,True,Gene
1132,10855,gene,0.0,True,Gene
1133,10856,gene,0.0,True,Gene
1134,10857,gene,0.0,True,Gene
1135,10858,gene,0.0,True,Gene
1136,10859,gene,0.0,True,Gene
1137,10861,gene,0.0,True,Gene
1138,10863,gene,0.0,True,Gene
1139,10864,gene,0.0,True,Gene
1140,10865,gene,0.0,True,Gene
1141,10867,gene,0.0,True,Gene
1142,10868,gene,0.0,True,Gene
1143,10869,gene,0.0,True,Gene
1144,1087,gene,0.0,True,Gene
1145,10870,gene,0.0,True,Gene
1146,10871,gene,0.0,True,Gene
1147,10873,gene,0.0,True,Gene
1148,10874,gene,0.0,True,Gene
1149,10875,gene,0.0,True,Gene
1150,10876,gene,0.0,True,Gene
1151,10877,gene,0.0,True,Gene
1152,10878,gene,0.0,True,Gene
1153,10879,gene,0.0,True,Gene
1154,1088,gene,0.0,True,Gene
1155,10880,gene,0.0,True,Gene
1156,10881,gene,0.0,True,Gene
1157,10882,gene,0.0,True,Gene
1158,10884,gene,0.0,True,Gene
1159,10885,gene,0.0,True,Gene
1160,10886,gene,0.0,True,Gene
1161,10887,gene,0.0,True,Gene
1162,10888,gene,0.0,True,Gene
1163,1089,gene,0.0,True,Gene
1164,10890,gene,0.0,True,Gene
1165,10891,gene,0.0,True,Gene
1166,10892,gene,0.0,True,Gene
1167,10893,gene,0.0,True,Gene
1168,10894,gene,0.0,True,Gene
1169,10897,gene,0.0,True,Gene
1170,10898,gene,0.0,True,Gene
1171,10899,gene,0.0,True,Gene
1172,109,gene,0.0,True,Gene
1173,10900,gene,0.0,True,Gene
1174,10901,gene,0.0,True,Gene
1175,10902,gene,0.0,True,Gene
1176,10903,gene,0.0,True,Gene
1177,10904,gene,0.0,True,Gene
1178,10905,gene,0.0,True,Gene
1179,10906,gene,0.0,True,Gene
1180,10907,gene,0.0,True,Gene
1181,10908,gene,0.0,True,Gene
1182,10910,gene,0.0,True,Gene
1183,10911,gene,0.0,True,Gene
1184,10912,gene,0.0,True,Gene
1185,10913,gene,0.0,True,Gene
1186,10914,gene,0.0,True,Gene
1187,10915,gene,0.0,True,Gene
1188,10916,gene,0.0,True,Gene
1189,10917,gene,0.0,True,Gene
1190,10919,gene,0.0,True,Gene
1191,10920,gene,0.0,True,Gene
1192,10921,gene,0.0,True,Gene
1193,10922,gene,0.0,True,Gene
1194,10923,gene,0.0,True,Gene
1195,10924,gene,0.0,True,Gene
1196,10926,gene,0.0,True,Gene
1197,10927,gene,0.0,True,Gene
1198,10928,gene,0.0,True,Gene
1199,10929,gene,0.0,True,Gene
1200,10930,gene,0.0,True,Gene
1201,10933,gene,0.0,True,Gene
1202,10935,gene,0.0,True,Gene
1203,10936,gene,0.0,True,Gene
1204,10938,gene,0.0,True,Gene
1205,10939,gene,0.0,True,Gene
1206,10940,gene,0.0,True,Gene
1207,10941,gene,0.0,True,Gene
1208,10942,gene,0.0,True,Gene
1209,10943,gene,0.0,True,Gene
1210,10944,gene,0.0,True,Gene
1211,10945,gene,0.0,True,Gene
1212,10946,gene,0.0,True,Gene
1213,10947,gene,0.0,True,Gene
1214,10948,gene,0.0,True,Gene
1215,10949,gene,0.0,True,Gene
1216,10950,gene,0.0,True,Gene
1217,109504726,gene,0.0,True,Gene
1218,10951,gene,0.0,True,Gene
1219,10952,gene,0.0,True,Gene
1220,10953,gene,0.0,True,Gene
1221,10954,gene,0.0,True,Gene
1222,10955,gene,0.0,True,Gene
1223,10956,gene,0.0,True,Gene
1224,10957,gene,0.0,True,Gene
1225,10959,gene,0.0,True,Gene
1226,10960,gene,0.0,True,Gene
1227,10961,gene,0.0,True,Gene
1228,10962,gene,0.0,True,Gene
1229,10963,gene,0.0,True,Gene
1230,10964,gene,0.0,True,Gene
1231,10965,gene,0.0,True,Gene
1232,10966,gene,0.0,True,Gene
1233,10969,gene,0.0,True,Gene
1234,10970,gene,0.0,True,Gene
1235,109703458,gene,0.0,True,Gene
1236,10971,gene,0.0,True,Gene
1237,10972,gene,0.0,True,Gene
1238,109729126,gene,0.0,True,Gene
1239,10973,gene,0.0,True,Gene
1240,10974,gene,0.0,True,Gene
1241,10975,gene,0.0,True,Gene
1242,10978,gene,0.0,True,Gene
1243,10979,gene,0.0,True,Gene
1244,10980,gene,0.0,True,Gene
1245,10981,gene,0.0,True,Gene
1246,10982,gene,0.0,True,Gene
1247,10983,gene,0.0,True,Gene
1248,10985,gene,0.0,True,Gene
1249,10987,gene,0.0,True,Gene
1250,10988,gene,0.0,True,Gene
1251,10989,gene,0.0,True,Gene
1252,10990,gene,0.0,True,Gene
1253,10991,gene,0.0,True,Gene
1254,10992,gene,0.0,True,Gene
1255,10993,gene,0.0,True,Gene
1256,10994,gene,0.0,True,Gene
1257,10998,gene,0.0,True,Gene
1258,10999,gene,0.0,True,Gene
1259,11000,gene,0.0,True,Gene
1260,11001,gene,0.0,True,Gene
1261,11004,gene,0.0,True,Gene
1262,11005,gene,0.0,True,Gene
1263,11006,gene,0.0,True,Gene
1264,11007,gene,0.0,True,Gene
1265,11009,gene,0.0,True,Gene
1266,110091775,gene,0.0,True,Gene
1267,1101,gene,0.0,True,Gene
1268,11010,gene,0.0,True,Gene
1269,11011,gene,0.0,True,Gene
1270,110117498,gene,0.0,True,Gene
1271,110117499,gene,0.0,True,Gene
1272,11012,gene,0.0,True,Gene
1273,11013,gene,0.0,True,Gene
1274,11014,gene,0.0,True,Gene
1275,11015,gene,0.0,True,Gene
1276,11016,gene,0.0,True,Gene
1277,11017,gene,0.0,True,Gene
1278,11018,gene,0.0,True,Gene
1279,11019,gene,0.0,True,Gene
1280,1102,gene,0.0,True,Gene
1281,11020,gene,0.0,True,Gene
1282,11021,gene,0.0,True,Gene
1283,11022,gene,0.0,True,Gene
1284,11023,gene,0.0,True,Gene
1285,11024,gene,0.0,True,Gene
1286,11025,gene,0.0,True,Gene
1287,11027,gene,0.0,True,Gene
1288,1103,gene,0.0,True,Gene
1289,11030,gene,0.0,True,Gene
1290,11031,gene,0.0,True,Gene
1291,11033,gene,0.0,True,Gene
1292,11034,gene,0.0,True,Gene
1293,11035,gene,0.0,True,Gene
1294,11036,gene,0.0,True,Gene
1295,11037,gene,0.0,True,Gene
1296,1104,gene,0.0,True,Gene
1297,11040,gene,0.0,True,Gene
1298,11041,gene,0.0,True,Gene
1299,11043,gene,0.0,True,Gene
1300,11044,gene,0.0,True,Gene
1301,11045,gene,0.0,True,Gene
1302,11046,gene,0.0,True,Gene
1303,11047,gene,0.0,True,Gene
1304,1105,gene,0.0,True,Gene
1305,11051,gene,0.0,True,Gene
1306,11052,gene,0.0,True,Gene
1307,11054,gene,0.0,True,Gene
1308,11055,gene,0.0,True,Gene
1309,11056,gene,0.0,True,Gene
1310,11057,gene,0.0,True,Gene
1311,11059,gene,0.0,True,Gene
1312,110599563,gene,0.0,True,Gene
1313,110599564,gene,0.0,True,Gene
1314,110599583,gene,0.0,True,Gene
1315,110599588,gene,0.0,True,Gene
1316,1106,gene,0.0,True,Gene
1317,11060,gene,0.0,True,Gene
1318,11061,gene,0.0,True,Gene
1319,11062,gene,0.0,True,Gene
1320,11063,gene,0.0,True,Gene
1321,11064,gene,0.0,True,Gene
1322,11065,gene,0.0,True,Gene
1323,11066,gene,0.0,True,Gene
1324,11067,gene,0.0,True,Gene
1325,11068,gene,0.0,True,Gene
1326,11069,gene,0.0,True,Gene
1327,1107,gene,0.0,True,Gene
1328,11070,gene,0.0,True,Gene
1329,11072,gene,0.0,True,Gene
1330,11073,gene,0.0,True,Gene
1331,11074,gene,0.0,True,Gene
1332,11075,gene,0.0,True,Gene
1333,11076,gene,0.0,True,Gene
1334,11077,gene,0.0,True,Gene
1335,11078,gene,0.0,True,Gene
1336,11079,gene,0.0,True,Gene
1337,1108,gene,0.0,True,Gene
1338,11080,gene,0.0,True,Gene
1339,110806277,gene,0.0,True,Gene
1340,110806278,gene,0.0,True,Gene
1341,110806280,gene,0.0,True,Gene
1342,110806290,gene,0.0,True,Gene
1343,110806296,gene,0.0,True,Gene
1344,110806298,gene,0.0,True,Gene
1345,110806299,gene,0.0,True,Gene
1346,11081,gene,0.0,True,Gene
1347,11082,gene,0.0,True,Gene
1348,11083,gene,0.0,True,Gene
1349,11085,gene,0.0,True,Gene
1350,11086,gene,0.0,True,Gene
1351,1109,gene,0.0,True,Gene
1352,11091,gene,0.0,True,Gene
1353,11092,gene,0.0,True,Gene
1354,11093,gene,0.0,True,Gene
1355,11094,gene,0.0,True,Gene
1356,11095,gene,0.0,True,Gene
1357,11096,gene,0.0,True,Gene
1358,11097,gene,0.0,True,Gene
1359,11098,gene,0.0,True,Gene
1360,11099,gene,0.0,True,Gene
1361,111,gene,0.0,True,Gene
1362,11100,gene,0.0,True,Gene
1363,11101,gene,0.0,True,Gene
1364,11102,gene,0.0,True,Gene
1365,11103,gene,0.0,True,Gene
1366,11104,gene,0.0,True,Gene
1367,11105,gene,0.0,True,Gene
1368,111064649,gene,0.0,True,Gene
1369,111064650,gene,0.0,True,Gene
1370,11107,gene,0.0,True,Gene
1371,11108,gene,0.0,True,Gene
1372,1111,gene,0.0,True,Gene
1373,11112,gene,0.0,True,Gene
1374,11113,gene,0.0,True,Gene
1375,11116,gene,0.0,True,Gene
1376,11117,gene,0.0,True,Gene
1377,11118,gene,0.0,True,Gene
1378,111188157,gene,0.0,True,Gene
1379,11119,gene,0.0,True,Gene
1380,1112,gene,0.0,True,Gene
1381,11120,gene,0.0,True,Gene
1382,111216276,gene,0.0,True,Gene
1383,111216277,gene,0.0,True,Gene
1384,11122,gene,0.0,True,Gene
1385,11123,gene,0.0,True,Gene
1386,11124,gene,0.0,True,Gene
1387,11126,gene,0.0,True,Gene
1388,11127,gene,0.0,True,Gene
1389,11128,gene,0.0,True,Gene
1390,11129,gene,0.0,True,Gene
1391,1113,gene,0.0,True,Gene
1392,11130,gene,0.0,True,Gene
1393,11131,gene,0.0,True,Gene
1394,11132,gene,0.0,True,Gene
1395,11133,gene,0.0,True,Gene
1396,11135,gene,0.0,True,Gene
1397,11136,gene,0.0,True,Gene
1398,11137,gene,0.0,True,Gene
1399,11138,gene,0.0,True,Gene
1400,1114,gene,0.0,True,Gene
1401,11140,gene,0.0,True,Gene
1402,11141,gene,0.0,True,Gene
1403,11142,gene,0.0,True,Gene
1404,11143,gene,0.0,True,Gene
1405,11144,gene,0.0,True,Gene
1406,11145,gene,0.0,True,Gene
1407,11146,gene,0.0,True,Gene
1408,11148,gene,0.0,True,Gene
1409,11149,gene,0.0,True,Gene
1410,11151,gene,0.0,True,Gene
1411,11152,gene,0.0,True,Gene
1412,11153,gene,0.0,True,Gene
1413,11154,gene,0.0,True,Gene
1414,11155,gene,0.0,True,Gene
1415,11156,gene,0.0,True,Gene
1416,11157,gene,0.0,True,Gene
1417,11158,gene,0.0,True,Gene
1418,11159,gene,0.0,True,Gene
1419,1116,gene,0.0,True,Gene
1420,11160,gene,0.0,True,Gene
1421,11161,gene,0.0,True,Gene
1422,11162,gene,0.0,True,Gene
1423,11163,gene,0.0,True,Gene
1424,11164,gene,0.0,True,Gene
1425,111644133,gene,0.0,True,Gene
1426,11165,gene,0.0,True,Gene
1427,11166,gene,0.0,True,Gene
1428,11167,gene,0.0,True,Gene
1429,11168,gene,0.0,True,Gene
1430,11169,gene,0.0,True,Gene
1431,1117,gene,0.0,True,Gene
1432,11170,gene,0.0,True,Gene
1433,11171,gene,0.0,True,Gene
1434,11172,gene,0.0,True,Gene
1435,11173,gene,0.0,True,Gene
1436,11174,gene,0.0,True,Gene
1437,11176,gene,0.0,True,Gene
1438,11177,gene,0.0,True,Gene
1439,11178,gene,0.0,True,Gene
1440,11179,gene,0.0,True,Gene
1441,1118,gene,0.0,True,Gene
1442,11180,gene,0.0,True,Gene
1443,11181,gene,0.0,True,Gene
1444,11182,gene,0.0,True,Gene
1445,11183,gene,0.0,True,Gene
1446,11184,gene,0.0,True,Gene
1447,11185,gene,0.0,True,Gene
1448,11186,gene,0.0,True,Gene
1449,11187,gene,0.0,True,Gene
1450,11188,gene,0.0,True,Gene
1451,11189,gene,0.0,True,Gene
1452,1119,gene,0.0,True,Gene
1453,11190,gene,0.0,True,Gene
1454,11193,gene,0.0,True,Gene
1455,11194,gene,0.0,True,Gene
1456,11196,gene,0.0,True,Gene
1457,11197,gene,0.0,True,Gene
1458,11198,gene,0.0,True,Gene
1459,11199,gene,0.0,True,Gene
1460,112,gene,0.0,True,Gene
1461,1120,gene,0.0,True,Gene
1462,11200,gene,0.0,True,Gene
1463,11201,gene,0.0,True,Gene
1464,11202,gene,0.0,True,Gene
1465,1121,gene,0.0,True,Gene
1466,11211,gene,0.0,True,Gene
1467,11212,gene,0.0,True,Gene
1468,11213,gene,0.0,True,Gene
1469,11214,gene,0.0,True,Gene
1470,11215,gene,0.0,True,Gene
1471,11216,gene,0.0,True,Gene
1472,112163659,gene,0.0,True,Gene
1473,11218,gene,0.0,True,Gene
1474,11219,gene,0.0,True,Gene
1475,1122,gene,0.0,True,Gene
1476,11221,gene,0.0,True,Gene
1477,11222,gene,0.0,True,Gene
1478,11224,gene,0.0,True,Gene
1479,11226,gene,0.0,True,Gene
1480,112267897,gene,0.0,True,Gene
1481,112268164,gene,0.0,True,Gene
1482,112268293,gene,0.0,True,Gene
1483,11227,gene,0.0,True,Gene
1484,11228,gene,0.0,True,Gene
1485,1123,gene,0.0,True,Gene
1486,11230,gene,0.0,True,Gene
1487,11231,gene,0.0,True,Gene
1488,11232,gene,0.0,True,Gene
1489,11234,gene,0.0,True,Gene
1490,11235,gene,0.0,True,Gene
1491,11236,gene,0.0,True,Gene
1492,11237,gene,0.0,True,Gene
1493,11238,gene,0.0,True,Gene
1494,112398,gene,0.0,True,Gene
1495,112399,gene,0.0,True,Gene
1496,1124,gene,0.0,True,Gene
1497,11240,gene,0.0,True,Gene
1498,11243,gene,0.0,True,Gene
1499,11244,gene,0.0,True,Gene
1500,112441428,gene,0.0,True,Gene
1501,112441429,gene,0.0,True,Gene
1502,112441430,gene,0.0,True,Gene
1503,112441431,gene,0.0,True,Gene
1504,112441432,gene,0.0,True,Gene
1505,112441434,gene,0.0,True,Gene
1506,112441435,gene,0.0,True,Gene
1507,112441436,gene,0.0,True,Gene
1508,112441437,gene,0.0,True,Gene
1509,112441438,gene,0.0,True,Gene
1510,11245,gene,0.0,True,Gene
1511,112464,gene,0.0,True,Gene
1512,11247,gene,0.0,True,Gene
1513,112476,gene,0.0,True,Gene
1514,112479,gene,0.0,True,Gene
1515,11248,gene,0.0,True,Gene
1516,112483,gene,0.0,True,Gene
1517,112487,gene,0.0,True,Gene
1518,112488736,gene,0.0,True,Gene
1519,112488737,gene,0.0,True,Gene
1520,112488738,gene,0.0,True,Gene
1521,112488739,gene,0.0,True,Gene
1522,112488740,gene,0.0,True,Gene
1523,112488745,gene,0.0,True,Gene
1524,112488747,gene,0.0,True,Gene
1525,11249,gene,0.0,True,Gene
1526,112495,gene,0.0,True,Gene
1527,11250,gene,0.0,True,Gene
1528,11251,gene,0.0,True,Gene
1529,11252,gene,0.0,True,Gene
1530,11253,gene,0.0,True,Gene
1531,11254,gene,0.0,True,Gene
1532,11255,gene,0.0,True,Gene
1533,112574,gene,0.0,True,Gene
1534,112577461,gene,0.0,True,Gene
1535,112577462,gene,0.0,True,Gene
1536,112577516,gene,0.0,True,Gene
1537,11258,gene,0.0,True,Gene
1538,11259,gene,0.0,True,Gene
1539,11260,gene,0.0,True,Gene
1540,112609,gene,0.0,True,Gene
1541,11261,gene,0.0,True,Gene
1542,112611,gene,0.0,True,Gene
1543,112616,gene,0.0,True,Gene
1544,11262,gene,0.0,True,Gene
1545,11264,gene,0.0,True,Gene
1546,11266,gene,0.0,True,Gene
1547,11267,gene,0.0,True,Gene
1548,11269,gene,0.0,True,Gene
1549,112694756,gene,0.0,True,Gene
1550,11270,gene,0.0,True,Gene
1551,112703,gene,0.0,True,Gene
1552,112714,gene,0.0,True,Gene
1553,11272,gene,0.0,True,Gene
1554,112724,gene,0.0,True,Gene
1555,11273,gene,0.0,True,Gene
1556,11274,gene,0.0,True,Gene
1557,112744,gene,0.0,True,Gene
1558,11275,gene,0.0,True,Gene
1559,112752,gene,0.0,True,Gene
1560,112755,gene,0.0,True,Gene
1561,11276,gene,0.0,True,Gene
1562,11277,gene,0.0,True,Gene
1563,112770,gene,0.0,True,Gene
1564,11278,gene,0.0,True,Gene
1565,11279,gene,0.0,True,Gene
1566,1128,gene,0.0,True,Gene
1567,11280,gene,0.0,True,Gene
1568,112802,gene,0.0,True,Gene
1569,11281,gene,0.0,True,Gene
1570,112812,gene,0.0,True,Gene
1571,112817,gene,0.0,True,Gene
1572,11282,gene,0.0,True,Gene
1573,11283,gene,0.0,True,Gene
1574,11284,gene,0.0,True,Gene
1575,112840,gene,0.0,True,Gene
1576,112849,gene,0.0,True,Gene
1577,11285,gene,0.0,True,Gene
1578,112858,gene,0.0,True,Gene
1579,112869,gene,0.0,True,Gene
1580,112885,gene,0.0,True,Gene
1581,1129,gene,0.0,True,Gene
1582,112936,gene,0.0,True,Gene
1583,112937,gene,0.0,True,Gene
1584,112939,gene,0.0,True,Gene
1585,112942,gene,0.0,True,Gene
1586,112950,gene,0.0,True,Gene
1587,112970,gene,0.0,True,Gene
1588,113,gene,0.0,True,Gene
1589,1130,gene,0.0,True,Gene
1590,113000,gene,0.0,True,Gene
1591,113026,gene,0.0,True,Gene
1592,11309,gene,0.0,True,Gene
1593,1131,gene,0.0,True,Gene
1594,11311,gene,0.0,True,Gene
1595,113115,gene,0.0,True,Gene
1596,11313,gene,0.0,True,Gene
1597,113130,gene,0.0,True,Gene
1598,11314,gene,0.0,True,Gene
1599,113146,gene,0.55687946,True,Gene
1600,11315,gene,0.0,True,Gene
1601,11316,gene,0.0,True,Gene
1602,11317,gene,0.0,True,Gene
1603,113174,gene,0.0,True,Gene
1604,113177,gene,0.0,True,Gene
1605,113178,gene,0.0,True,Gene
1606,113179,gene,0.0,True,Gene
1607,11318,gene,0.0,True,Gene
1608,113189,gene,0.0,True,Gene
1609,11319,gene,0.0,True,Gene
1610,1132,gene,0.0,True,Gene
1611,11320,gene,0.0,True,Gene
1612,113201,gene,0.0,True,Gene
1613,11321,gene,0.0,True,Gene
1614,11322,gene,0.0,True,Gene
1615,113220,gene,0.0,True,Gene
1616,113230,gene,0.0,True,Gene
1617,113235,gene,0.0,True,Gene
1618,113246,gene,0.0,True,Gene
1619,11325,gene,0.0,True,Gene
1620,113251,gene,0.0,True,Gene
1621,11326,gene,0.0,True,Gene
1622,113263,gene,0.0,True,Gene
1623,113277,gene,0.0,True,Gene
1624,113278,gene,0.0,True,Gene
1625,11328,gene,0.0,True,Gene
1626,11329,gene,0.0,True,Gene
1627,1133,gene,0.0,True,Gene
1628,11330,gene,0.0,True,Gene
1629,11331,gene,0.0,True,Gene
1630,11332,gene,0.0,True,Gene
1631,11333,gene,0.0,True,Gene
1632,11334,gene,0.0,True,Gene
1633,11335,gene,0.0,True,Gene
1634,11336,gene,0.0,True,Gene
1635,11337,gene,0.0,True,Gene
1636,11338,gene,0.0,True,Gene
1637,11339,gene,0.0,True,Gene
1638,1134,gene,0.0,True,Gene
1639,11340,gene,0.0,True,Gene
1640,113402,gene,0.0,True,Gene
1641,11341,gene,0.0,True,Gene
1642,113419,gene,0.0,True,Gene
1643,11342,gene,0.0,True,Gene
1644,11343,gene,0.0,True,Gene
1645,11344,gene,0.0,True,Gene
1646,113444,gene,0.0,True,Gene
1647,11345,gene,0.0,True,Gene
1648,113451,gene,0.0,True,Gene
1649,113452,gene,0.0,True,Gene
1650,113455421,gene,0.0,True,Gene
1651,113457,gene,0.0,True,Gene
1652,11346,gene,0.0,True,Gene
1653,1135,gene,0.0,True,Gene
1654,113510,gene,0.0,True,Gene
1655,113523636,gene,0.0,True,Gene
1656,113523638,gene,0.0,True,Gene
1657,113523639,gene,0.0,True,Gene
1658,113540,gene,0.0,True,Gene
1659,1136,gene,0.0,True,Gene
1660,113612,gene,0.0,True,Gene
1661,113622,gene,0.0,True,Gene
1662,113655,gene,0.0,True,Gene
1663,113675,gene,0.0,True,Gene
1664,1137,gene,0.0,True,Gene
1665,113730,gene,0.0,True,Gene
1666,113746,gene,0.0,True,Gene
1667,113791,gene,0.0,True,Gene
1668,1138,gene,0.0,True,Gene
1669,113802,gene,0.0,True,Gene
1670,113828,gene,0.0,True,Gene
1671,113829,gene,0.0,True,Gene
1672,113835,gene,0.0,True,Gene
1673,113878,gene,0.0,True,Gene
1674,1139,gene,0.0,True,Gene
1675,114,gene,0.0,True,Gene
1676,1140,gene,0.0,True,Gene
1677,114034,gene,0.0,True,Gene
1678,114049,gene,0.0,True,Gene
1679,114088,gene,0.0,True,Gene
1680,1141,gene,0.0,True,Gene
1681,114108587,gene,0.0,True,Gene
1682,114112,gene,0.0,True,Gene
1683,114118903,gene,0.0,True,Gene
1684,114131,gene,0.0,True,Gene
1685,114132,gene,0.0,True,Gene
1686,114134,gene,0.0,True,Gene
1687,1142,gene,0.0,True,Gene
1688,114294,gene,0.0,True,Gene
1689,1143,gene,0.0,True,Gene
1690,114327,gene,0.0,True,Gene
1691,114335,gene,0.0,True,Gene
1692,1144,gene,0.0,True,Gene
1693,114483833,gene,0.0,True,Gene
1694,114483834,gene,0.0,True,Gene
1695,1145,gene,0.0,True,Gene
1696,114515518,gene,0.0,True,Gene
1697,114548,gene,0.0,True,Gene
1698,114569,gene,0.0,True,Gene
1699,114571,gene,0.0,True,Gene
1700,1146,gene,0.0,True,Gene
1701,114609,gene,0.0,True,Gene
1702,114625,gene,0.0,True,Gene
1703,114659,gene,0.0,True,Gene
1704,1147,gene,0.0,True,Gene
1705,114757,gene,0.0,True,Gene
1706,114769,gene,0.0,True,Gene
1707,114770,gene,0.0,True,Gene
1708,114771,gene,0.0,True,Gene
1709,114780,gene,0.0,True,Gene
1710,114781,gene,0.0,True,Gene
1711,114783,gene,0.0,True,Gene
1712,114784,gene,0.0,True,Gene
1713,114785,gene,0.0,True,Gene
1714,114786,gene,0.0,True,Gene
1715,114787,gene,0.0,True,Gene
1716,114788,gene,0.0,True,Gene
1717,114789,gene,0.0,True,Gene
1718,114790,gene,0.0,True,Gene
1719,114791,gene,0.0,True,Gene
1720,114792,gene,0.0,True,Gene
1721,114793,gene,0.0,True,Gene
1722,114794,gene,0.0,True,Gene
1723,114795,gene,0.0,True,Gene
1724,114798,gene,0.0,True,Gene
1725,114799,gene,0.0,True,Gene
1726,114800,gene,0.0,True,Gene
1727,114801,gene,0.0,True,Gene
1728,114803,gene,0.0,True,Gene
1729,114804,gene,0.0,True,Gene
1730,114805,gene,0.0,True,Gene
1731,114815,gene,0.0,True,Gene
1732,114818,gene,0.0,True,Gene
1733,114821,gene,0.0,True,Gene
1734,114822,gene,0.0,True,Gene
1735,114823,gene,0.0,True,Gene
1736,114824,gene,0.0,True,Gene
1737,114825,gene,0.0,True,Gene
1738,114826,gene,0.0,True,Gene
1739,114827,gene,0.0,True,Gene
1740,114836,gene,0.0,True,Gene
1741,114841035,gene,0.0,True,Gene
1742,114841037,gene,0.0,True,Gene
1743,114876,gene,0.0,True,Gene
1744,114879,gene,0.0,True,Gene
1745,114880,gene,0.0,True,Gene
1746,114881,gene,0.0,True,Gene
1747,114882,gene,0.0,True,Gene
1748,114883,gene,0.0,True,Gene
1749,114884,gene,0.0,True,Gene
1750,114885,gene,0.0,True,Gene
1751,114897,gene,0.0,True,Gene
1752,114898,gene,0.0,True,Gene
1753,114899,gene,0.0,True,Gene
1754,1149,gene,0.0,True,Gene
1755,114900,gene,0.0,True,Gene
1756,114902,gene,0.0,True,Gene
1757,114904,gene,0.0,True,Gene
1758,114905,gene,0.0,True,Gene
1759,114907,gene,0.0,True,Gene
1760,114908,gene,0.0,True,Gene
1761,114926,gene,0.0,True,Gene
1762,114928,gene,0.0,True,Gene
1763,114932,gene,0.0,True,Gene
1764,114971,gene,0.0,True,Gene
1765,114984,gene,0.0,True,Gene
1766,114987,gene,0.0,True,Gene
1767,114990,gene,0.0,True,Gene
1768,114991,gene,0.0,True,Gene
1769,115,gene,0.0,True,Gene
1770,115004,gene,0.0,True,Gene
1771,115019,gene,0.0,True,Gene
1772,115024,gene,0.0,True,Gene
1773,115072896,gene,0.0,True,Gene
1774,115098,gene,0.0,True,Gene
1775,115106,gene,0.0,True,Gene
1776,115111,gene,0.0,True,Gene
1777,115123,gene,0.0,True,Gene
1778,115196,gene,0.0,True,Gene
1779,1152,gene,0.0,True,Gene
1780,115201,gene,0.0,True,Gene
1781,115207,gene,0.0,True,Gene
1782,115209,gene,0.0,True,Gene
1783,115253422,gene,0.0,True,Gene
1784,115265,gene,0.0,True,Gene
1785,115273,gene,0.0,True,Gene
1786,115286,gene,0.0,True,Gene
1787,115290,gene,0.0,True,Gene
1788,115294,gene,0.0,True,Gene
1789,1153,gene,0.0,True,Gene
1790,115330,gene,0.0,True,Gene
1791,115350,gene,0.0,True,Gene
1792,115352,gene,0.0,True,Gene
1793,115353,gene,0.0,True,Gene
1794,115361,gene,0.0,True,Gene
1795,115362,gene,0.0,True,Gene
1796,115399,gene,0.0,True,Gene
1797,1154,gene,0.0,True,Gene
1798,115416,gene,0.0,True,Gene
1799,115426,gene,0.0,True,Gene
1800,115482686,gene,0.0,True,Gene
1801,1155,gene,0.0,True,Gene
1802,115509,gene,0.0,True,Gene
1803,115548,gene,0.0,True,Gene
1804,115557,gene,0.0,True,Gene
1805,115560,gene,0.0,True,Gene
1806,115572,gene,0.0,True,Gene
1807,115584,gene,0.0,True,Gene
1808,115650,gene,0.0,True,Gene
1809,115653,gene,0.0,True,Gene
1810,115677,gene,0.0,True,Gene
1811,115701,gene,0.0,True,Gene
1812,115703,gene,0.0,True,Gene
1813,115704,gene,0.0,True,Gene
1814,115708,gene,0.0,True,Gene
1815,115727,gene,0.0,True,Gene
1816,115749,gene,0.0,True,Gene
1817,115752,gene,0.0,True,Gene
1818,115761,gene,0.0,True,Gene
1819,115795,gene,0.0,True,Gene
1820,1158,gene,0.0,True,Gene
1821,115811,gene,0.0,True,Gene
1822,115817,gene,0.0,True,Gene
1823,115825,gene,0.0,True,Gene
1824,115827,gene,0.0,True,Gene
1825,1159,gene,0.0,True,Gene
1826,115908,gene,0.0,True,Gene
1827,115939,gene,0.0,True,Gene
1828,115948,gene,0.0,True,Gene
1829,115950,gene,0.0,True,Gene
1830,115992,gene,0.0,True,Gene
1831,116,gene,0.0,True,Gene
1832,1160,gene,0.0,True,Gene
1833,116028,gene,0.0,True,Gene
1834,116033993,gene,0.0,True,Gene
1835,116039,gene,0.0,True,Gene
1836,116064,gene,0.0,True,Gene
1837,116068,gene,0.0,True,Gene
1838,116071,gene,0.0,True,Gene
1839,116092,gene,0.0,True,Gene
1840,1161,gene,0.0,True,Gene
1841,116113,gene,0.0,True,Gene
1842,116115,gene,0.0,True,Gene
1843,116135,gene,0.0,True,Gene
1844,116138,gene,0.0,True,Gene
1845,116143,gene,0.0,True,Gene
1846,116150,gene,0.0,True,Gene
1847,116151,gene,0.0,True,Gene
1848,116154,gene,0.0,True,Gene
1849,116159,gene,0.0,True,Gene
1850,116173,gene,0.0,True,Gene
1851,116179,gene,0.0,True,Gene
1852,116211,gene,0.0,True,Gene
1853,116224,gene,0.0,True,Gene
1854,116225,gene,0.0,True,Gene
1855,116228,gene,0.0,True,Gene
1856,116236,gene,0.0,True,Gene
1857,116238,gene,0.0,True,Gene
1858,116254,gene,0.0,True,Gene
1859,116255,gene,0.0,True,Gene
1860,116285,gene,0.0,True,Gene
1861,1163,gene,0.0,True,Gene
1862,116328,gene,0.0,True,Gene
1863,116337,gene,0.0,True,Gene
1864,116362,gene,0.0,True,Gene
1865,116369,gene,0.0,True,Gene
1866,116372,gene,0.0,True,Gene
1867,116379,gene,0.0,True,Gene
1868,1164,gene,0.0,True,Gene
1869,116412,gene,0.0,True,Gene
1870,116441,gene,0.0,True,Gene
1871,116442,gene,0.0,True,Gene
1872,116443,gene,0.0,True,Gene
1873,116444,gene,0.0,True,Gene
1874,116447,gene,0.0,True,Gene
1875,116448,gene,0.0,True,Gene
1876,116449,gene,0.0,True,Gene
1877,116461,gene,0.0,True,Gene
1878,116496,gene,0.0,True,Gene
1879,116511,gene,0.0,True,Gene
1880,116512,gene,0.0,True,Gene
1881,116519,gene,0.0,True,Gene
1882,116534,gene,0.0,True,Gene
1883,116535,gene,0.0,True,Gene
1884,116540,gene,0.0,True,Gene
1885,116541,gene,0.0,True,Gene
1886,116729,gene,0.0,True,Gene
1887,116832,gene,0.0,True,Gene
1888,116835,gene,0.0,True,Gene
1889,116840,gene,0.0,True,Gene
1890,116841,gene,0.0,True,Gene
1891,116842,gene,0.0,True,Gene
1892,116843,gene,0.0,True,Gene
1893,116844,gene,0.0,True,Gene
1894,116931,gene,0.0,True,Gene
1895,116966,gene,0.0,True,Gene
1896,116969,gene,0.0,True,Gene
1897,116983,gene,0.0,True,Gene
1898,116984,gene,0.0,True,Gene
1899,116985,gene,0.0,True,Gene
1900,116986,gene,0.0,True,Gene
1901,116987,gene,0.0,True,Gene
1902,116988,gene,0.0,True,Gene
1903,117,gene,0.0,True,Gene
1904,117134596,gene,0.0,True,Gene
1905,117134597,gene,0.0,True,Gene
1906,117134598,gene,0.0,True,Gene
1907,117143,gene,0.0,True,Gene
1908,117144,gene,0.0,True,Gene
1909,117145,gene,0.0,True,Gene
1910,117154,gene,0.0,True,Gene
1911,117155,gene,0.0,True,Gene
1912,117156,gene,0.0,True,Gene
1913,117157,gene,0.0,True,Gene
1914,117159,gene,0.0,True,Gene
1915,117166,gene,0.0,True,Gene
1916,117177,gene,0.0,True,Gene
1917,117178,gene,0.0,True,Gene
1918,117194,gene,0.0,True,Gene
1919,117195,gene,0.0,True,Gene
1920,117245,gene,0.0,True,Gene
1921,117246,gene,0.0,True,Gene
1922,117247,gene,0.0,True,Gene
1923,117248,gene,0.0,True,Gene
1924,117283,gene,0.0,True,Gene
1925,117285,gene,0.0,True,Gene
1926,117286,gene,0.0,True,Gene
1927,117289,gene,0.0,True,Gene
1928,1173,gene,0.0,True,Gene
1929,1174,gene,0.0,True,Gene
1930,1175,gene,0.0,True,Gene
1931,117531,gene,0.0,True,Gene
1932,117532,gene,0.0,True,Gene
1933,117579,gene,0.0,True,Gene
1934,117581,gene,0.0,True,Gene
1935,117583,gene,0.0,True,Gene
1936,117584,gene,0.0,True,Gene
1937,1176,gene,0.0,True,Gene
1938,117608,gene,0.0,True,Gene
1939,1178,gene,0.0,True,Gene
1940,117854,gene,0.0,True,Gene
1941,1179,gene,0.0,True,Gene
1942,117981789,gene,0.0,True,Gene
1943,118,gene,0.0,True,Gene
1944,1180,gene,0.0,True,Gene
1945,1181,gene,0.0,True,Gene
1946,118142757,gene,0.0,True,Gene
1947,1182,gene,0.0,True,Gene
1948,1183,gene,0.0,True,Gene
1949,1184,gene,0.0,True,Gene
1950,118424,gene,0.0,True,Gene
1951,118426,gene,0.0,True,Gene
1952,118427,gene,0.0,True,Gene
1953,118429,gene,0.0,True,Gene
1954,118430,gene,0.0,True,Gene
1955,118442,gene,0.0,True,Gene
1956,118460,gene,0.0,True,Gene
1957,118461,gene,0.0,True,Gene
1958,118471,gene,0.0,True,Gene
1959,118472,gene,0.0,True,Gene
1960,118487,gene,0.0,True,Gene
1961,118490,gene,0.0,True,Gene
1962,118491,gene,0.0,True,Gene
1963,1185,gene,0.0,True,Gene
1964,118568799,gene,0.0,True,Gene
1965,1186,gene,0.0,True,Gene
1966,118611,gene,0.0,True,Gene
1967,118663,gene,0.0,True,Gene
1968,118670,gene,0.0,True,Gene
1969,118672,gene,0.0,True,Gene
1970,1187,gene,0.0,True,Gene
1971,118738,gene,0.0,True,Gene
1972,118788,gene,0.0,True,Gene
1973,1188,gene,0.0,True,Gene
1974,118812,gene,0.0,True,Gene
1975,118813,gene,0.0,True,Gene
1976,118856,gene,0.0,True,Gene
1977,118881,gene,0.0,True,Gene
1978,118924,gene,0.0,True,Gene
1979,118932,gene,0.0,True,Gene
1980,118980,gene,0.0,True,Gene
1981,118987,gene,0.0,True,Gene
1982,119,gene,0.0,True,Gene
1983,119016,gene,0.0,True,Gene
1984,119032,gene,0.0,True,Gene
1985,1191,gene,0.0,True,Gene
1986,119139905,gene,0.0,True,Gene
1987,119180,gene,0.0,True,Gene
1988,1192,gene,0.0,True,Gene
1989,1193,gene,0.0,True,Gene
1990,119391,gene,0.0,True,Gene
1991,119392,gene,0.0,True,Gene
1992,119395,gene,0.0,True,Gene
1993,119467,gene,0.0,True,Gene
1994,1195,gene,0.0,True,Gene
1995,119504,gene,0.0,True,Gene
1996,119548,gene,0.0,True,Gene
1997,119559,gene,0.0,True,Gene
1998,119587,gene,0.0,True,Gene
1999,1196,gene,0.0,True,Gene
2000,119710,gene,0.0,True,Gene
2001,1198,gene,0.0,True,Gene
2002,12,gene,0.0,True,Gene
2003,120,gene,0.0,True,Gene
2004,1200,gene,0.0,True,Gene
2005,120071,gene,0.0,True,Gene
2006,1201,gene,0.0,True,Gene
2007,120103,gene,0.0,True,Gene
2008,120114,gene,0.0,True,Gene
2009,120146,gene,0.0,True,Gene
2010,120224,gene,0.0,True,Gene
2011,120227,gene,0.0,True,Gene
2012,120237,gene,0.0,True,Gene
2013,1203,gene,0.0,True,Gene
2014,120356739,gene,0.0,True,Gene
2015,120356740,gene,0.0,True,Gene
2016,120376,gene,0.0,True,Gene
2017,120379,gene,0.0,True,Gene
2018,120400,gene,0.0,True,Gene
2019,120406,gene,0.0,True,Gene
2020,120425,gene,0.0,True,Gene
2021,120526,gene,0.0,True,Gene
2022,120534,gene,0.0,True,Gene
2023,1207,gene,0.0,True,Gene
2024,120766137,gene,0.0,True,Gene
2025,1208,gene,0.0,True,Gene
2026,120824,gene,0.0,True,Gene
2027,120863,gene,0.0,True,Gene
2028,120892,gene,0.0,True,Gene
2029,1209,gene,0.0,True,Gene
2030,120935,gene,0.0,True,Gene
2031,120939,gene,0.0,True,Gene
2032,121006,gene,0.0,True,Gene
2033,121053,gene,0.0,True,Gene
2034,1211,gene,0.0,True,Gene
2035,1212,gene,0.0,True,Gene
2036,121214,gene,0.0,True,Gene
2037,121227,gene,0.0,True,Gene
2038,121256,gene,0.0,True,Gene
2039,121260,gene,0.0,True,Gene
2040,121268,gene,0.0,True,Gene
2041,121273,gene,0.0,True,Gene
2042,121274,gene,0.0,True,Gene
2043,121278,gene,0.0,True,Gene
2044,1213,gene,0.0,True,Gene
2045,121340,gene,0.0,True,Gene
2046,121355,gene,0.0,True,Gene
2047,121391,gene,0.0,True,Gene
2048,121441,gene,0.0,True,Gene
2049,121457,gene,0.0,True,Gene
2050,1215,gene,0.0,True,Gene
2051,121504,gene,0.0,True,Gene
2052,121506,gene,0.0,True,Gene
2053,121512,gene,0.0,True,Gene
2054,121536,gene,0.0,True,Gene
2055,121549,gene,0.0,True,Gene
2056,121551,gene,0.0,True,Gene
2057,121599,gene,0.0,True,Gene
2058,121601,gene,0.0,True,Gene
2059,121642,gene,0.0,True,Gene
2060,121643,gene,0.0,True,Gene
2061,121665,gene,0.0,True,Gene
2062,121725057,gene,0.0,True,Gene
2063,121793,gene,0.0,True,Gene
2064,122011,gene,0.0,True,Gene
2065,122042,gene,0.0,True,Gene
2066,122046,gene,0.0,True,Gene
2067,122060,gene,0.0,True,Gene
2068,122183,gene,0.0,True,Gene
2069,122319436,gene,0.0,True,Gene
2070,122319696,gene,0.0,True,Gene
2071,122394732,gene,0.0,True,Gene
2072,122394733,gene,0.0,True,Gene
2073,122402,gene,0.0,True,Gene
2074,122405565,gene,0.0,True,Gene
2075,122416,gene,0.0,True,Gene
2076,122455338,gene,0.0,True,Gene
2077,122455339,gene,0.0,True,Gene
2078,122455340,gene,0.0,True,Gene
2079,122455342,gene,0.0,True,Gene
2080,122481,gene,0.0,True,Gene
2081,122509,gene,0.0,True,Gene
2082,122513141,gene,0.0,True,Gene
2083,122525,gene,0.0,True,Gene
2084,122526777,gene,0.0,True,Gene
2085,122526779,gene,0.0,True,Gene
2086,122526780,gene,0.0,True,Gene
2087,122539214,gene,0.0,True,Gene
2088,122553,gene,0.0,True,Gene
2089,122616,gene,0.0,True,Gene
2090,122618,gene,0.0,True,Gene
2091,122622,gene,0.0,True,Gene
2092,122651,gene,0.0,True,Gene
2093,122664,gene,0.0,True,Gene
2094,122704,gene,0.0,True,Gene
2095,122706,gene,0.0,True,Gene
2096,122769,gene,0.0,True,Gene
2097,122773,gene,0.0,True,Gene
2098,122786,gene,0.0,True,Gene
2099,122809,gene,0.0,True,Gene
2100,122830,gene,0.0,True,Gene
2101,122876,gene,0.0,True,Gene
2102,122945,gene,0.0,True,Gene
2103,122953,gene,0.0,True,Gene
2104,122961,gene,0.0,True,Gene
2105,122970,gene,0.0,True,Gene
2106,123,gene,0.0,True,Gene
2107,1230,gene,0.0,True,Gene
2108,123016,gene,0.0,True,Gene
2109,123036,gene,0.0,True,Gene
2110,123041,gene,0.0,True,Gene
2111,123096,gene,0.0,True,Gene
2112,123099,gene,0.0,True,Gene
2113,123103,gene,0.0,True,Gene
2114,123169,gene,0.0,True,Gene
2115,1232,gene,0.0,True,Gene
2116,123207,gene,0.0,True,Gene
2117,123228,gene,0.0,True,Gene
2118,123263,gene,0.0,True,Gene
2119,123264,gene,0.0,True,Gene
2120,123283,gene,0.0,True,Gene
2121,1233,gene,0.0,True,Gene
2122,123346,gene,0.0,True,Gene
2123,123355,gene,0.0,True,Gene
2124,1234,gene,0.0,True,Gene
2125,1235,gene,0.0,True,Gene
2126,123591,gene,0.0,True,Gene
2127,1236,gene,0.0,True,Gene
2128,123606,gene,0.0,True,Gene
2129,123624,gene,0.0,True,Gene
2130,123688,gene,0.0,True,Gene
2131,1237,gene,0.0,True,Gene
2132,123720,gene,0.0,True,Gene
2133,123722,gene,0.0,True,Gene
2134,123745,gene,0.0,True,Gene
2135,123775,gene,0.0,True,Gene
2136,1238,gene,0.0,True,Gene
2137,123803,gene,0.0,True,Gene
2138,123811,gene,0.0,True,Gene
2139,123872,gene,0.0,True,Gene
2140,123876,gene,0.0,True,Gene
2141,123879,gene,0.0,True,Gene
2142,123904,gene,0.0,True,Gene
2143,123920,gene,0.0,True,Gene
2144,123970,gene,0.0,True,Gene
2145,124,gene,0.0,True,Gene
2146,1240,gene,0.0,True,Gene
2147,124044,gene,0.0,True,Gene
2148,124045,gene,0.0,True,Gene
2149,124056,gene,0.0,True,Gene
2150,124093,gene,0.0,True,Gene
2151,1241,gene,0.0,True,Gene
2152,124152,gene,0.0,True,Gene
2153,124188214,gene,0.0,True,Gene
2154,124220,gene,0.0,True,Gene
2155,124222,gene,0.0,True,Gene
2156,124245,gene,0.0,True,Gene
2157,124274,gene,0.0,True,Gene
2158,124359,gene,0.0,True,Gene
2159,1244,gene,0.0,True,Gene
2160,124401,gene,0.0,True,Gene
2161,124402,gene,0.0,True,Gene
2162,124404,gene,0.0,True,Gene
2163,124411,gene,0.0,True,Gene
2164,124446,gene,0.0,True,Gene
2165,124454,gene,0.0,True,Gene
2166,124460,gene,0.0,True,Gene
2167,124491,gene,0.0,True,Gene
2168,124512,gene,0.0,True,Gene
2169,124535,gene,0.0,True,Gene
2170,124540,gene,0.0,True,Gene
2171,124565,gene,0.0,True,Gene
2172,124583,gene,0.0,True,Gene
2173,124590,gene,0.0,True,Gene
2174,124599,gene,0.0,True,Gene
2175,124602,gene,0.0,True,Gene
2176,124626,gene,0.0,True,Gene
2177,124637,gene,0.0,True,Gene
2178,124641,gene,0.0,True,Gene
2179,124739,gene,0.0,True,Gene
2180,124751,gene,0.0,True,Gene
2181,124773,gene,0.0,True,Gene
2182,124783,gene,0.0,True,Gene
2183,124790,gene,0.0,True,Gene
2184,124801,gene,0.0,True,Gene
2185,124808,gene,0.0,True,Gene
2186,124817,gene,0.0,True,Gene
2187,124842,gene,0.0,True,Gene
2188,124857,gene,0.0,True,Gene
2189,124872,gene,0.0,True,Gene
2190,124900192,gene,0.0,True,Gene
2191,124900467,gene,0.0,True,Gene
2192,124900692,gene,0.0,True,Gene
2193,124900855,gene,0.0,True,Gene
2194,124901449,gene,0.0,True,Gene
2195,124901872,gene,0.0,True,Gene
2196,124902392,gene,0.0,True,Gene
2197,124902436,gene,0.0,True,Gene
2198,124902694,gene,0.0,True,Gene
2199,124903151,gene,0.0,True,Gene
2200,124903185,gene,0.0,True,Gene
2201,124903233,gene,0.0,True,Gene
2202,124903317,gene,0.0,True,Gene
2203,124903319,gene,0.0,True,Gene
2204,124903372,gene,0.0,True,Gene
2205,124904411,gene,0.0,True,Gene
2206,124904542,gene,0.0,True,Gene
2207,124904942,gene,0.0,True,Gene
2208,124905976,gene,0.0,True,Gene
2209,124906010,gene,0.0,True,Gene
2210,124906262,gene,0.0,True,Gene
2211,124906892,gene,0.0,True,Gene
2212,124909439,gene,0.0,True,Gene
2213,124912,gene,0.0,True,Gene
2214,124923,gene,0.0,True,Gene
2215,124925,gene,0.0,True,Gene
2216,124930,gene,0.0,True,Gene
2217,124935,gene,0.0,True,Gene
2218,124936,gene,0.0,True,Gene
2219,124944,gene,0.0,True,Gene
2220,124961,gene,0.0,True,Gene
2221,124975,gene,0.0,True,Gene
2222,124976,gene,0.0,True,Gene
2223,124989,gene,0.0,True,Gene
2224,124995,gene,0.0,True,Gene
2225,124997,gene,0.0,True,Gene
2226,125,gene,0.0,True,Gene
2227,125058,gene,0.0,True,Gene
2228,125061,gene,0.0,True,Gene
2229,125111,gene,0.0,True,Gene
2230,125113,gene,0.0,True,Gene
2231,125115,gene,0.0,True,Gene
2232,125150,gene,0.0,True,Gene
2233,125170,gene,0.0,True,Gene
2234,125206,gene,0.0,True,Gene
2235,125228,gene,0.0,True,Gene
2236,125316803,gene,0.0,True,Gene
2237,125336,gene,0.0,True,Gene
2238,125467750,gene,0.0,True,Gene
2239,125476,gene,0.0,True,Gene
2240,125488,gene,0.0,True,Gene
2241,125704,gene,0.0,True,Gene
2242,1258,gene,0.0,True,Gene
2243,125875,gene,0.0,True,Gene
2244,125893,gene,0.0,True,Gene
2245,1259,gene,0.0,True,Gene
2246,125919,gene,0.0,True,Gene
2247,125931,gene,0.0,True,Gene
2248,125950,gene,0.0,True,Gene
2249,125965,gene,0.0,True,Gene
2250,125972,gene,0.0,True,Gene
2251,125981,gene,0.0,True,Gene
2252,125988,gene,0.0,True,Gene
2253,125997,gene,0.0,True,Gene
2254,126,gene,0.0,True,Gene
2255,1260,gene,0.0,True,Gene
2256,126003,gene,0.0,True,Gene
2257,126006,gene,0.0,True,Gene
2258,126014,gene,0.0,True,Gene
2259,126017,gene,0.0,True,Gene
2260,126068,gene,0.0,True,Gene
2261,126069,gene,0.0,True,Gene
2262,126070,gene,0.0,True,Gene
2263,126074,gene,0.0,True,Gene
2264,126075,gene,0.0,True,Gene
2265,1261,gene,0.0,True,Gene
2266,126119,gene,0.0,True,Gene
2267,126123,gene,0.0,True,Gene
2268,126129,gene,0.0,True,Gene
2269,126133,gene,0.0,True,Gene
2270,126147,gene,0.0,True,Gene
2271,1262,gene,0.0,True,Gene
2272,126204,gene,0.0,True,Gene
2273,126205,gene,0.0,True,Gene
2274,126206,gene,0.0,True,Gene
2275,126208,gene,0.0,True,Gene
2276,126231,gene,0.0,True,Gene
2277,126248,gene,0.0,True,Gene
2278,126259,gene,0.0,True,Gene
2279,126272,gene,0.0,True,Gene
2280,126282,gene,0.0,True,Gene
2281,126295,gene,0.0,True,Gene
2282,126298,gene,0.0,True,Gene
2283,126299,gene,0.0,True,Gene
2284,1263,gene,0.0,True,Gene
2285,126306,gene,0.0,True,Gene
2286,126308,gene,0.0,True,Gene
2287,126321,gene,0.0,True,Gene
2288,126326,gene,0.0,True,Gene
2289,126328,gene,0.0,True,Gene
2290,126353,gene,0.0,True,Gene
2291,126364,gene,0.0,True,Gene
2292,126374,gene,0.0,True,Gene
2293,126375,gene,0.0,True,Gene
2294,126382,gene,0.0,True,Gene
2295,126393,gene,0.0,True,Gene
2296,1264,gene,0.0,True,Gene
2297,126402,gene,0.0,True,Gene
2298,126410,gene,0.0,True,Gene
2299,126432,gene,0.0,True,Gene
2300,126433,gene,0.0,True,Gene
2301,1265,gene,0.0,True,Gene
2302,126520,gene,0.0,True,Gene
2303,126526,gene,0.0,True,Gene
2304,126549,gene,0.0,True,Gene
2305,126567,gene,0.0,True,Gene
2306,1266,gene,0.0,True,Gene
2307,126626,gene,0.0,True,Gene
2308,126637,gene,0.0,True,Gene
2309,126638,gene,0.0,True,Gene
2310,126661,gene,0.0,True,Gene
2311,126668,gene,0.0,True,Gene
2312,126669,gene,0.0,True,Gene
2313,126695,gene,0.0,True,Gene
2314,1267,gene,0.0,True,Gene
2315,126731,gene,0.0,True,Gene
2316,126755,gene,0.0,True,Gene
2317,126767,gene,0.0,True,Gene
2318,126789,gene,0.0,True,Gene
2319,126792,gene,0.0,True,Gene
2320,1268,gene,0.0,True,Gene
2321,126820,gene,0.0,True,Gene
2322,126823,gene,0.0,True,Gene
2323,126859,gene,0.0,True,Gene
2324,126868,gene,0.0,True,Gene
2325,1269,gene,0.0,True,Gene
2326,126917,gene,0.0,True,Gene
2327,126961,gene,0.0,True,Gene
2328,126969,gene,0.0,True,Gene
2329,127,gene,0.0,True,Gene
2330,1270,gene,0.0,True,Gene
2331,127002,gene,0.0,True,Gene
2332,127003,gene,0.0,True,Gene
2333,127018,gene,0.0,True,Gene
2334,1271,gene,0.0,True,Gene
2335,127124,gene,0.0,True,Gene
2336,127138866,gene,0.0,True,Gene
2337,1272,gene,0.0,True,Gene
2338,127253,gene,0.0,True,Gene
2339,127254,gene,0.0,True,Gene
2340,127255,gene,0.0,True,Gene
2341,127262,gene,0.0,True,Gene
2342,127281,gene,0.0,True,Gene
2343,127294,gene,0.0,True,Gene
2344,127343,gene,0.0,True,Gene
2345,127391,gene,0.0,True,Gene
2346,127396,gene,0.0,True,Gene
2347,127428,gene,0.0,True,Gene
2348,127435,gene,0.0,True,Gene
2349,127495,gene,0.0,True,Gene
2350,127534,gene,0.0,True,Gene
2351,127544,gene,0.0,True,Gene
2352,127550,gene,0.0,True,Gene
2353,127579,gene,0.0,True,Gene
2354,127602,gene,0.0,True,Gene
2355,127665,gene,0.0,True,Gene
2356,127670,gene,0.0,True,Gene
2357,127687,gene,0.0,True,Gene
2358,1277,gene,0.0,True,Gene
2359,127700,gene,0.0,True,Gene
2360,127703,gene,0.0,True,Gene
2361,127707,gene,0.0,True,Gene
2362,127731,gene,0.0,True,Gene
2363,127733,gene,0.0,True,Gene
2364,127795,gene,0.0,True,Gene
2365,1278,gene,0.0,True,Gene
2366,127814297,gene,0.0,True,Gene
2367,127829,gene,0.0,True,Gene
2368,127833,gene,0.0,True,Gene
2369,127845,gene,0.0,True,Gene
2370,127882475,gene,0.0,True,Gene
2371,127898561,gene,0.0,True,Gene
2372,127898562,gene,0.0,True,Gene
2373,127898563,gene,0.0,True,Gene
2374,127903862,gene,0.0,True,Gene
2375,127933,gene,0.0,True,Gene
2376,127933115,gene,0.0,True,Gene
2377,127943,gene,0.0,True,Gene
2378,128,gene,0.0,True,Gene
2379,1280,gene,0.0,True,Gene
2380,128025,gene,0.0,True,Gene
2381,128031832,gene,0.0,True,Gene
2382,128031833,gene,0.0,True,Gene
2383,128031834,gene,0.0,True,Gene
2384,128031835,gene,0.0,True,Gene
2385,128031836,gene,0.0,True,Gene
2386,128031837,gene,0.0,True,Gene
2387,128061,gene,0.0,True,Gene
2388,128071544,gene,0.0,True,Gene
2389,128071545,gene,0.0,True,Gene
2390,128071547,gene,0.0,True,Gene
2391,128077,gene,0.0,True,Gene
2392,128092246,gene,0.0,True,Gene
2393,128092247,gene,0.0,True,Gene
2394,128092248,gene,0.0,True,Gene
2395,128092249,gene,0.0,True,Gene
2396,128092250,gene,0.0,True,Gene
2397,128092251,gene,0.0,True,Gene
2398,128092252,gene,0.0,True,Gene
2399,128092253,gene,0.0,True,Gene
2400,1281,gene,0.0,True,Gene
2401,128125814,gene,0.0,True,Gene
2402,128125816,gene,0.0,True,Gene
2403,128125817,gene,0.0,True,Gene
2404,128125818,gene,0.0,True,Gene
2405,128125822,gene,0.0,True,Gene
2406,128153,gene,0.0,True,Gene
2407,128178,gene,0.0,True,Gene
2408,1282,gene,0.0,True,Gene
2409,128209,gene,0.0,True,Gene
2410,128218,gene,0.0,True,Gene
2411,128229,gene,0.0,True,Gene
2412,128239,gene,0.0,True,Gene
2413,128240,gene,0.0,True,Gene
2414,128272,gene,0.0,True,Gene
2415,128308,gene,0.0,True,Gene
2416,128312,gene,0.0,True,Gene
2417,128338,gene,0.0,True,Gene
2418,128344,gene,0.0,True,Gene
2419,128346,gene,0.0,True,Gene
2420,128387,gene,0.0,True,Gene
2421,1284,gene,0.0,True,Gene
2422,128408,gene,0.0,True,Gene
2423,128414,gene,0.0,True,Gene
2424,128434,gene,0.0,True,Gene
2425,128462377,gene,0.0,True,Gene
2426,128486,gene,0.0,True,Gene
2427,128488,gene,0.0,True,Gene
2428,128497,gene,0.0,True,Gene
2429,1285,gene,0.0,True,Gene
2430,128506,gene,0.0,True,Gene
2431,128553,gene,0.0,True,Gene
2432,1286,gene,0.0,True,Gene
2433,128602,gene,0.0,True,Gene
2434,128611,gene,0.0,True,Gene
2435,128637,gene,0.0,True,Gene
2436,128646,gene,0.0,True,Gene
2437,128653,gene,0.0,True,Gene
2438,128674,gene,0.0,True,Gene
2439,1287,gene,0.0,True,Gene
2440,128706665,gene,0.0,True,Gene
2441,128706666,gene,0.0,True,Gene
2442,128710,gene,0.0,True,Gene
2443,1288,gene,0.0,True,Gene
2444,128817,gene,0.0,True,Gene
2445,128821,gene,0.0,True,Gene
2446,128822,gene,0.0,True,Gene
2447,128853,gene,0.0,True,Gene
2448,128854680,gene,0.0,True,Gene
2449,128859,gene,0.0,True,Gene
2450,128861,gene,0.0,True,Gene
2451,128864,gene,0.0,True,Gene
2452,128866,gene,0.0,True,Gene
2453,128869,gene,0.0,True,Gene
2454,128876,gene,0.0,True,Gene
2455,1289,gene,0.0,True,Gene
2456,128954,gene,0.0,True,Gene
2457,128966594,gene,0.0,True,Gene
2458,128966597,gene,0.0,True,Gene
2459,128966744,gene,0.0,True,Gene
2460,128977,gene,0.0,True,Gene
2461,128989,gene,0.0,True,Gene
2462,1290,gene,0.0,True,Gene
2463,129025,gene,0.0,True,Gene
2464,129049,gene,0.0,True,Gene
2465,129080,gene,0.0,True,Gene
2466,1291,gene,0.0,True,Gene
2467,129138,gene,0.0,True,Gene
2468,1292,gene,0.0,True,Gene
2469,129285,gene,0.0,True,Gene
2470,129293,gene,0.0,True,Gene
2471,1293,gene,0.0,True,Gene
2472,129303,gene,0.0,True,Gene
2473,1294,gene,0.8846085,True,Gene
2474,129401,gene,0.0,True,Gene
2475,129446,gene,0.0,True,Gene
2476,129450,gene,0.0,True,Gene
2477,1295,gene,0.0,True,Gene
2478,129521,gene,0.0,True,Gene
2479,129530,gene,0.0,True,Gene
2480,129531,gene,0.0,True,Gene
2481,129563,gene,0.0,True,Gene
2482,1296,gene,0.0,True,Gene
2483,129607,gene,0.0,True,Gene
2484,129642,gene,0.0,True,Gene
2485,129684,gene,0.0,True,Gene
2486,129685,gene,0.0,True,Gene
2487,1297,gene,0.0,True,Gene
2488,129787,gene,0.0,True,Gene
2489,1298,gene,0.0,True,Gene
2490,129804,gene,0.0,True,Gene
2491,129807,gene,0.0,True,Gene
2492,129831,gene,0.0,True,Gene
2493,129852,gene,0.0,True,Gene
2494,129880,gene,0.0,True,Gene
2495,129881,gene,0.0,True,Gene
2496,1299,gene,0.0,True,Gene
2497,13,gene,0.0,True,Gene
2498,130,gene,0.0,True,Gene
2499,1300,gene,0.0,True,Gene
2500,130013,gene,0.0,True,Gene
2501,130026,gene,0.0,True,Gene
2502,130074,gene,0.0,True,Gene
2503,1301,gene,0.0,True,Gene
2504,130106,gene,0.0,True,Gene
2505,130132,gene,0.0,True,Gene
2506,130162,gene,0.0,True,Gene
2507,1302,gene,0.0,True,Gene
2508,130271,gene,0.0,True,Gene
2509,1303,gene,0.0,True,Gene
2510,130340,gene,0.0,True,Gene
2511,130355,gene,0.0,True,Gene
2512,130367,gene,0.0,True,Gene
2513,130399,gene,0.0,True,Gene
2514,130497,gene,0.0,True,Gene
2515,1305,gene,0.0,True,Gene
2516,130502,gene,0.0,True,Gene
2517,130507,gene,0.0,True,Gene
2518,130535,gene,0.0,True,Gene
2519,130540,gene,0.0,True,Gene
2520,130557,gene,0.0,True,Gene
2521,130574,gene,0.0,True,Gene
2522,130576,gene,0.0,True,Gene
2523,130589,gene,0.0,True,Gene
2524,1306,gene,0.0,True,Gene
2525,130612,gene,0.0,True,Gene
2526,130617,gene,0.0,True,Gene
2527,1307,gene,0.0,True,Gene
2528,130733,gene,0.0,True,Gene
2529,130749,gene,0.0,True,Gene
2530,130752,gene,0.0,True,Gene
2531,1308,gene,0.0,True,Gene
2532,130813,gene,0.0,True,Gene
2533,130814,gene,0.0,True,Gene
2534,130827,gene,0.0,True,Gene
2535,130888,gene,0.0,True,Gene
2536,130916,gene,0.0,True,Gene
2537,130940,gene,0.0,True,Gene
2538,130951,gene,0.0,True,Gene
2539,131,gene,0.0,True,Gene
2540,1310,gene,0.0,True,Gene
2541,131034,gene,0.0,True,Gene
2542,131076,gene,0.0,True,Gene
2543,131096,gene,0.0,True,Gene
2544,1311,gene,0.0,True,Gene
2545,131118,gene,0.0,True,Gene
2546,131149,gene,0.0,True,Gene
2547,131177,gene,0.0,True,Gene
2548,1312,gene,0.0,True,Gene
2549,131368,gene,0.0,True,Gene
2550,131375,gene,0.0,True,Gene
2551,131377,gene,0.0,True,Gene
2552,1314,gene,0.0,True,Gene
2553,131405,gene,0.0,True,Gene
2554,131408,gene,0.0,True,Gene
2555,131450,gene,0.0,True,Gene
2556,131474,gene,0.0,True,Gene
2557,1315,gene,0.0,True,Gene
2558,131540,gene,0.0,True,Gene
2559,131544,gene,0.0,True,Gene
2560,131566,gene,0.0,True,Gene
2561,131578,gene,0.0,True,Gene
2562,131583,gene,0.0,True,Gene
2563,1316,gene,0.0,True,Gene
2564,131601,gene,0.0,True,Gene
2565,131616,gene,0.0,True,Gene
2566,131669,gene,0.0,True,Gene
2567,131675794,gene,0.0,True,Gene
2568,1317,gene,0.0,True,Gene
2569,131768270,gene,0.0,True,Gene
2570,1318,gene,0.0,True,Gene
2571,131831,gene,0.0,True,Gene
2572,131870,gene,0.0,True,Gene
2573,131873,gene,0.0,True,Gene
2574,131890,gene,0.0,True,Gene
2575,131920,gene,0.0,True,Gene
2576,131965,gene,0.0,True,Gene
2577,132,gene,0.0,True,Gene
2578,132001,gene,0.0,True,Gene
2579,132014,gene,0.0,True,Gene
2580,132112,gene,0.0,True,Gene
2581,132141,gene,0.0,True,Gene
2582,132158,gene,0.0,True,Gene
2583,132160,gene,0.0,True,Gene
2584,132200,gene,0.0,True,Gene
2585,132203,gene,0.0,True,Gene
2586,132204,gene,0.0,True,Gene
2587,132228,gene,0.0,True,Gene
2588,132243,gene,0.0,True,Gene
2589,132299,gene,0.0,True,Gene
2590,132320,gene,0.0,True,Gene
2591,132321,gene,0.0,True,Gene
2592,132332,gene,0.0,True,Gene
2593,132430,gene,0.0,True,Gene
2594,1325,gene,0.0,True,Gene
2595,1326,gene,0.0,True,Gene
2596,132625,gene,0.0,True,Gene
2597,132660,gene,0.0,True,Gene
2598,132671,gene,0.0,True,Gene
2599,1327,gene,0.0,True,Gene
2600,132720,gene,0.0,True,Gene
2601,132789,gene,0.0,True,Gene
2602,132851,gene,0.0,True,Gene
2603,132864,gene,0.0,True,Gene
2604,132884,gene,0.0,True,Gene
2605,1329,gene,0.0,True,Gene
2606,132946,gene,0.0,True,Gene
2607,132949,gene,0.0,True,Gene
2608,132954,gene,0.0,True,Gene
2609,132989,gene,0.0,True,Gene
2610,133,gene,0.0,True,Gene
2611,133015,gene,0.0,True,Gene
2612,133022,gene,0.0,True,Gene
2613,133121,gene,0.0,True,Gene
2614,133308,gene,0.0,True,Gene
2615,133383,gene,0.0,True,Gene
2616,133396,gene,0.0,True,Gene
2617,133418,gene,0.68069685,True,Gene
2618,133482,gene,0.0,True,Gene
2619,133491,gene,0.0,True,Gene
2620,133522,gene,0.0,True,Gene
2621,133558,gene,0.0,True,Gene
2622,133584,gene,0.0,True,Gene
2623,133619,gene,0.0,True,Gene
2624,133686,gene,0.0,True,Gene
2625,133688,gene,0.0,True,Gene
2626,133690,gene,0.0,True,Gene
2627,1337,gene,0.0,True,Gene
2628,133746,gene,0.0,True,Gene
2629,133874,gene,0.0,True,Gene
2630,1339,gene,0.0,True,Gene
2631,133923,gene,0.0,True,Gene
2632,133957,gene,0.0,True,Gene
2633,134,gene,0.0,True,Gene
2634,1340,gene,0.0,True,Gene
2635,134111,gene,0.0,True,Gene
2636,134121,gene,0.0,True,Gene
2637,134145,gene,0.0,True,Gene
2638,134147,gene,0.0,True,Gene
2639,134187,gene,0.0,True,Gene
2640,134218,gene,0.0,True,Gene
2641,134265,gene,0.0,True,Gene
2642,134266,gene,0.0,True,Gene
2643,134285,gene,0.0,True,Gene
2644,134288,gene,0.0,True,Gene
2645,134353,gene,0.0,True,Gene
2646,134359,gene,0.0,True,Gene
2647,134391,gene,0.0,True,Gene
2648,134429,gene,0.0,True,Gene
2649,134430,gene,0.0,True,Gene
2650,134492,gene,0.0,True,Gene
2651,1345,gene,0.0,True,Gene
2652,134510,gene,0.0,True,Gene
2653,134526,gene,0.0,True,Gene
2654,134548,gene,0.0,True,Gene
2655,134549,gene,0.0,True,Gene
2656,134553,gene,0.0,True,Gene
2657,1346,gene,0.0,True,Gene
2658,134637,gene,0.0,True,Gene
2659,1347,gene,0.0,True,Gene
2660,134701,gene,0.0,True,Gene
2661,134728,gene,0.0,True,Gene
2662,134826889,gene,0.0,True,Gene
2663,134829,gene,0.0,True,Gene
2664,134860,gene,0.0,True,Gene
2665,134864,gene,0.0,True,Gene
2666,1349,gene,0.0,True,Gene
2667,134957,gene,0.0,True,Gene
2668,135,gene,0.0,True,Gene
2669,1350,gene,0.0,True,Gene
2670,1351,gene,0.0,True,Gene
2671,135112,gene,0.0,True,Gene
2672,135114,gene,0.0,True,Gene
2673,135138,gene,0.0,True,Gene
2674,135152,gene,0.0,True,Gene
2675,135154,gene,0.0,True,Gene
2676,1352,gene,0.0,True,Gene
2677,135228,gene,0.0,True,Gene
2678,135250,gene,0.0,True,Gene
2679,135293,gene,0.0,True,Gene
2680,135295,gene,0.0,True,Gene
2681,1353,gene,0.0,True,Gene
2682,135398,gene,0.0,True,Gene
2683,135458,gene,0.0,True,Gene
2684,1355,gene,0.0,True,Gene
2685,1356,gene,0.0,True,Gene
2686,135644,gene,0.0,True,Gene
2687,135656,gene,0.0,True,Gene
2688,1357,gene,0.0,True,Gene
2689,1358,gene,0.0,True,Gene
2690,135886,gene,0.0,True,Gene
2691,135892,gene,0.0,True,Gene
2692,1359,gene,0.0,True,Gene
2693,135927,gene,0.0,True,Gene
2694,135932,gene,0.0,True,Gene
2695,136,gene,0.0,True,Gene
2696,1360,gene,0.0,True,Gene
2697,136051,gene,0.0,True,Gene
2698,1361,gene,0.0,True,Gene
2699,136157,gene,0.0,True,Gene
2700,1362,gene,0.0,True,Gene
2701,136227,gene,0.0,True,Gene
2702,136242,gene,0.0,True,Gene
2703,136259,gene,0.0,True,Gene
2704,136263,gene,0.0,True,Gene
2705,136288,gene,0.0,True,Gene
2706,1363,gene,0.0,True,Gene
2707,136306,gene,0.0,True,Gene
2708,136319,gene,0.0,True,Gene
2709,136332,gene,0.0,True,Gene
2710,136371,gene,0.0,True,Gene
2711,1364,gene,0.0,True,Gene
2712,1365,gene,0.0,True,Gene
2713,136541,gene,0.0,True,Gene
2714,1366,gene,0.0,True,Gene
2715,136647,gene,0.0,True,Gene
2716,1368,gene,0.0,True,Gene
2717,136853,gene,0.0,True,Gene
2718,136895,gene,0.0,True,Gene
2719,1369,gene,0.0,True,Gene
2720,136991,gene,0.0,True,Gene
2721,1370,gene,0.0,True,Gene
2722,137075,gene,0.0,True,Gene
2723,1371,gene,0.0,True,Gene
2724,137209,gene,0.0,True,Gene
2725,1373,gene,0.0,True,Gene
2726,137392,gene,0.0,True,Gene
2727,1374,gene,0.0,True,Gene
2728,137492,gene,0.0,True,Gene
2729,1375,gene,0.0,True,Gene
2730,1376,gene,0.0,True,Gene
2731,137682,gene,0.0,True,Gene
2732,137695,gene,0.0,True,Gene
2733,137735,gene,0.0,True,Gene
2734,137797,gene,0.0,True,Gene
2735,1378,gene,0.0,True,Gene
2736,137814,gene,0.0,True,Gene
2737,137835,gene,0.0,True,Gene
2738,137868,gene,0.0,True,Gene
2739,137872,gene,0.0,True,Gene
2740,137886,gene,0.0,True,Gene
2741,1379,gene,0.0,True,Gene
2742,137902,gene,0.0,True,Gene
2743,137964,gene,0.0,True,Gene
2744,137970,gene,0.0,True,Gene
2745,137994,gene,0.0,True,Gene
2746,1380,gene,0.0,True,Gene
2747,138009,gene,0.0,True,Gene
2748,138046,gene,0.0,True,Gene
2749,138050,gene,0.0,True,Gene
2750,138065,gene,0.0,True,Gene
2751,1381,gene,0.0,True,Gene
2752,138151,gene,0.0,True,Gene
2753,138162,gene,0.0,True,Gene
2754,138199,gene,0.0,True,Gene
2755,1382,gene,0.0,True,Gene
2756,138240,gene,0.0,True,Gene
2757,138241,gene,0.0,True,Gene
2758,138255,gene,0.0,True,Gene
2759,138307,gene,0.0,True,Gene
2760,138311,gene,0.0,True,Gene
2761,1384,gene,0.0,True,Gene
2762,138428,gene,0.0,True,Gene
2763,138429,gene,0.0,True,Gene
2764,138474,gene,0.0,True,Gene
2765,1385,gene,0.0,True,Gene
2766,1386,gene,0.0,True,Gene
2767,138639,gene,0.0,True,Gene
2768,1387,gene,0.0,True,Gene
2769,138715,gene,0.0,True,Gene
2770,138716,gene,0.0,True,Gene
2771,138724,gene,0.0,True,Gene
2772,1388,gene,0.0,True,Gene
2773,1389,gene,0.0,True,Gene
2774,1390,gene,0.0,True,Gene
2775,139065,gene,0.0,True,Gene
2776,139067,gene,0.0,True,Gene
2777,139081,gene,0.0,True,Gene
2778,139105,gene,0.0,True,Gene
2779,139135,gene,0.0,True,Gene
2780,139170,gene,0.0,True,Gene
2781,139189,gene,0.0,True,Gene
2782,1392,gene,0.0,True,Gene
2783,139212,gene,0.0,True,Gene
2784,139221,gene,0.0,True,Gene
2785,139231,gene,0.0,True,Gene
2786,139285,gene,0.0,True,Gene
2787,1393,gene,0.0,True,Gene
2788,139322,gene,0.0,True,Gene
2789,139324,gene,0.0,True,Gene
2790,139341,gene,0.0,True,Gene
2791,139378,gene,0.0,True,Gene
2792,1394,gene,0.0,True,Gene
2793,139411,gene,0.0,True,Gene
2794,139422,gene,0.0,True,Gene
2795,139425,gene,0.0,True,Gene
2796,1395,gene,0.0,True,Gene
2797,139596,gene,0.0,True,Gene
2798,139599,gene,0.0,True,Gene
2799,1396,gene,0.0,True,Gene
2800,1397,gene,0.0,True,Gene
2801,139716,gene,0.0,True,Gene
2802,139728,gene,0.0,True,Gene
2803,139735,gene,0.0,True,Gene
2804,139793,gene,0.0,True,Gene
2805,1398,gene,0.0,True,Gene
2806,139818,gene,0.0,True,Gene
2807,139886,gene,0.0,True,Gene
2808,1399,gene,0.0,True,Gene
2809,14,gene,0.0,True,Gene
2810,140,gene,0.0,True,Gene
2811,1400,gene,0.0,True,Gene
2812,140032,gene,0.0,True,Gene
2813,1401,gene,0.0,True,Gene
2814,140258,gene,0.0,True,Gene
2815,140290,gene,0.0,True,Gene
2816,1404,gene,0.0,True,Gene
2817,140432,gene,0.0,True,Gene
2818,140453,gene,0.8412447,True,Gene
2819,140456,gene,0.0,True,Gene
2820,140458,gene,0.0,True,Gene
2821,140459,gene,0.0,True,Gene
2822,140460,gene,0.0,True,Gene
2823,140461,gene,0.0,True,Gene
2824,140462,gene,0.0,True,Gene
2825,140465,gene,0.0,True,Gene
2826,140467,gene,0.0,True,Gene
2827,140469,gene,0.0,True,Gene
2828,140545,gene,0.0,True,Gene
2829,140564,gene,0.0,True,Gene
2830,140576,gene,0.0,True,Gene
2831,140578,gene,0.0,True,Gene
2832,140596,gene,0.0,True,Gene
2833,140597,gene,0.0,True,Gene
2834,1406,gene,0.0,True,Gene
2835,140606,gene,0.0,True,Gene
2836,140609,gene,0.0,True,Gene
2837,140612,gene,0.0,True,Gene
2838,140625,gene,0.0,True,Gene
2839,140628,gene,0.0,True,Gene
2840,140679,gene,0.0,True,Gene
2841,140680,gene,0.0,True,Gene
2842,140683,gene,0.0,True,Gene
2843,140685,gene,0.0,True,Gene
2844,140686,gene,0.0,True,Gene
2845,140687,gene,0.0,True,Gene
2846,140688,gene,0.0,True,Gene
2847,140689,gene,0.0,True,Gene
2848,140690,gene,0.0,True,Gene
2849,140691,gene,0.0,True,Gene
2850,140699,gene,0.0,True,Gene
2851,1407,gene,0.0,True,Gene
2852,140700,gene,0.0,True,Gene
2853,140701,gene,0.0,True,Gene
2854,140706,gene,0.0,True,Gene
2855,140707,gene,0.0,True,Gene
2856,140710,gene,0.0,True,Gene
2857,140711,gene,0.0,True,Gene
2858,140730,gene,0.0,True,Gene
2859,140731,gene,0.0,True,Gene
2860,140732,gene,0.0,True,Gene
2861,140733,gene,0.0,True,Gene
2862,140735,gene,0.0,True,Gene
2863,140738,gene,0.0,True,Gene
2864,140739,gene,0.0,True,Gene
2865,140766,gene,0.0,True,Gene
2866,140767,gene,0.0,True,Gene
2867,140775,gene,0.0,True,Gene
2868,1408,gene,0.0,True,Gene
2869,140801,gene,0.0,True,Gene
2870,140803,gene,0.0,True,Gene
2871,140807,gene,0.0,True,Gene
2872,140809,gene,0.0,True,Gene
2873,140823,gene,0.0,True,Gene
2874,140825,gene,0.0,True,Gene
2875,140831,gene,0.0,True,Gene
2876,140832,gene,0.0,True,Gene
2877,140836,gene,0.0,True,Gene
2878,140838,gene,0.0,True,Gene
2879,140850,gene,0.0,True,Gene
2880,140856,gene,0.0,True,Gene
2881,140862,gene,0.0,True,Gene
2882,140870,gene,0.0,True,Gene
2883,140876,gene,0.0,True,Gene
2884,140880,gene,0.0,True,Gene
2885,140881,gene,0.0,True,Gene
2886,140883,gene,0.0,True,Gene
2887,140885,gene,0.0,True,Gene
2888,140886,gene,0.0,True,Gene
2889,140890,gene,0.0,True,Gene
2890,140893,gene,0.0,True,Gene
2891,140894,gene,0.0,True,Gene
2892,1409,gene,0.0,True,Gene
2893,140901,gene,0.0,True,Gene
2894,140902,gene,0.0,True,Gene
2895,140947,gene,0.0,True,Gene
2896,141,gene,0.0,True,Gene
2897,1410,gene,0.0,True,Gene
2898,1411,gene,0.0,True,Gene
2899,1412,gene,0.0,True,Gene
2900,1413,gene,0.0,True,Gene
2901,1414,gene,0.0,True,Gene
2902,1415,gene,0.0,True,Gene
2903,1417,gene,0.0,True,Gene
2904,1418,gene,0.0,True,Gene
2905,1419,gene,0.0,True,Gene
2906,142,gene,0.0,True,Gene
2907,1420,gene,0.0,True,Gene
2908,1421,gene,0.0,True,Gene
2909,142678,gene,0.0,True,Gene
2910,142679,gene,0.0,True,Gene
2911,142680,gene,0.0,True,Gene
2912,142683,gene,0.0,True,Gene
2913,142684,gene,0.0,True,Gene
2914,142685,gene,0.0,True,Gene
2915,142686,gene,0.0,True,Gene
2916,142689,gene,0.0,True,Gene
2917,1427,gene,0.0,True,Gene
2918,1428,gene,0.0,True,Gene
2919,142827,gene,0.0,True,Gene
2920,142891,gene,0.0,True,Gene
2921,1429,gene,0.0,True,Gene
2922,142910,gene,0.0,True,Gene
2923,142940,gene,0.0,True,Gene
2924,143,gene,0.0,True,Gene
2925,143098,gene,0.0,True,Gene
2926,1431,gene,0.0,True,Gene
2927,143162,gene,0.0,True,Gene
2928,143187,gene,0.0,True,Gene
2929,1432,gene,0.0,True,Gene
2930,143241,gene,0.0,True,Gene
2931,143244,gene,0.0,True,Gene
2932,143279,gene,0.0,True,Gene
2933,143282,gene,0.0,True,Gene
2934,143379,gene,0.0,True,Gene
2935,143384,gene,0.0,True,Gene
2936,1434,gene,0.0,True,Gene
2937,143425,gene,0.0,True,Gene
2938,143458,gene,0.0,True,Gene
2939,143471,gene,0.0,True,Gene
2940,1435,gene,0.0,True,Gene
2941,143506,gene,0.0,True,Gene
2942,143570,gene,0.0,True,Gene
2943,1436,gene,0.0,True,Gene
2944,143630,gene,0.0,True,Gene
2945,143662,gene,0.0,True,Gene
2946,143678,gene,0.0,True,Gene
2947,143684,gene,0.0,True,Gene
2948,143686,gene,0.0,True,Gene
2949,143689,gene,0.0,True,Gene
2950,1437,gene,0.0,True,Gene
2951,1438,gene,0.0,True,Gene
2952,143872,gene,0.0,True,Gene
2953,143879,gene,0.0,True,Gene
2954,143884,gene,0.0,True,Gene
2955,143888,gene,0.0,True,Gene
2956,1439,gene,0.0,True,Gene
2957,143903,gene,0.0,True,Gene
2958,143941,gene,0.0,True,Gene
2959,1440,gene,0.0,True,Gene
2960,144097,gene,0.0,True,Gene
2961,1441,gene,0.0,True,Gene
2962,144100,gene,0.0,True,Gene
2963,144108,gene,0.0,True,Gene
2964,144110,gene,0.0,True,Gene
2965,144132,gene,0.0,True,Gene
2966,144165,gene,0.0,True,Gene
2967,144193,gene,0.0,True,Gene
2968,144195,gene,0.0,True,Gene
2969,1442,gene,0.0,True,Gene
2970,144233,gene,0.0,True,Gene
2971,144245,gene,0.0,True,Gene
2972,144321,gene,0.0,True,Gene
2973,144347,gene,0.0,True,Gene
2974,144348,gene,0.0,True,Gene
2975,144363,gene,0.0,True,Gene
2976,1444,gene,0.0,True,Gene
2977,144402,gene,0.0,True,Gene
2978,144404,gene,0.0,True,Gene
2979,144406,gene,0.0,True,Gene
2980,144423,gene,0.0,True,Gene
2981,144448,gene,0.0,True,Gene
2982,144453,gene,0.0,True,Gene
2983,144455,gene,0.0,True,Gene
2984,1445,gene,0.0,True,Gene
2985,144501,gene,0.0,True,Gene
2986,144535,gene,0.0,True,Gene
2987,144568,gene,0.0,True,Gene
2988,144577,gene,0.0,True,Gene
2989,1446,gene,0.0,True,Gene
2990,144608,gene,0.0,True,Gene
2991,144699,gene,0.0,True,Gene
2992,144715,gene,0.0,True,Gene
2993,144717,gene,0.0,True,Gene
2994,144809,gene,0.0,True,Gene
2995,144811,gene,0.0,True,Gene
2996,144983,gene,0.0,True,Gene
2997,145173,gene,0.0,True,Gene
2998,1452,gene,0.0,True,Gene
2999,145226,gene,0.0,True,Gene
3000,145258,gene,0.0,True,Gene
3001,145264,gene,0.0,True,Gene
3002,145270,gene,0.0,True,Gene
3003,145282,gene,0.0,True,Gene
3004,1453,gene,0.0,True,Gene
3005,145376,gene,0.0,True,Gene
3006,145389,gene,0.0,True,Gene
3007,1454,gene,0.0,True,Gene
3008,145407,gene,0.0,True,Gene
3009,145447,gene,0.0,True,Gene
3010,145482,gene,0.0,True,Gene
3011,145483,gene,0.0,True,Gene
3012,145497,gene,0.0,True,Gene
3013,1455,gene,0.0,True,Gene
3014,145501,gene,0.0,True,Gene
3015,145508,gene,0.0,True,Gene
3016,145553,gene,0.0,True,Gene
3017,145567,gene,0.0,True,Gene
3018,145581,gene,0.0,True,Gene
3019,1456,gene,0.0,True,Gene
3020,145645,gene,0.0,True,Gene
3021,1457,gene,0.0,True,Gene
3022,145741,gene,0.0,True,Gene
3023,145748,gene,0.0,True,Gene
3024,145773,gene,0.0,True,Gene
3025,145781,gene,0.0,True,Gene
3026,145788,gene,0.0,True,Gene
3027,145814,gene,0.0,True,Gene
3028,145853,gene,0.0,True,Gene
3029,145864,gene,0.0,True,Gene
3030,145873,gene,0.0,True,Gene
3031,1459,gene,0.0,True,Gene
3032,145942,gene,0.0,True,Gene
3033,145957,gene,0.0,True,Gene
3034,146,gene,0.0,True,Gene
3035,1460,gene,0.0,True,Gene
3036,146050,gene,0.0,True,Gene
3037,146057,gene,0.0,True,Gene
3038,146059,gene,0.0,True,Gene
3039,146167,gene,0.0,True,Gene
3040,146177,gene,0.0,True,Gene
3041,146183,gene,0.0,True,Gene
3042,146198,gene,0.0,True,Gene
3043,1462,gene,0.0,True,Gene
3044,146206,gene,0.0,True,Gene
3045,146212,gene,0.0,True,Gene
3046,146223,gene,0.0,True,Gene
3047,146225,gene,0.0,True,Gene
3048,146227,gene,0.0,True,Gene
3049,146279,gene,0.0,True,Gene
3050,1463,gene,0.0,True,Gene
3051,146310,gene,0.0,True,Gene
3052,146325,gene,0.0,True,Gene
3053,146330,gene,0.0,True,Gene
3054,146378,gene,0.0,True,Gene
3055,146395,gene,0.0,True,Gene
3056,1464,gene,0.0,True,Gene
3057,146429,gene,0.0,True,Gene
3058,146433,gene,0.0,True,Gene
3059,146434,gene,0.0,True,Gene
3060,146439,gene,0.0,True,Gene
3061,146456,gene,0.0,True,Gene
3062,1465,gene,0.0,True,Gene
3063,146540,gene,0.0,True,Gene
3064,146542,gene,0.0,True,Gene
3065,146547,gene,0.0,True,Gene
3066,146556,gene,0.0,True,Gene
3067,146562,gene,0.0,True,Gene
3068,1466,gene,0.0,True,Gene
3069,146664,gene,0.0,True,Gene
3070,146691,gene,0.0,True,Gene
3071,146705,gene,0.0,True,Gene
3072,146712,gene,0.0,True,Gene
3073,146713,gene,0.0,True,Gene
3074,146722,gene,0.0,True,Gene
3075,146754,gene,0.0,True,Gene
3076,146760,gene,0.0,True,Gene
3077,146779,gene,0.0,True,Gene
3078,1468,gene,0.0,True,Gene
3079,146802,gene,0.0,True,Gene
3080,146822,gene,0.0,True,Gene
3081,146845,gene,0.0,True,Gene
3082,146849,gene,0.0,True,Gene
3083,146850,gene,0.0,True,Gene
3084,146852,gene,0.0,True,Gene
3085,146853,gene,0.0,True,Gene
3086,146857,gene,0.0,True,Gene
3087,146861,gene,0.0,True,Gene
3088,146862,gene,0.0,True,Gene
3089,146894,gene,0.0,True,Gene
3090,1469,gene,0.0,True,Gene
3091,146909,gene,0.0,True,Gene
3092,146923,gene,0.0,True,Gene
3093,146956,gene,0.0,True,Gene
3094,147,gene,0.0,True,Gene
3095,1470,gene,0.0,True,Gene
3096,147007,gene,0.0,True,Gene
3097,147011,gene,0.0,True,Gene
3098,147015,gene,0.0,True,Gene
3099,147040,gene,0.0,True,Gene
3100,1471,gene,0.0,True,Gene
3101,147111,gene,0.0,True,Gene
3102,147138,gene,0.0,True,Gene
3103,147179,gene,0.0,True,Gene
3104,147183,gene,0.0,True,Gene
3105,1472,gene,0.0,True,Gene
3106,1473,gene,0.0,True,Gene
3107,147323,gene,0.0,True,Gene
3108,147339,gene,0.0,True,Gene
3109,147372,gene,0.0,True,Gene
3110,147381,gene,0.0,True,Gene
3111,1474,gene,0.0,True,Gene
3112,147407,gene,0.0,True,Gene
3113,147409,gene,0.0,True,Gene
3114,147463,gene,0.0,True,Gene
3115,147495,gene,0.0,True,Gene
3116,1475,gene,0.0,True,Gene
3117,1476,gene,0.0,True,Gene
3118,147645,gene,0.0,True,Gene
3119,147646,gene,0.0,True,Gene
3120,147650,gene,0.0,True,Gene
3121,147657,gene,0.0,True,Gene
3122,147658,gene,0.0,True,Gene
3123,147660,gene,0.0,True,Gene
3124,147664,gene,0.0,True,Gene
3125,147670,gene,0.0,True,Gene
3126,147685,gene,0.0,True,Gene
3127,147686,gene,0.0,True,Gene
3128,147687,gene,0.0,True,Gene
3129,147694,gene,0.0,True,Gene
3130,147699,gene,0.0,True,Gene
3131,1477,gene,0.0,True,Gene
3132,147700,gene,0.0,True,Gene
3133,147710,gene,0.0,True,Gene
3134,147719,gene,0.0,True,Gene
3135,147741,gene,0.0,True,Gene
3136,147744,gene,0.0,True,Gene
3137,147746,gene,0.0,True,Gene
3138,147798,gene,0.0,True,Gene
3139,1478,gene,0.0,True,Gene
3140,147807,gene,0.0,True,Gene
3141,147808,gene,0.0,True,Gene
3142,147837,gene,0.0,True,Gene
3143,147841,gene,0.0,True,Gene
3144,147872,gene,0.0,True,Gene
3145,1479,gene,0.0,True,Gene
3146,147906,gene,0.0,True,Gene
3147,147912,gene,0.0,True,Gene
3148,147920,gene,0.0,True,Gene
3149,147923,gene,0.0,True,Gene
3150,147929,gene,0.0,True,Gene
3151,147945,gene,0.0,True,Gene
3152,147948,gene,0.0,True,Gene
3153,147949,gene,0.0,True,Gene
3154,147965,gene,0.0,True,Gene
3155,147968,gene,0.0,True,Gene
3156,147991,gene,0.0,True,Gene
3157,148,gene,0.0,True,Gene
3158,148003,gene,0.0,True,Gene
3159,148014,gene,0.0,True,Gene
3160,148022,gene,0.0,True,Gene
3161,148066,gene,0.0,True,Gene
3162,148103,gene,0.0,True,Gene
3163,148109,gene,0.0,True,Gene
3164,148113,gene,0.0,True,Gene
3165,148137,gene,0.0,True,Gene
3166,148156,gene,0.0,True,Gene
3167,148170,gene,0.0,True,Gene
3168,148198,gene,0.0,True,Gene
3169,1482,gene,0.0,True,Gene
3170,148203,gene,0.0,True,Gene
3171,148206,gene,0.0,True,Gene
3172,148213,gene,0.0,True,Gene
3173,148223,gene,0.0,True,Gene
3174,148229,gene,0.0,True,Gene
3175,148252,gene,0.0,True,Gene
3176,148254,gene,0.0,True,Gene
3177,148266,gene,0.0,True,Gene
3178,148268,gene,0.0,True,Gene
3179,148281,gene,0.0,True,Gene
3180,148304,gene,0.0,True,Gene
3181,148327,gene,0.0,True,Gene
3182,148345,gene,0.0,True,Gene
3183,148362,gene,0.0,True,Gene
3184,148398,gene,0.0,True,Gene
3185,148418,gene,0.0,True,Gene
3186,148423,gene,0.0,True,Gene
3187,148479,gene,0.0,True,Gene
3188,1485,gene,0.0,True,Gene
3189,148523,gene,0.0,True,Gene
3190,148534,gene,0.0,True,Gene
3191,148545,gene,0.0,True,Gene
3192,148581,gene,0.0,True,Gene
3193,1486,gene,0.0,True,Gene
3194,148641,gene,0.0,True,Gene
3195,1487,gene,0.0,True,Gene
3196,148738,gene,0.0,True,Gene
3197,148741,gene,0.0,True,Gene
3198,148753,gene,0.0,True,Gene
3199,148789,gene,0.0,True,Gene
3200,1488,gene,0.0,True,Gene
3201,148808,gene,0.0,True,Gene
3202,148811,gene,0.0,True,Gene
3203,148823,gene,0.0,True,Gene
3204,148867,gene,0.0,True,Gene
3205,148870,gene,0.0,True,Gene
3206,1489,gene,0.0,True,Gene
3207,148930,gene,0.0,True,Gene
3208,148932,gene,0.0,True,Gene
3209,148979,gene,0.0,True,Gene
3210,1490,gene,0.0,True,Gene
3211,149013,gene,0.0,True,Gene
3212,149018,gene,0.0,True,Gene
3213,149041,gene,0.0,True,Gene
3214,149069,gene,0.0,True,Gene
3215,149076,gene,0.0,True,Gene
3216,149095,gene,0.0,True,Gene
3217,1491,gene,0.0,True,Gene
3218,149111,gene,0.0,True,Gene
3219,149175,gene,0.0,True,Gene
3220,149233,gene,0.0,True,Gene
3221,149281,gene,0.0,True,Gene
3222,149297,gene,0.0,True,Gene
3223,1493,gene,0.0,True,Gene
3224,149345,gene,0.0,True,Gene
3225,149371,gene,0.0,True,Gene
3226,149420,gene,0.0,True,Gene
3227,149428,gene,0.0,True,Gene
3228,149461,gene,0.0,True,Gene
3229,149465,gene,0.0,True,Gene
3230,149466,gene,0.0,True,Gene
3231,149473,gene,0.0,True,Gene
3232,149478,gene,0.0,True,Gene
3233,149483,gene,0.0,True,Gene
3234,149499,gene,0.0,True,Gene
3235,1495,gene,0.0,True,Gene
3236,149563,gene,0.0,True,Gene
3237,1496,gene,0.0,True,Gene
3238,149603,gene,0.0,True,Gene
3239,149628,gene,0.0,True,Gene
3240,149643,gene,0.0,True,Gene
3241,149647,gene,0.0,True,Gene
3242,149699,gene,0.0,True,Gene
3243,1497,gene,0.0,True,Gene
3244,149708,gene,0.0,True,Gene
3245,149840,gene,0.0,True,Gene
3246,1499,gene,0.0,True,Gene
3247,149951,gene,0.0,True,Gene
3248,149954,gene,0.0,True,Gene
3249,149986,gene,0.0,True,Gene
3250,149998,gene,3.1484966,True,Gene
3251,15,gene,0.0,True,Gene
3252,150,gene,0.0,True,Gene
3253,1500,gene,0.0,True,Gene
3254,150082,gene,0.0,True,Gene
3255,150084,gene,0.0,True,Gene
3256,150094,gene,0.0,True,Gene
3257,1501,gene,0.0,True,Gene
3258,150159,gene,0.0,True,Gene
3259,150165,gene,0.0,True,Gene
3260,150209,gene,0.0,True,Gene
3261,150221,gene,0.0,True,Gene
3262,150223,gene,0.0,True,Gene
3263,150248,gene,0.0,True,Gene
3264,150274,gene,0.0,True,Gene
3265,150275,gene,0.0,True,Gene
3266,150280,gene,0.0,True,Gene
3267,150290,gene,0.0,True,Gene
3268,150297,gene,0.0,True,Gene
3269,1503,gene,0.0,True,Gene
3270,150350,gene,0.0,True,Gene
3271,150353,gene,0.0,True,Gene
3272,150356,gene,0.0,True,Gene
3273,150365,gene,0.0,True,Gene
3274,150368,gene,0.0,True,Gene
3275,150372,gene,0.0,True,Gene
3276,150379,gene,0.0,True,Gene
3277,150383,gene,0.0,True,Gene
3278,1504,gene,0.0,True,Gene
3279,150465,gene,0.0,True,Gene
3280,150468,gene,0.0,True,Gene
3281,150472,gene,0.0,True,Gene
3282,150483,gene,0.0,True,Gene
3283,150572,gene,0.0,True,Gene
3284,150590,gene,0.0,True,Gene
3285,1506,gene,0.0,True,Gene
3286,150677,gene,0.0,True,Gene
3287,150678,gene,0.0,True,Gene
3288,150684,gene,0.0,True,Gene
3289,150696,gene,0.0,True,Gene
3290,150709,gene,0.0,True,Gene
3291,150726,gene,0.0,True,Gene
3292,150737,gene,0.0,True,Gene
3293,150763,gene,0.0,True,Gene
3294,150771,gene,0.0,True,Gene
3295,150786,gene,0.0,True,Gene
3296,1508,gene,0.0,True,Gene
3297,150864,gene,0.0,True,Gene
3298,1509,gene,0.0,True,Gene
3299,150921,gene,0.0,True,Gene
3300,150946,gene,0.0,True,Gene
3301,150962,gene,0.0,True,Gene
3302,151,gene,0.0,True,Gene
3303,1510,gene,0.0,True,Gene
3304,151011,gene,0.0,True,Gene
3305,151050,gene,0.0,True,Gene
3306,151056,gene,0.0,True,Gene
3307,1511,gene,0.0,True,Gene
3308,151112,gene,0.0,True,Gene
3309,151126,gene,0.0,True,Gene
3310,151176,gene,0.0,True,Gene
3311,151188,gene,0.0,True,Gene
3312,151194,gene,0.0,True,Gene
3313,151195,gene,0.0,True,Gene
3314,1512,gene,0.0,True,Gene
3315,151230,gene,0.0,True,Gene
3316,151242,gene,0.0,True,Gene
3317,151246,gene,0.0,True,Gene
3318,151254,gene,0.0,True,Gene
3319,151258,gene,0.0,True,Gene
3320,151295,gene,0.0,True,Gene
3321,1513,gene,0.0,True,Gene
3322,151306,gene,0.0,True,Gene
3323,151313,gene,0.0,True,Gene
3324,151354,gene,0.0,True,Gene
3325,151393,gene,0.0,True,Gene
3326,1514,gene,0.0,True,Gene
3327,151449,gene,0.0,True,Gene
3328,151473,gene,0.0,True,Gene
3329,1515,gene,0.0,True,Gene
3330,151507,gene,0.0,True,Gene
3331,151516,gene,0.0,True,Gene
3332,151525,gene,0.0,True,Gene
3333,151531,gene,0.0,True,Gene
3334,151556,gene,0.0,True,Gene
3335,151613,gene,0.0,True,Gene
3336,151636,gene,0.0,True,Gene
3337,151647,gene,0.0,True,Gene
3338,151648,gene,0.0,True,Gene
3339,151649,gene,0.0,True,Gene
3340,151651,gene,0.0,True,Gene
3341,151742,gene,0.0,True,Gene
3342,151790,gene,0.0,True,Gene
3343,151827,gene,0.0,True,Gene
3344,151835,gene,0.0,True,Gene
3345,151887,gene,0.0,True,Gene
3346,151888,gene,0.0,True,Gene
3347,1519,gene,0.0,True,Gene
3348,151903,gene,0.0,True,Gene
3349,151963,gene,0.0,True,Gene
3350,151987,gene,0.0,True,Gene
3351,152,gene,0.0,True,Gene
3352,1520,gene,0.0,True,Gene
3353,152002,gene,0.0,True,Gene
3354,152006,gene,0.0,True,Gene
3355,152007,gene,0.0,True,Gene
3356,152015,gene,0.0,True,Gene
3357,152065,gene,0.0,True,Gene
3358,152098,gene,0.0,True,Gene
3359,1521,gene,0.0,True,Gene
3360,152100,gene,0.0,True,Gene
3361,152110,gene,0.0,True,Gene
3362,152137,gene,0.0,True,Gene
3363,152138,gene,0.0,True,Gene
3364,152185,gene,0.0,True,Gene
3365,152189,gene,0.0,True,Gene
3366,1522,gene,0.0,True,Gene
3367,152206,gene,0.0,True,Gene
3368,152217,gene,0.0,True,Gene
3369,152273,gene,0.0,True,Gene
3370,1523,gene,0.0,True,Gene
3371,152330,gene,0.0,True,Gene
3372,1524,gene,0.0,True,Gene
3373,152404,gene,0.0,True,Gene
3374,152405,gene,0.0,True,Gene
3375,152485,gene,0.0,True,Gene
3376,1525,gene,0.0,True,Gene
3377,152503,gene,0.0,True,Gene
3378,152518,gene,0.0,True,Gene
3379,152519,gene,0.0,True,Gene
3380,152559,gene,0.0,True,Gene
3381,152573,gene,0.0,True,Gene
3382,152579,gene,0.0,True,Gene
3383,152586,gene,0.0,True,Gene
3384,152687,gene,0.0,True,Gene
3385,1527,gene,0.0,True,Gene
3386,152789,gene,0.0,True,Gene
3387,1528,gene,0.0,True,Gene
3388,152815,gene,0.0,True,Gene
3389,152816,gene,0.0,True,Gene
3390,152831,gene,0.0,True,Gene
3391,152877,gene,0.0,True,Gene
3392,152926,gene,0.0,True,Gene
3393,152940,gene,0.0,True,Gene
3394,152992,gene,0.0,True,Gene
3395,153,gene,0.0,True,Gene
3396,153020,gene,0.0,True,Gene
3397,153090,gene,0.0,True,Gene
3398,153129,gene,0.0,True,Gene
3399,153201,gene,0.0,True,Gene
3400,153218,gene,0.0,True,Gene
3401,153222,gene,0.0,True,Gene
3402,153241,gene,0.0,True,Gene
3403,153328,gene,0.0,True,Gene
3404,153339,gene,0.0,True,Gene
3405,153364,gene,0.0,True,Gene
3406,153396,gene,0.0,True,Gene
3407,1534,gene,0.0,True,Gene
3408,153443,gene,0.0,True,Gene
3409,153478,gene,0.0,True,Gene
3410,1535,gene,0.0,True,Gene
3411,153527,gene,0.0,True,Gene
3412,153562,gene,0.0,True,Gene
3413,153572,gene,0.0,True,Gene
3414,153579,gene,0.0,True,Gene
3415,1536,gene,0.0,True,Gene
3416,153642,gene,0.0,True,Gene
3417,153643,gene,0.0,True,Gene
3418,153657,gene,0.0,True,Gene
3419,1537,gene,0.0,True,Gene
3420,153733,gene,0.0,True,Gene
3421,153743,gene,0.0,True,Gene
3422,153745,gene,0.0,True,Gene
3423,153768,gene,0.0,True,Gene
3424,153769,gene,0.0,True,Gene
3425,153770,gene,0.0,True,Gene
3426,1538,gene,0.0,True,Gene
3427,153830,gene,0.0,True,Gene
3428,1539,gene,0.0,True,Gene
3429,153918,gene,0.0,True,Gene
3430,154,gene,0.0,True,Gene
3431,1540,gene,0.0,True,Gene
3432,154007,gene,0.0,True,Gene
3433,154043,gene,0.0,True,Gene
3434,154064,gene,0.0,True,Gene
3435,154075,gene,0.0,True,Gene
3436,154091,gene,0.0,True,Gene
3437,154141,gene,0.0,True,Gene
3438,154150,gene,0.0,True,Gene
3439,154197,gene,0.0,True,Gene
3440,154214,gene,0.0,True,Gene
3441,154215,gene,0.0,True,Gene
3442,154288,gene,0.0,True,Gene
3443,1543,gene,0.0,True,Gene
3444,154313,gene,0.0,True,Gene
3445,1544,gene,0.0,True,Gene
3446,154467,gene,0.0,True,Gene
3447,1545,gene,0.0,True,Gene
3448,154661,gene,0.0,True,Gene
3449,154664,gene,0.0,True,Gene
3450,154743,gene,0.0,True,Gene
3451,154790,gene,0.0,True,Gene
3452,154791,gene,0.0,True,Gene
3453,154796,gene,0.0,True,Gene
3454,1548,gene,0.0,True,Gene
3455,154807,gene,0.0,True,Gene
3456,154810,gene,0.0,True,Gene
3457,154865,gene,0.0,True,Gene
3458,154881,gene,0.0,True,Gene
3459,1549,gene,0.0,True,Gene
3460,155,gene,0.0,True,Gene
3461,155006,gene,0.0,True,Gene
3462,155038,gene,0.0,True,Gene
3463,155051,gene,0.0,True,Gene
3464,155054,gene,0.0,True,Gene
3465,155061,gene,0.0,True,Gene
3466,155066,gene,0.0,True,Gene
3467,1551,gene,0.0,True,Gene
3468,155184,gene,0.0,True,Gene
3469,155185,gene,0.0,True,Gene
3470,1553,gene,0.0,True,Gene
3471,155368,gene,0.0,True,Gene
3472,155382,gene,0.0,True,Gene
3473,155435,gene,0.0,True,Gene
3474,155465,gene,0.0,True,Gene
3475,1555,gene,0.0,True,Gene
3476,1557,gene,0.0,True,Gene
3477,1558,gene,0.0,True,Gene
3478,1559,gene,0.0,True,Gene
3479,156,gene,0.0,True,Gene
3480,1562,gene,0.0,True,Gene
3481,1565,gene,0.0,True,Gene
3482,157,gene,0.0,True,Gene
3483,1571,gene,0.0,True,Gene
3484,1572,gene,0.0,True,Gene
3485,157285,gene,0.0,True,Gene
3486,1573,gene,0.0,True,Gene
3487,157310,gene,0.0,True,Gene
3488,157313,gene,0.0,True,Gene
3489,157378,gene,0.0,True,Gene
3490,157506,gene,0.0,True,Gene
3491,157542,gene,0.0,True,Gene
3492,157567,gene,0.0,True,Gene
3493,157570,gene,0.0,True,Gene
3494,157574,gene,0.0,True,Gene
3495,1576,gene,0.0,True,Gene
3496,157638,gene,0.0,True,Gene
3497,157657,gene,0.0,True,Gene
3498,157680,gene,1.3021218,True,Gene
3499,157695,gene,0.0,True,Gene
3500,157697,gene,0.0,True,Gene
3501,1577,gene,0.0,True,Gene
3502,157753,gene,0.0,True,Gene
3503,157769,gene,0.0,True,Gene
3504,157773,gene,0.0,True,Gene
3505,157777,gene,0.0,True,Gene
3506,157807,gene,0.0,True,Gene
3507,157848,gene,0.0,True,Gene
3508,157855,gene,0.0,True,Gene
3509,157869,gene,0.0,True,Gene
3510,1579,gene,0.0,True,Gene
3511,157922,gene,0.0,True,Gene
3512,158,gene,0.0,True,Gene
3513,1580,gene,0.0,True,Gene
3514,158038,gene,0.0,True,Gene
3515,158046,gene,0.0,True,Gene
3516,158056,gene,0.0,True,Gene
3517,158062,gene,0.0,True,Gene
3518,158067,gene,0.0,True,Gene
3519,1581,gene,0.0,True,Gene
3520,158135,gene,0.0,True,Gene
3521,158158,gene,0.0,True,Gene
3522,1582,gene,0.0,True,Gene
3523,158219,gene,0.0,True,Gene
3524,158234,gene,0.0,True,Gene
3525,158248,gene,0.0,True,Gene
3526,158293,gene,0.0,True,Gene
3527,158297,gene,0.0,True,Gene
3528,1583,gene,0.0,True,Gene
3529,158326,gene,0.0,True,Gene
3530,158358,gene,0.0,True,Gene
3531,158376,gene,0.0,True,Gene
3532,158399,gene,0.0,True,Gene
3533,1584,gene,0.0,True,Gene
3534,158401,gene,0.0,True,Gene
3535,158405,gene,0.0,True,Gene
3536,158427,gene,0.0,True,Gene
3537,158431,gene,0.0,True,Gene
3538,158471,gene,0.0,True,Gene
3539,1585,gene,0.0,True,Gene
3540,158511,gene,0.0,True,Gene
3541,158521,gene,0.0,True,Gene
3542,158584,gene,0.0,True,Gene
3543,158586,gene,0.0,True,Gene
3544,1586,gene,0.0,True,Gene
3545,158747,gene,0.0,True,Gene
3546,158763,gene,0.0,True,Gene
3547,158787,gene,0.0,True,Gene
3548,158798,gene,0.0,True,Gene
3549,1588,gene,0.0,True,Gene
3550,158800,gene,0.0,True,Gene
3551,158809,gene,0.0,True,Gene
3552,158830,gene,0.0,True,Gene
3553,158833,gene,0.0,True,Gene
3554,158835,gene,0.0,True,Gene
3555,158866,gene,0.0,True,Gene
3556,158880,gene,0.0,True,Gene
3557,1589,gene,0.0,True,Gene
3558,159,gene,0.0,True,Gene
3559,159013,gene,0.0,True,Gene
3560,159090,gene,0.0,True,Gene
3561,159091,gene,0.0,True,Gene
3562,1591,gene,0.0,True,Gene
3563,159119,gene,0.0,True,Gene
3564,159163,gene,0.0,True,Gene
3565,159195,gene,0.0,True,Gene
3566,1592,gene,0.0,True,Gene
3567,159296,gene,0.0,True,Gene
3568,1593,gene,0.0,True,Gene
3569,159371,gene,0.0,True,Gene
3570,1594,gene,0.0,True,Gene
3571,1595,gene,0.0,True,Gene
3572,159686,gene,0.0,True,Gene
3573,159963,gene,0.0,True,Gene
3574,159989,gene,0.0,True,Gene
3575,16,gene,0.0,True,Gene
3576,160,gene,0.0,True,Gene
3577,1600,gene,0.0,True,Gene
3578,1601,gene,0.0,True,Gene
3579,160140,gene,0.0,True,Gene
3580,1602,gene,0.0,True,Gene
3581,160287,gene,0.0,True,Gene
3582,160298,gene,0.0,True,Gene
3583,1603,gene,0.0,True,Gene
3584,160335,gene,0.0,True,Gene
3585,160364,gene,0.0,True,Gene
3586,1604,gene,0.0,True,Gene
3587,160418,gene,0.0,True,Gene
3588,160419,gene,0.0,True,Gene
3589,160428,gene,0.0,True,Gene
3590,160492,gene,0.0,True,Gene
3591,1605,gene,0.0,True,Gene
3592,160518,gene,0.0,True,Gene
3593,1606,gene,0.0,True,Gene
3594,160622,gene,0.0,True,Gene
3595,1607,gene,0.0,True,Gene
3596,160728,gene,0.0,True,Gene
3597,160760,gene,0.0,True,Gene
3598,160762,gene,0.0,True,Gene
3599,160777,gene,0.0,True,Gene
3600,1608,gene,0.0,True,Gene
3601,160851,gene,0.0,True,Gene
3602,160857,gene,0.0,True,Gene
3603,160897,gene,0.0,True,Gene
3604,1609,gene,0.0,True,Gene
3605,161,gene,0.0,True,Gene
3606,1610,gene,0.0,True,Gene
3607,161003,gene,0.0,True,Gene
3608,1611,gene,0.0,True,Gene
3609,161142,gene,0.0,True,Gene
3610,161145,gene,0.0,True,Gene
3611,161176,gene,0.0,True,Gene
3612,161198,gene,0.0,True,Gene
3613,1612,gene,0.0,True,Gene
3614,161247,gene,0.0,True,Gene
3615,161253,gene,0.0,True,Gene
3616,161291,gene,0.0,True,Gene
3617,1613,gene,0.0,True,Gene
3618,161357,gene,0.0,True,Gene
3619,161394,gene,0.0,True,Gene
3620,161424,gene,0.0,True,Gene
3621,161436,gene,0.0,True,Gene
3622,161497,gene,0.0,True,Gene
3623,1615,gene,0.0,True,Gene
3624,161502,gene,0.0,True,Gene
3625,161582,gene,0.0,True,Gene
3626,1616,gene,0.0,True,Gene
3627,1617,gene,0.0,True,Gene
3628,161725,gene,0.0,True,Gene
3629,161742,gene,0.0,True,Gene
3630,161753,gene,0.0,True,Gene
3631,161779,gene,0.0,True,Gene
3632,1618,gene,0.0,True,Gene
3633,161823,gene,0.0,True,Gene
3634,161829,gene,0.0,True,Gene
3635,161835,gene,0.0,True,Gene
3636,161882,gene,0.0,True,Gene
3637,161931,gene,0.0,True,Gene
3638,162,gene,0.0,True,Gene
3639,1620,gene,0.0,True,Gene
3640,162073,gene,0.0,True,Gene
3641,162083,gene,0.0,True,Gene
3642,1621,gene,0.0,True,Gene
3643,1622,gene,0.0,True,Gene
3644,162239,gene,0.0,True,Gene
3645,162282,gene,0.0,True,Gene
3646,162333,gene,0.0,True,Gene
3647,162387,gene,0.0,True,Gene
3648,162394,gene,0.0,True,Gene
3649,162417,gene,0.0,True,Gene
3650,162427,gene,0.0,True,Gene
3651,162461,gene,0.0,True,Gene
3652,162466,gene,0.0,True,Gene
3653,162494,gene,0.0,True,Gene
3654,162514,gene,0.0,True,Gene
3655,162515,gene,0.0,True,Gene
3656,162517,gene,0.0,True,Gene
3657,162540,gene,0.0,True,Gene
3658,162655,gene,0.0,True,Gene
3659,162681,gene,0.0,True,Gene
3660,1627,gene,0.0,True,Gene
3661,1628,gene,0.0,True,Gene
3662,1629,gene,0.0,True,Gene
3663,162962,gene,0.0,True,Gene
3664,162963,gene,0.0,True,Gene
3665,162966,gene,0.0,True,Gene
3666,162967,gene,0.0,True,Gene
3667,162968,gene,0.0,True,Gene
3668,162972,gene,0.0,True,Gene
3669,162979,gene,0.0,True,Gene
3670,162989,gene,0.0,True,Gene
3671,162993,gene,0.0,True,Gene
3672,163,gene,0.0,True,Gene
3673,1630,gene,0.0,True,Gene
3674,163033,gene,0.0,True,Gene
3675,163049,gene,0.0,True,Gene
3676,163050,gene,0.0,True,Gene
3677,163051,gene,0.0,True,Gene
3678,163059,gene,0.0,True,Gene
3679,163071,gene,0.0,True,Gene
3680,163081,gene,0.0,True,Gene
3681,163087,gene,0.0,True,Gene
3682,163126,gene,0.0,True,Gene
3683,163131,gene,0.0,True,Gene
3684,163154,gene,0.0,True,Gene
3685,163175,gene,0.0,True,Gene
3686,163183,gene,0.0,True,Gene
3687,1632,gene,0.0,True,Gene
3688,163223,gene,0.0,True,Gene
3689,163227,gene,0.0,True,Gene
3690,163255,gene,0.0,True,Gene
3691,163259,gene,0.0,True,Gene
3692,1633,gene,0.0,True,Gene
3693,163351,gene,0.0,True,Gene
3694,1634,gene,0.0,True,Gene
3695,163404,gene,0.0,True,Gene
3696,163479,gene,0.0,True,Gene
3697,163486,gene,0.0,True,Gene
3698,1635,gene,0.0,True,Gene
3699,163589,gene,0.0,True,Gene
3700,163590,gene,0.0,True,Gene
3701,1636,gene,0.0,True,Gene
3702,163688,gene,0.0,True,Gene
3703,163702,gene,0.0,True,Gene
3704,163732,gene,0.0,True,Gene
3705,163747,gene,0.0,True,Gene
3706,163778,gene,0.0,True,Gene
3707,163782,gene,0.0,True,Gene
3708,163786,gene,0.0,True,Gene
3709,1638,gene,0.0,True,Gene
3710,163859,gene,0.0,True,Gene
3711,163882,gene,0.0,True,Gene
3712,1639,gene,0.0,True,Gene
3713,163933,gene,0.0,True,Gene
3714,164,gene,0.0,True,Gene
3715,164045,gene,0.0,True,Gene
3716,164091,gene,0.0,True,Gene
3717,1641,gene,0.0,True,Gene
3718,164118,gene,0.0,True,Gene
3719,164127,gene,0.0,True,Gene
3720,164153,gene,0.0,True,Gene
3721,1642,gene,0.0,True,Gene
3722,164237,gene,0.0,True,Gene
3723,164284,gene,0.0,True,Gene
3724,1643,gene,0.0,True,Gene
3725,164312,gene,0.0,True,Gene
3726,164395,gene,0.0,True,Gene
3727,1644,gene,0.0,True,Gene
3728,1645,gene,0.0,True,Gene
3729,164592,gene,0.0,True,Gene
3730,1646,gene,0.0,True,Gene
3731,164633,gene,0.0,True,Gene
3732,164656,gene,0.0,True,Gene
3733,164668,gene,0.0,True,Gene
3734,164684,gene,0.0,True,Gene
3735,1647,gene,0.0,True,Gene
3736,164714,gene,0.0,True,Gene
3737,164781,gene,0.0,True,Gene
3738,164832,gene,0.0,True,Gene
3739,1649,gene,0.0,True,Gene
3740,165,gene,0.0,True,Gene
3741,1650,gene,0.0,True,Gene
3742,165055,gene,0.0,True,Gene
3743,165082,gene,0.0,True,Gene
3744,165100,gene,0.0,True,Gene
3745,165140,gene,0.0,True,Gene
3746,165186,gene,0.0,True,Gene
3747,165215,gene,0.0,True,Gene
3748,165257,gene,0.0,True,Gene
3749,1653,gene,0.0,True,Gene
3750,165324,gene,0.0,True,Gene
3751,1654,gene,0.0,True,Gene
3752,1655,gene,0.0,True,Gene
3753,165530,gene,0.0,True,Gene
3754,165545,gene,0.0,True,Gene
3755,1656,gene,0.0,True,Gene
3756,165631,gene,0.0,True,Gene
3757,165679,gene,0.0,True,Gene
3758,1657,gene,0.0,True,Gene
3759,165829,gene,0.0,True,Gene
3760,1659,gene,0.0,True,Gene
3761,165904,gene,0.0,True,Gene
3762,165918,gene,0.0,True,Gene
3763,166,gene,0.0,True,Gene
3764,1660,gene,0.0,True,Gene
3765,166012,gene,0.0,True,Gene
3766,1662,gene,0.0,True,Gene
3767,1663,gene,0.0,True,Gene
3768,166336,gene,0.0,True,Gene
3769,166348,gene,0.0,True,Gene
3770,166378,gene,0.0,True,Gene
3771,166379,gene,0.0,True,Gene
3772,1665,gene,0.0,True,Gene
3773,1666,gene,0.0,True,Gene
3774,166614,gene,0.0,True,Gene
3775,166647,gene,0.0,True,Gene
3776,166655,gene,0.0,True,Gene
3777,1667,gene,0.0,True,Gene
3778,166752,gene,0.0,True,Gene
3779,166785,gene,0.0,True,Gene
3780,166793,gene,0.0,True,Gene
3781,1668,gene,0.0,True,Gene
3782,166815,gene,0.0,True,Gene
3783,166824,gene,0.0,True,Gene
3784,166863,gene,0.0,True,Gene
3785,1669,gene,0.0,True,Gene
3786,166929,gene,0.0,True,Gene
3787,166968,gene,0.0,True,Gene
3788,166979,gene,0.0,True,Gene
3789,167,gene,0.0,True,Gene
3790,1670,gene,0.0,True,Gene
3791,167127,gene,0.0,True,Gene
3792,167153,gene,0.0,True,Gene
3793,1672,gene,0.0,True,Gene
3794,167227,gene,0.0,True,Gene
3795,1673,gene,0.0,True,Gene
3796,167359,gene,0.0,True,Gene
3797,1674,gene,0.0,True,Gene
3798,167410,gene,0.0,True,Gene
3799,167465,gene,0.0,True,Gene
3800,1675,gene,0.0,True,Gene
3801,167555,gene,0.0,True,Gene
3802,1676,gene,0.0,True,Gene
3803,167681,gene,0.0,True,Gene
3804,167691,gene,0.0,True,Gene
3805,1677,gene,0.0,True,Gene
3806,1678,gene,0.0,True,Gene
3807,167838,gene,0.0,True,Gene
3808,168002,gene,0.0,True,Gene
3809,168090,gene,0.0,True,Gene
3810,168374,gene,0.0,True,Gene
3811,168391,gene,0.0,True,Gene
3812,168400,gene,0.0,True,Gene
3813,168433,gene,0.0,True,Gene
3814,168448,gene,0.0,True,Gene
3815,168451,gene,0.0,True,Gene
3816,168455,gene,0.0,True,Gene
3817,168507,gene,0.0,True,Gene
3818,168537,gene,0.0,True,Gene
3819,168544,gene,0.0,True,Gene
3820,168620,gene,0.0,True,Gene
3821,168667,gene,0.0,True,Gene
3822,1687,gene,0.0,True,Gene
3823,168850,gene,0.0,True,Gene
3824,168975,gene,0.0,True,Gene
3825,1690,gene,0.0,True,Gene
3826,169026,gene,0.0,True,Gene
3827,169044,gene,0.0,True,Gene
3828,169166,gene,0.0,True,Gene
3829,169200,gene,0.0,True,Gene
3830,169270,gene,0.0,True,Gene
3831,169355,gene,0.0,True,Gene
3832,169436,gene,0.0,True,Gene
3833,169522,gene,0.0,True,Gene
3834,169611,gene,0.0,True,Gene
3835,169693,gene,0.0,True,Gene
3836,169714,gene,0.0,True,Gene
3837,169792,gene,0.0,True,Gene
3838,169834,gene,0.0,True,Gene
3839,169841,gene,0.0,True,Gene
3840,169966,gene,0.0,True,Gene
3841,169981,gene,0.0,True,Gene
3842,170062,gene,0.65117353,True,Gene
3843,170067,gene,0.0,True,Gene
3844,170082,gene,0.0,True,Gene
3845,170261,gene,0.0,True,Gene
3846,170302,gene,0.0,True,Gene
3847,170370,gene,0.0,True,Gene
3848,170371,gene,0.0,True,Gene
3849,170384,gene,0.0,True,Gene
3850,170392,gene,0.0,True,Gene
3851,170394,gene,0.0,True,Gene
3852,170463,gene,0.0,True,Gene
3853,170482,gene,0.0,True,Gene
3854,170487,gene,0.0,True,Gene
3855,170506,gene,0.0,True,Gene
3856,170572,gene,0.0,True,Gene
3857,170575,gene,0.0,True,Gene
3858,170589,gene,0.0,True,Gene
3859,170591,gene,0.0,True,Gene
3860,170622,gene,0.0,True,Gene
3861,170626,gene,0.0,True,Gene
3862,170679,gene,0.0,True,Gene
3863,170680,gene,0.0,True,Gene
3864,170685,gene,0.0,True,Gene
3865,170689,gene,0.0,True,Gene
3866,170690,gene,0.0,True,Gene
3867,170691,gene,0.0,True,Gene
3868,170692,gene,0.0,True,Gene
3869,170712,gene,0.0,True,Gene
3870,170825,gene,0.0,True,Gene
3871,170850,gene,0.0,True,Gene
3872,170954,gene,0.0,True,Gene
3873,170958,gene,0.0,True,Gene
3874,170959,gene,0.0,True,Gene
3875,170960,gene,0.0,True,Gene
3876,170961,gene,0.0,True,Gene
3877,171017,gene,0.0,True,Gene
3878,171019,gene,0.0,True,Gene
3879,171023,gene,0.0,True,Gene
3880,171024,gene,0.0,True,Gene
3881,171169,gene,0.0,True,Gene
3882,171177,gene,0.0,True,Gene
3883,171222,gene,0.0,True,Gene
3884,171389,gene,0.0,True,Gene
3885,171392,gene,0.0,True,Gene
3886,171425,gene,0.0,True,Gene
3887,171483,gene,0.0,True,Gene
3888,171484,gene,0.0,True,Gene
3889,171546,gene,0.0,True,Gene
3890,171558,gene,0.0,True,Gene
3891,171568,gene,0.0,True,Gene
3892,171586,gene,0.0,True,Gene
3893,1716,gene,0.0,True,Gene
3894,1717,gene,0.0,True,Gene
3895,1718,gene,0.0,True,Gene
3896,1719,gene,0.0,True,Gene
3897,1723,gene,0.0,True,Gene
3898,1725,gene,0.0,True,Gene
3899,1727,gene,0.0,True,Gene
3900,1728,gene,0.0,True,Gene
3901,1729,gene,0.0,True,Gene
3902,173,gene,0.0,True,Gene
3903,1730,gene,0.0,True,Gene
3904,1731,gene,0.0,True,Gene
3905,1733,gene,0.0,True,Gene
3906,1734,gene,0.0,True,Gene
3907,1735,gene,0.0,True,Gene
3908,1736,gene,0.0,True,Gene
3909,1737,gene,0.0,True,Gene
3910,1738,gene,0.0,True,Gene
3911,1739,gene,0.0,True,Gene
3912,174,gene,0.0,True,Gene
3913,1740,gene,0.0,True,Gene
3914,1741,gene,0.0,True,Gene
3915,1742,gene,0.0,True,Gene
3916,1743,gene,0.0,True,Gene
3917,1745,gene,0.0,True,Gene
3918,1746,gene,0.0,True,Gene
3919,1747,gene,0.0,True,Gene
3920,1748,gene,0.0,True,Gene
3921,1749,gene,0.0,True,Gene
3922,175,gene,0.0,True,Gene
3923,1750,gene,0.0,True,Gene
3924,1755,gene,0.0,True,Gene
3925,1756,gene,0.0,True,Gene
3926,1757,gene,0.0,True,Gene
3927,1758,gene,0.0,True,Gene
3928,1759,gene,0.0,True,Gene
3929,176,gene,1.6872517,True,Gene
3930,1760,gene,0.0,True,Gene
3931,1761,gene,0.0,True,Gene
3932,1762,gene,0.0,True,Gene
3933,1763,gene,0.0,True,Gene
3934,1767,gene,0.0,True,Gene
3935,1768,gene,0.0,True,Gene
3936,1769,gene,0.0,True,Gene
3937,177,gene,0.0,True,Gene
3938,1770,gene,0.0,True,Gene
3939,1773,gene,0.0,True,Gene
3940,1774,gene,0.0,True,Gene
3941,1775,gene,0.0,True,Gene
3942,1776,gene,0.0,True,Gene
3943,1777,gene,0.0,True,Gene
3944,1778,gene,0.0,True,Gene
3945,178,gene,0.0,True,Gene
3946,1780,gene,0.0,True,Gene
3947,1781,gene,0.0,True,Gene
3948,1783,gene,0.0,True,Gene
3949,1785,gene,0.0,True,Gene
3950,1786,gene,0.0,True,Gene
3951,1787,gene,0.0,True,Gene
3952,1788,gene,0.0,True,Gene
3953,1789,gene,0.0,True,Gene
3954,1791,gene,0.0,True,Gene
3955,1793,gene,0.0,True,Gene
3956,1794,gene,0.0,True,Gene
3957,1795,gene,0.0,True,Gene
3958,1796,gene,0.0,True,Gene
3959,1797,gene,0.0,True,Gene
3960,1798,gene,0.0,True,Gene
3961,18,gene,0.0,True,Gene
3962,1800,gene,0.0,True,Gene
3963,1801,gene,0.0,True,Gene
3964,1802,gene,0.0,True,Gene
3965,1803,gene,0.0,True,Gene
3966,1804,gene,0.0,True,Gene
3967,1805,gene,0.0,True,Gene
3968,1806,gene,0.0,True,Gene
3969,1807,gene,0.0,True,Gene
3970,1808,gene,0.0,True,Gene
3971,1809,gene,0.0,True,Gene
3972,181,gene,0.0,True,Gene
3973,1810,gene,0.0,True,Gene
3974,1811,gene,0.0,True,Gene
3975,1812,gene,0.0,True,Gene
3976,1813,gene,0.0,True,Gene
3977,1814,gene,0.0,True,Gene
3978,1815,gene,0.0,True,Gene
3979,1816,gene,0.0,True,Gene
3980,1819,gene,0.0,True,Gene
3981,182,gene,0.0,True,Gene
3982,1820,gene,0.0,True,Gene
3983,1821,gene,0.0,True,Gene
3984,1822,gene,0.0,True,Gene
3985,1823,gene,0.0,True,Gene
3986,1824,gene,0.0,True,Gene
3987,1825,gene,0.0,True,Gene
3988,1826,gene,0.0,True,Gene
3989,1827,gene,0.0,True,Gene
3990,1828,gene,0.0,True,Gene
3991,1829,gene,0.0,True,Gene
3992,183,gene,0.0,True,Gene
3993,1830,gene,0.0,True,Gene
3994,1831,gene,0.0,True,Gene
3995,1832,gene,0.0,True,Gene
3996,1833,gene,0.0,True,Gene
3997,1834,gene,0.0,True,Gene
3998,1836,gene,0.0,True,Gene
3999,1837,gene,0.0,True,Gene
4000,1838,gene,0.0,True,Gene
4001,1839,gene,0.0,True,Gene
4002,1840,gene,0.0,True,Gene
4003,1841,gene,0.0,True,Gene
4004,1842,gene,0.0,True,Gene
4005,1843,gene,0.0,True,Gene
4006,1844,gene,0.0,True,Gene
4007,1845,gene,0.0,True,Gene
4008,1846,gene,0.0,True,Gene
4009,1847,gene,0.0,True,Gene
4010,1848,gene,0.0,True,Gene
4011,1849,gene,0.0,True,Gene
4012,185,gene,0.0,True,Gene
4013,1850,gene,0.0,True,Gene
4014,1852,gene,0.0,True,Gene
4015,1854,gene,0.0,True,Gene
4016,1855,gene,0.0,True,Gene
4017,1856,gene,0.0,True,Gene
4018,1857,gene,0.0,True,Gene
4019,1859,gene,0.0,True,Gene
4020,186,gene,0.0,True,Gene
4021,1861,gene,0.0,True,Gene
4022,1869,gene,0.0,True,Gene
4023,187,gene,0.0,True,Gene
4024,1870,gene,0.0,True,Gene
4025,1871,gene,0.0,True,Gene
4026,1874,gene,0.0,True,Gene
4027,1875,gene,0.0,True,Gene
4028,1876,gene,0.0,True,Gene
4029,1877,gene,0.0,True,Gene
4030,1879,gene,0.0,True,Gene
4031,1880,gene,0.0,True,Gene
4032,1889,gene,0.0,True,Gene
4033,189,gene,0.0,True,Gene
4034,1890,gene,0.0,True,Gene
4035,1891,gene,0.0,True,Gene
4036,1892,gene,0.0,True,Gene
4037,1893,gene,0.0,True,Gene
4038,1894,gene,0.0,True,Gene
4039,1896,gene,0.0,True,Gene
4040,19,gene,0.0,True,Gene
4041,190,gene,0.0,True,Gene
4042,1901,gene,0.0,True,Gene
4043,1902,gene,0.0,True,Gene
4044,1903,gene,0.0,True,Gene
4045,1906,gene,0.0,True,Gene
4046,1907,gene,0.0,True,Gene
4047,1908,gene,0.0,True,Gene
4048,1909,gene,0.0,True,Gene
4049,191,gene,0.0,True,Gene
4050,1910,gene,0.0,True,Gene
4051,1911,gene,0.0,True,Gene
4052,1912,gene,0.0,True,Gene
4053,1915,gene,0.0,True,Gene
4054,1917,gene,0.0,True,Gene
4055,192111,gene,0.0,True,Gene
4056,192134,gene,0.0,True,Gene
4057,192286,gene,0.0,True,Gene
4058,192666,gene,0.0,True,Gene
4059,192668,gene,0.0,True,Gene
4060,192669,gene,0.0,True,Gene
4061,192670,gene,0.0,True,Gene
4062,192683,gene,0.0,True,Gene
4063,1933,gene,0.0,True,Gene
4064,1936,gene,0.0,True,Gene
4065,1937,gene,0.0,True,Gene
4066,1938,gene,0.0,True,Gene
4067,1939,gene,0.0,True,Gene
4068,1942,gene,0.0,True,Gene
4069,1943,gene,0.0,True,Gene
4070,1944,gene,0.0,True,Gene
4071,1945,gene,0.0,True,Gene
4072,1946,gene,0.0,True,Gene
4073,1947,gene,0.0,True,Gene
4074,1948,gene,0.0,True,Gene
4075,1949,gene,0.0,True,Gene
4076,1950,gene,0.0,True,Gene
4077,1951,gene,0.0,True,Gene
4078,1952,gene,0.0,True,Gene
4079,1953,gene,0.0,True,Gene
4080,1954,gene,0.0,True,Gene
4081,1955,gene,0.0,True,Gene
4082,1956,gene,0.0,True,Gene
4083,1958,gene,0.0,True,Gene
4084,195814,gene,0.0,True,Gene
4085,195827,gene,0.0,True,Gene
4086,195828,gene,0.0,True,Gene
4087,1959,gene,0.0,True,Gene
4088,195977,gene,0.0,True,Gene
4089,196,gene,0.0,True,Gene
4090,1960,gene,0.0,True,Gene
4091,196051,gene,0.0,True,Gene
4092,196074,gene,0.0,True,Gene
4093,1961,gene,0.0,True,Gene
4094,196120,gene,0.0,True,Gene
4095,1962,gene,0.0,True,Gene
4096,196264,gene,0.0,True,Gene
4097,196294,gene,0.0,True,Gene
4098,196374,gene,0.0,True,Gene
4099,196383,gene,0.0,True,Gene
4100,196385,gene,0.0,True,Gene
4101,196394,gene,0.0,True,Gene
4102,1964,gene,0.0,True,Gene
4103,196403,gene,0.0,True,Gene
4104,196410,gene,0.0,True,Gene
4105,196441,gene,0.0,True,Gene
4106,196446,gene,0.0,True,Gene
4107,196463,gene,0.0,True,Gene
4108,196472,gene,0.0,True,Gene
4109,196477,gene,0.0,True,Gene
4110,196483,gene,0.0,True,Gene
4111,1965,gene,0.0,True,Gene
4112,196500,gene,0.0,True,Gene
4113,196513,gene,0.0,True,Gene
4114,196527,gene,0.0,True,Gene
4115,196528,gene,0.0,True,Gene
4116,196541,gene,0.0,True,Gene
4117,1967,gene,0.0,True,Gene
4118,196740,gene,0.0,True,Gene
4119,196743,gene,0.0,True,Gene
4120,196792,gene,0.0,True,Gene
4121,1968,gene,0.0,True,Gene
4122,196883,gene,0.0,True,Gene
4123,1969,gene,0.0,True,Gene
4124,196951,gene,0.0,True,Gene
4125,196996,gene,0.0,True,Gene
4126,197,gene,0.0,True,Gene
4127,197021,gene,0.0,True,Gene
4128,197131,gene,0.0,True,Gene
4129,197135,gene,0.0,True,Gene
4130,197257,gene,0.0,True,Gene
4131,197258,gene,0.0,True,Gene
4132,197259,gene,0.0,True,Gene
4133,1973,gene,0.0,True,Gene
4134,197320,gene,0.0,True,Gene
4135,197322,gene,0.0,True,Gene
4136,197335,gene,0.0,True,Gene
4137,197342,gene,0.0,True,Gene
4138,197358,gene,0.0,True,Gene
4139,197370,gene,0.0,True,Gene
4140,1974,gene,0.0,True,Gene
4141,197407,gene,0.0,True,Gene
4142,1975,gene,0.0,True,Gene
4143,1977,gene,0.0,True,Gene
4144,1978,gene,0.0,True,Gene
4145,1979,gene,0.0,True,Gene
4146,1981,gene,0.0,True,Gene
4147,1982,gene,0.0,True,Gene
4148,1983,gene,0.0,True,Gene
4149,1984,gene,0.0,True,Gene
4150,198437,gene,0.0,True,Gene
4151,199,gene,0.0,True,Gene
4152,1990,gene,0.0,True,Gene
4153,1991,gene,0.0,True,Gene
4154,1992,gene,0.0,True,Gene
4155,199221,gene,0.0,True,Gene
4156,199223,gene,0.0,True,Gene
4157,1993,gene,0.0,True,Gene
4158,1994,gene,0.0,True,Gene
4159,1995,gene,0.0,True,Gene
4160,1996,gene,0.0,True,Gene
4161,199675,gene,0.0,True,Gene
4162,199692,gene,0.0,True,Gene
4163,199699,gene,0.0,True,Gene
4164,1997,gene,0.0,True,Gene
4165,199704,gene,0.0,True,Gene
4166,199713,gene,0.0,True,Gene
4167,199720,gene,0.0,True,Gene
4168,199731,gene,0.0,True,Gene
4169,199745,gene,0.0,True,Gene
4170,199746,gene,0.0,True,Gene
4171,199777,gene,0.0,True,Gene
4172,199786,gene,0.0,True,Gene
4173,1998,gene,0.0,True,Gene
4174,199800,gene,0.0,True,Gene
4175,199834,gene,0.0,True,Gene
4176,199857,gene,0.0,True,Gene
4177,199870,gene,0.0,True,Gene
4178,1999,gene,0.0,True,Gene
4179,199920,gene,0.0,True,Gene
4180,199953,gene,0.0,True,Gene
4181,199964,gene,0.0,True,Gene
4182,199974,gene,0.0,True,Gene
4183,199990,gene,0.0,True,Gene
4184,2,gene,0.0,True,Gene
4185,20,gene,0.0,True,Gene
4186,2000,gene,0.0,True,Gene
4187,200010,gene,0.0,True,Gene
4188,200014,gene,0.0,True,Gene
4189,200030,gene,0.0,True,Gene
4190,200035,gene,0.0,True,Gene
4191,200081,gene,0.0,True,Gene
4192,2001,gene,0.0,True,Gene
4193,200132,gene,0.0,True,Gene
4194,200150,gene,0.0,True,Gene
4195,200159,gene,0.0,True,Gene
4196,200162,gene,0.0,True,Gene
4197,200172,gene,0.0,True,Gene
4198,200185,gene,0.0,True,Gene
4199,200186,gene,0.0,True,Gene
4200,2002,gene,0.0,True,Gene
4201,200205,gene,0.0,True,Gene
4202,200232,gene,0.0,True,Gene
4203,200312,gene,0.0,True,Gene
4204,200315,gene,0.0,True,Gene
4205,200316,gene,0.0,True,Gene
4206,200350,gene,0.0,True,Gene
4207,200373,gene,0.0,True,Gene
4208,2004,gene,0.0,True,Gene
4209,200403,gene,0.0,True,Gene
4210,200407,gene,0.0,True,Gene
4211,200424,gene,0.0,True,Gene
4212,2005,gene,0.0,True,Gene
4213,200504,gene,0.0,True,Gene
4214,200523,gene,0.0,True,Gene
4215,200539,gene,0.0,True,Gene
4216,200558,gene,0.0,True,Gene
4217,200576,gene,0.0,True,Gene
4218,2006,gene,0.0,True,Gene
4219,200634,gene,0.0,True,Gene
4220,200726,gene,0.0,True,Gene
4221,200728,gene,0.0,True,Gene
4222,200734,gene,0.0,True,Gene
4223,200765,gene,0.0,True,Gene
4224,200844,gene,0.0,True,Gene
4225,200845,gene,0.0,True,Gene
4226,200879,gene,0.0,True,Gene
4227,200894,gene,0.0,True,Gene
4228,200895,gene,0.0,True,Gene
4229,2009,gene,0.0,True,Gene
4230,200916,gene,0.0,True,Gene
4231,200931,gene,0.0,True,Gene
4232,200933,gene,0.0,True,Gene
4233,200942,gene,0.0,True,Gene
4234,200958,gene,0.0,True,Gene
4235,200959,gene,0.0,True,Gene
4236,2010,gene,0.0,True,Gene
4237,2011,gene,0.0,True,Gene
4238,201134,gene,0.0,True,Gene
4239,201140,gene,0.0,True,Gene
4240,201158,gene,0.0,True,Gene
4241,201161,gene,0.0,True,Gene
4242,201163,gene,0.0,True,Gene
4243,201164,gene,0.0,True,Gene
4244,201176,gene,0.0,True,Gene
4245,201181,gene,0.0,True,Gene
4246,201191,gene,0.0,True,Gene
4247,2012,gene,0.0,True,Gene
4248,201229,gene,0.0,True,Gene
4249,201232,gene,0.0,True,Gene
4250,201243,gene,0.0,True,Gene
4251,201254,gene,0.0,True,Gene
4252,201255,gene,0.0,True,Gene
4253,201266,gene,0.0,True,Gene
4254,201292,gene,0.0,True,Gene
4255,201294,gene,0.0,True,Gene
4256,201299,gene,0.0,True,Gene
4257,2013,gene,0.0,True,Gene
4258,201305,gene,0.0,True,Gene
4259,2014,gene,0.0,True,Gene
4260,201456,gene,0.0,True,Gene
4261,201475,gene,0.0,True,Gene
4262,2015,gene,0.0,True,Gene
4263,201501,gene,0.0,True,Gene
4264,201514,gene,0.0,True,Gene
4265,201516,gene,0.0,True,Gene
4266,201562,gene,0.0,True,Gene
4267,201595,gene,0.0,True,Gene
4268,2016,gene,0.0,True,Gene
4269,201625,gene,0.0,True,Gene
4270,201626,gene,0.0,True,Gene
4271,201627,gene,0.0,True,Gene
4272,201633,gene,0.0,True,Gene
4273,2017,gene,0.0,True,Gene
4274,201725,gene,0.0,True,Gene
4275,201780,gene,0.0,True,Gene
4276,201798,gene,0.0,True,Gene
4277,201799,gene,0.0,True,Gene
4278,2018,gene,0.0,True,Gene
4279,201895,gene,0.0,True,Gene
4280,2019,gene,0.0,True,Gene
4281,201931,gene,0.0,True,Gene
4282,201965,gene,0.0,True,Gene
4283,201973,gene,0.0,True,Gene
4284,202,gene,0.0,True,Gene
4285,2020,gene,0.0,True,Gene
4286,202018,gene,0.0,True,Gene
4287,202051,gene,0.0,True,Gene
4288,202052,gene,0.0,True,Gene
4289,2021,gene,0.0,True,Gene
4290,202151,gene,0.0,True,Gene
4291,2022,gene,0.0,True,Gene
4292,202243,gene,0.0,True,Gene
4293,2023,gene,0.0,True,Gene
4294,202309,gene,0.0,True,Gene
4295,202333,gene,0.0,True,Gene
4296,202374,gene,0.0,True,Gene
4297,202500,gene,0.0,True,Gene
4298,202559,gene,0.0,True,Gene
4299,2026,gene,0.0,True,Gene
4300,202658,gene,0.0,True,Gene
4301,2027,gene,0.0,True,Gene
4302,2028,gene,0.0,True,Gene
4303,2029,gene,0.0,True,Gene
4304,202915,gene,0.0,True,Gene
4305,203,gene,0.0,True,Gene
4306,2030,gene,0.0,True,Gene
4307,203054,gene,0.0,True,Gene
4308,203062,gene,0.0,True,Gene
4309,203068,gene,0.0,True,Gene
4310,203069,gene,0.0,True,Gene
4311,203074,gene,0.0,True,Gene
4312,203076,gene,0.0,True,Gene
4313,203100,gene,0.0,True,Gene
4314,203102,gene,0.0,True,Gene
4315,203111,gene,0.0,True,Gene
4316,203190,gene,0.0,True,Gene
4317,203197,gene,0.0,True,Gene
4318,203228,gene,0.0,True,Gene
4319,203238,gene,0.0,True,Gene
4320,203245,gene,0.0,True,Gene
4321,203259,gene,0.0,True,Gene
4322,203260,gene,0.0,True,Gene
4323,203286,gene,0.0,True,Gene
4324,2033,gene,0.0,True,Gene
4325,203328,gene,0.0,True,Gene
4326,2034,gene,0.0,True,Gene
4327,203413,gene,0.0,True,Gene
4328,203427,gene,0.0,True,Gene
4329,203430,gene,0.0,True,Gene
4330,203447,gene,1.2314389,True,Gene
4331,2035,gene,0.0,True,Gene
4332,203522,gene,0.0,True,Gene
4333,203523,gene,0.0,True,Gene
4334,203547,gene,0.0,True,Gene
4335,203562,gene,0.0,True,Gene
4336,203569,gene,0.0,True,Gene
4337,2036,gene,0.0,True,Gene
4338,203611,gene,0.0,True,Gene
4339,2037,gene,0.0,True,Gene
4340,2038,gene,0.0,True,Gene
4341,203859,gene,0.0,True,Gene
4342,2039,gene,0.0,True,Gene
4343,204,gene,0.0,True,Gene
4344,2040,gene,0.0,True,Gene
4345,2041,gene,0.0,True,Gene
4346,2042,gene,0.0,True,Gene
4347,204219,gene,0.0,True,Gene
4348,2043,gene,0.0,True,Gene
4349,2044,gene,0.0,True,Gene
4350,2045,gene,0.0,True,Gene
4351,2046,gene,0.0,True,Gene
4352,2047,gene,0.0,True,Gene
4353,2048,gene,0.0,True,Gene
4354,204801,gene,0.0,True,Gene
4355,204851,gene,0.0,True,Gene
4356,2049,gene,0.0,True,Gene
4357,204962,gene,0.0,True,Gene
4358,205,gene,0.0,True,Gene
4359,2050,gene,0.0,True,Gene
4360,2051,gene,0.0,True,Gene
4361,205147,gene,0.0,True,Gene
4362,2052,gene,0.0,True,Gene
4363,205251,gene,0.0,True,Gene
4364,2053,gene,0.0,True,Gene
4365,205327,gene,0.0,True,Gene
4366,2054,gene,0.0,True,Gene
4367,205428,gene,0.0,True,Gene
4368,2055,gene,0.0,True,Gene
4369,205564,gene,0.0,True,Gene
4370,2056,gene,0.0,True,Gene
4371,2057,gene,0.0,True,Gene
4372,205717,gene,0.0,True,Gene
4373,2058,gene,0.0,True,Gene
4374,205860,gene,0.0,True,Gene
4375,2059,gene,0.0,True,Gene
4376,2060,gene,0.0,True,Gene
4377,2063,gene,0.0,True,Gene
4378,206338,gene,0.0,True,Gene
4379,206358,gene,0.0,True,Gene
4380,2064,gene,0.0,True,Gene
4381,206412,gene,0.0,True,Gene
4382,2065,gene,0.0,True,Gene
4383,2066,gene,0.0,True,Gene
4384,2067,gene,0.0,True,Gene
4385,2068,gene,0.0,True,Gene
4386,2069,gene,0.0,True,Gene
4387,207,gene,0.0,True,Gene
4388,2070,gene,0.0,True,Gene
4389,207063,gene,0.0,True,Gene
4390,2071,gene,0.0,True,Gene
4391,2072,gene,0.0,True,Gene
4392,2073,gene,0.0,True,Gene
4393,2074,gene,0.0,True,Gene
4394,2077,gene,0.0,True,Gene
4395,2078,gene,0.0,True,Gene
4396,2079,gene,0.0,True,Gene
4397,208,gene,0.0,True,Gene
4398,2081,gene,0.0,True,Gene
4399,2086,gene,0.0,True,Gene
4400,2091,gene,0.0,True,Gene
4401,2098,gene,0.0,True,Gene
4402,2099,gene,0.0,True,Gene
4403,21,gene,0.0,True,Gene
4404,210,gene,0.0,True,Gene
4405,2100,gene,0.0,True,Gene
4406,2101,gene,0.0,True,Gene
4407,2103,gene,0.0,True,Gene
4408,2104,gene,0.0,True,Gene
4409,2107,gene,0.0,True,Gene
4410,2108,gene,0.0,True,Gene
4411,2109,gene,0.0,True,Gene
4412,211,gene,0.0,True,Gene
4413,2110,gene,0.0,True,Gene
4414,2113,gene,0.0,True,Gene
4415,2114,gene,0.0,True,Gene
4416,2115,gene,0.0,True,Gene
4417,2116,gene,0.0,True,Gene
4418,2117,gene,0.0,True,Gene
4419,2118,gene,0.0,True,Gene
4420,2119,gene,0.0,True,Gene
4421,212,gene,0.0,True,Gene
4422,2120,gene,0.0,True,Gene
4423,2121,gene,0.0,True,Gene
4424,2122,gene,0.0,True,Gene
4425,2123,gene,0.0,True,Gene
4426,2124,gene,0.0,True,Gene
4427,2125,gene,0.0,True,Gene
4428,2128,gene,0.0,True,Gene
4429,213,gene,0.0,True,Gene
4430,2130,gene,0.0,True,Gene
4431,2131,gene,0.0,True,Gene
4432,2132,gene,0.0,True,Gene
4433,2134,gene,0.0,True,Gene
4434,2135,gene,0.0,True,Gene
4435,2137,gene,0.0,True,Gene
4436,2138,gene,0.0,True,Gene
4437,2139,gene,0.0,True,Gene
4438,214,gene,0.0,True,Gene
4439,2140,gene,0.0,True,Gene
4440,2145,gene,0.0,True,Gene
4441,2146,gene,0.0,True,Gene
4442,2147,gene,0.0,True,Gene
4443,2149,gene,0.0,True,Gene
4444,215,gene,0.0,True,Gene
4445,2150,gene,0.0,True,Gene
4446,2151,gene,0.0,True,Gene
4447,2152,gene,0.0,True,Gene
4448,2153,gene,0.0,True,Gene
4449,2155,gene,0.0,True,Gene
4450,2157,gene,0.0,True,Gene
4451,2158,gene,0.0,True,Gene
4452,2159,gene,0.0,True,Gene
4453,216,gene,0.0,True,Gene
4454,2160,gene,0.0,True,Gene
4455,2161,gene,0.0,True,Gene
4456,2162,gene,0.0,True,Gene
4457,2165,gene,0.0,True,Gene
4458,2166,gene,0.0,True,Gene
4459,2167,gene,0.0,True,Gene
4460,2168,gene,0.0,True,Gene
4461,2169,gene,0.0,True,Gene
4462,217,gene,0.0,True,Gene
4463,2170,gene,0.0,True,Gene
4464,2171,gene,0.0,True,Gene
4465,2172,gene,0.0,True,Gene
4466,2173,gene,0.0,True,Gene
4467,2175,gene,0.0,True,Gene
4468,2176,gene,0.0,True,Gene
4469,2177,gene,0.0,True,Gene
4470,2178,gene,0.0,True,Gene
4471,218,gene,0.0,True,Gene
4472,2180,gene,0.0,True,Gene
4473,2181,gene,0.0,True,Gene
4474,2182,gene,0.0,True,Gene
4475,2184,gene,0.0,True,Gene
4476,2185,gene,0.0,True,Gene
4477,2186,gene,0.0,True,Gene
4478,2187,gene,0.0,True,Gene
4479,2188,gene,0.0,True,Gene
4480,2189,gene,0.0,True,Gene
4481,219,gene,0.0,True,Gene
4482,2191,gene,0.0,True,Gene
4483,2192,gene,0.0,True,Gene
4484,219285,gene,0.0,True,Gene
4485,219287,gene,0.0,True,Gene
4486,219293,gene,0.0,True,Gene
4487,2193,gene,0.0,True,Gene
4488,219333,gene,0.0,True,Gene
4489,219348,gene,0.0,True,Gene
4490,2194,gene,0.0,True,Gene
4491,219402,gene,0.0,True,Gene
4492,219409,gene,0.0,True,Gene
4493,2195,gene,0.0,True,Gene
4494,219527,gene,0.0,True,Gene
4495,219537,gene,0.0,True,Gene
4496,219539,gene,0.0,True,Gene
4497,219541,gene,0.0,True,Gene
4498,219557,gene,0.0,True,Gene
4499,2196,gene,0.0,True,Gene
4500,219621,gene,0.0,True,Gene
4501,219623,gene,0.0,True,Gene
4502,219654,gene,0.0,True,Gene
4503,219670,gene,0.0,True,Gene
4504,219681,gene,0.0,True,Gene
4505,219699,gene,0.0,True,Gene
4506,2197,gene,0.0,True,Gene
4507,219736,gene,0.0,True,Gene
4508,219738,gene,0.0,True,Gene
4509,219743,gene,0.0,True,Gene
4510,219749,gene,0.0,True,Gene
4511,219770,gene,0.0,True,Gene
4512,219771,gene,0.0,True,Gene
4513,219790,gene,0.0,True,Gene
4514,219793,gene,0.0,True,Gene
4515,219844,gene,0.0,True,Gene
4516,219854,gene,0.0,True,Gene
4517,219855,gene,0.0,True,Gene
4518,219899,gene,0.0,True,Gene
4519,2199,gene,0.0,True,Gene
4520,219902,gene,0.0,True,Gene
4521,219927,gene,0.0,True,Gene
4522,219931,gene,0.0,True,Gene
4523,219938,gene,0.0,True,Gene
4524,219970,gene,0.0,True,Gene
4525,219972,gene,0.0,True,Gene
4526,219988,gene,0.0,True,Gene
4527,219990,gene,0.0,True,Gene
4528,219995,gene,0.0,True,Gene
4529,22,gene,0.0,True,Gene
4530,220,gene,0.0,True,Gene
4531,2200,gene,0.0,True,Gene
4532,220001,gene,0.0,True,Gene
4533,220002,gene,0.0,True,Gene
4534,220004,gene,0.0,True,Gene
4535,220032,gene,0.0,True,Gene
4536,220042,gene,0.0,True,Gene
4537,220047,gene,0.0,True,Gene
4538,220064,gene,0.0,True,Gene
4539,220074,gene,0.0,True,Gene
4540,220081,gene,0.0,True,Gene
4541,220082,gene,0.0,True,Gene
4542,2201,gene,0.0,True,Gene
4543,220107,gene,0.0,True,Gene
4544,220108,gene,0.0,True,Gene
4545,220134,gene,0.0,True,Gene
4546,220136,gene,0.0,True,Gene
4547,220164,gene,0.0,True,Gene
4548,2202,gene,0.0,True,Gene
4549,220202,gene,0.0,True,Gene
4550,220213,gene,0.0,True,Gene
4551,220296,gene,0.0,True,Gene
4552,2203,gene,0.0,True,Gene
4553,220323,gene,0.0,True,Gene
4554,220359,gene,0.0,True,Gene
4555,220382,gene,0.0,True,Gene
4556,220388,gene,0.0,True,Gene
4557,2204,gene,0.0,True,Gene
4558,220416,gene,0.0,True,Gene
4559,220441,gene,0.0,True,Gene
4560,2205,gene,0.0,True,Gene
4561,2206,gene,0.0,True,Gene
4562,2207,gene,0.0,True,Gene
4563,2208,gene,0.0,True,Gene
4564,220869,gene,0.0,True,Gene
4565,2209,gene,0.0,True,Gene
4566,220929,gene,0.0,True,Gene
4567,220963,gene,0.0,True,Gene
4568,220965,gene,0.0,True,Gene
4569,220972,gene,0.0,True,Gene
4570,220988,gene,0.0,True,Gene
4571,220992,gene,0.0,True,Gene
4572,221,gene,0.0,True,Gene
4573,221002,gene,0.0,True,Gene
4574,221035,gene,0.0,True,Gene
4575,221037,gene,0.0,True,Gene
4576,221061,gene,0.0,True,Gene
4577,221074,gene,0.0,True,Gene
4578,221078,gene,0.0,True,Gene
4579,221079,gene,0.0,True,Gene
4580,221091,gene,0.0,True,Gene
4581,221092,gene,0.0,True,Gene
4582,221120,gene,0.0,True,Gene
4583,221143,gene,0.0,True,Gene
4584,221150,gene,0.0,True,Gene
4585,221154,gene,0.0,True,Gene
4586,221178,gene,0.0,True,Gene
4587,221184,gene,0.0,True,Gene
4588,221188,gene,0.0,True,Gene
4589,221191,gene,0.0,True,Gene
4590,2212,gene,0.0,True,Gene
4591,221223,gene,0.0,True,Gene
4592,221264,gene,0.0,True,Gene
4593,221294,gene,0.0,True,Gene
4594,2213,gene,0.0,True,Gene
4595,221301,gene,0.0,True,Gene
4596,221302,gene,0.0,True,Gene
4597,221303,gene,0.0,True,Gene
4598,221322,gene,0.0,True,Gene
4599,221336,gene,0.0,True,Gene
4600,221357,gene,0.0,True,Gene
4601,221391,gene,0.0,True,Gene
4602,221393,gene,0.0,True,Gene
4603,221395,gene,0.0,True,Gene
4604,2214,gene,0.0,True,Gene
4605,221400,gene,0.0,True,Gene
4606,221409,gene,0.0,True,Gene
4607,221421,gene,0.0,True,Gene
4608,221424,gene,0.0,True,Gene
4609,221443,gene,0.0,True,Gene
4610,221458,gene,0.0,True,Gene
4611,221468,gene,0.0,True,Gene
4612,221472,gene,0.0,True,Gene
4613,221476,gene,0.0,True,Gene
4614,221477,gene,0.0,True,Gene
4615,221481,gene,0.0,True,Gene
4616,221491,gene,0.0,True,Gene
4617,221496,gene,0.0,True,Gene
4618,2215,gene,0.0,True,Gene
4619,221504,gene,0.0,True,Gene
4620,221527,gene,0.0,True,Gene
4621,221545,gene,0.0,True,Gene
4622,221613,gene,0.0,True,Gene
4623,221656,gene,0.0,True,Gene
4624,221662,gene,0.0,True,Gene
4625,221687,gene,0.0,True,Gene
4626,221692,gene,0.0,True,Gene
4627,2217,gene,0.0,True,Gene
4628,221710,gene,0.0,True,Gene
4629,221711,gene,0.0,True,Gene
4630,221749,gene,0.0,True,Gene
4631,221785,gene,0.0,True,Gene
4632,221786,gene,0.0,True,Gene
4633,2218,gene,0.0,True,Gene
4634,221806,gene,0.0,True,Gene
4635,221830,gene,0.0,True,Gene
4636,221833,gene,0.0,True,Gene
4637,221895,gene,0.0,True,Gene
4638,2219,gene,0.0,True,Gene
4639,221908,gene,0.0,True,Gene
4640,221914,gene,0.0,True,Gene
4641,221927,gene,0.0,True,Gene
4642,221935,gene,0.0,True,Gene
4643,221937,gene,0.0,True,Gene
4644,221955,gene,0.0,True,Gene
4645,221960,gene,0.0,True,Gene
4646,221981,gene,0.0,True,Gene
4647,222,gene,0.0,True,Gene
4648,2220,gene,0.0,True,Gene
4649,222008,gene,0.0,True,Gene
4650,222068,gene,0.0,True,Gene
4651,222166,gene,0.0,True,Gene
4652,222171,gene,0.0,True,Gene
4653,222183,gene,0.0,True,Gene
4654,222194,gene,0.0,True,Gene
4655,2222,gene,0.0,True,Gene
4656,222223,gene,0.0,True,Gene
4657,222229,gene,0.0,True,Gene
4658,222234,gene,0.0,True,Gene
4659,222235,gene,0.0,True,Gene
4660,222236,gene,0.0,True,Gene
4661,222255,gene,0.0,True,Gene
4662,222256,gene,0.0,True,Gene
4663,222389,gene,0.0,True,Gene
4664,2224,gene,0.0,True,Gene
4665,222484,gene,0.0,True,Gene
4666,222487,gene,0.0,True,Gene
4667,222537,gene,0.0,True,Gene
4668,222545,gene,0.0,True,Gene
4669,222546,gene,0.0,True,Gene
4670,222553,gene,0.0,True,Gene
4671,222584,gene,0.0,True,Gene
4672,222642,gene,0.0,True,Gene
4673,222643,gene,0.0,True,Gene
4674,222658,gene,0.0,True,Gene
4675,222659,gene,0.0,True,Gene
4676,222662,gene,0.0,True,Gene
4677,222663,gene,0.0,True,Gene
4678,222696,gene,0.0,True,Gene
4679,222698,gene,0.0,True,Gene
4680,222826,gene,0.0,True,Gene
4681,222865,gene,0.0,True,Gene
4682,222894,gene,0.0,True,Gene
4683,222950,gene,0.0,True,Gene
4684,222962,gene,0.0,True,Gene
4685,222967,gene,0.0,True,Gene
4686,223,gene,0.0,True,Gene
4687,2230,gene,0.0,True,Gene
4688,223075,gene,0.0,True,Gene
4689,223082,gene,0.0,True,Gene
4690,223117,gene,0.0,True,Gene
4691,2232,gene,0.0,True,Gene
4692,2235,gene,0.0,True,Gene
4693,2237,gene,0.0,True,Gene
4694,2239,gene,0.0,True,Gene
4695,224,gene,0.0,True,Gene
4696,2241,gene,0.0,True,Gene
4697,2242,gene,0.0,True,Gene
4698,2243,gene,0.0,True,Gene
4699,2244,gene,0.0,True,Gene
4700,2245,gene,0.0,True,Gene
4701,2246,gene,0.0,True,Gene
4702,2247,gene,0.0,True,Gene
4703,2248,gene,0.0,True,Gene
4704,2249,gene,0.0,True,Gene
4705,225,gene,0.0,True,Gene
4706,2250,gene,0.0,True,Gene
4707,2251,gene,0.0,True,Gene
4708,2252,gene,0.0,True,Gene
4709,2253,gene,0.0,True,Gene
4710,2254,gene,0.0,True,Gene
4711,2255,gene,0.0,True,Gene
4712,2256,gene,0.0,True,Gene
4713,225689,gene,0.0,True,Gene
4714,2257,gene,0.0,True,Gene
4715,2258,gene,0.0,True,Gene
4716,2259,gene,0.0,True,Gene
4717,226,gene,0.0,True,Gene
4718,2260,gene,0.0,True,Gene
4719,2261,gene,0.0,True,Gene
4720,2262,gene,0.0,True,Gene
4721,2263,gene,0.0,True,Gene
4722,2264,gene,0.0,True,Gene
4723,2266,gene,0.0,True,Gene
4724,2267,gene,0.0,True,Gene
4725,2268,gene,0.0,True,Gene
4726,2271,gene,0.0,True,Gene
4727,2272,gene,0.0,True,Gene
4728,2273,gene,0.0,True,Gene
4729,2274,gene,0.0,True,Gene
4730,2275,gene,0.0,True,Gene
4731,2277,gene,0.0,True,Gene
4732,22794,gene,0.0,True,Gene
4733,22795,gene,0.0,True,Gene
4734,22796,gene,0.0,True,Gene
4735,22797,gene,0.0,True,Gene
4736,22798,gene,0.0,True,Gene
4737,2280,gene,0.0,True,Gene
4738,22800,gene,0.0,True,Gene
4739,22801,gene,0.0,True,Gene
4740,22802,gene,0.0,True,Gene
4741,22803,gene,0.0,True,Gene
4742,22806,gene,0.0,True,Gene
4743,22807,gene,0.0,True,Gene
4744,22808,gene,0.0,True,Gene
4745,22809,gene,0.0,True,Gene
4746,2281,gene,0.0,True,Gene
4747,22818,gene,0.0,True,Gene
4748,22820,gene,0.0,True,Gene
4749,22821,gene,0.0,True,Gene
4750,22822,gene,0.0,True,Gene
4751,22823,gene,0.0,True,Gene
4752,22824,gene,0.0,True,Gene
4753,22826,gene,0.0,True,Gene
4754,22827,gene,0.0,True,Gene
4755,22828,gene,0.0,True,Gene
4756,22829,gene,0.0,True,Gene
4757,22832,gene,0.0,True,Gene
4758,22834,gene,0.0,True,Gene
4759,22835,gene,0.0,True,Gene
4760,22836,gene,0.0,True,Gene
4761,22837,gene,0.0,True,Gene
4762,22838,gene,0.0,True,Gene
4763,22839,gene,0.0,True,Gene
4764,22841,gene,0.0,True,Gene
4765,22843,gene,0.0,True,Gene
4766,22844,gene,0.0,True,Gene
4767,22845,gene,0.0,True,Gene
4768,22846,gene,0.0,True,Gene
4769,22847,gene,0.0,True,Gene
4770,22848,gene,0.0,True,Gene
4771,22849,gene,0.0,True,Gene
4772,22850,gene,0.0,True,Gene
4773,22852,gene,0.0,True,Gene
4774,22853,gene,0.0,True,Gene
4775,22854,gene,0.0,True,Gene
4776,22856,gene,0.0,True,Gene
4777,22858,gene,0.0,True,Gene
4778,22859,gene,0.0,True,Gene
4779,2286,gene,0.0,True,Gene
4780,22861,gene,0.0,True,Gene
4781,22862,gene,0.0,True,Gene
4782,22863,gene,0.0,True,Gene
4783,22864,gene,0.0,True,Gene
4784,22865,gene,0.0,True,Gene
4785,22866,gene,0.0,True,Gene
4786,22868,gene,0.0,True,Gene
4787,22869,gene,0.0,True,Gene
4788,2287,gene,0.0,True,Gene
4789,22870,gene,0.0,True,Gene
4790,22871,gene,0.0,True,Gene
4791,22872,gene,0.0,True,Gene
4792,22873,gene,0.0,True,Gene
4793,22874,gene,0.0,True,Gene
4794,22875,gene,0.0,True,Gene
4795,22876,gene,0.0,True,Gene
4796,22877,gene,0.0,True,Gene
4797,22878,gene,0.0,True,Gene
4798,22879,gene,0.0,True,Gene
4799,2288,gene,0.0,True,Gene
4800,22880,gene,0.0,True,Gene
4801,22881,gene,0.0,True,Gene
4802,22882,gene,0.0,True,Gene
4803,22883,gene,0.0,True,Gene
4804,22884,gene,0.0,True,Gene
4805,22885,gene,0.0,True,Gene
4806,22887,gene,0.0,True,Gene
4807,22888,gene,0.0,True,Gene
4808,22889,gene,0.0,True,Gene
4809,2289,gene,0.0,True,Gene
4810,22890,gene,0.0,True,Gene
4811,22891,gene,0.0,True,Gene
4812,22893,gene,0.0,True,Gene
4813,22894,gene,0.0,True,Gene
4814,22895,gene,0.0,True,Gene
4815,22897,gene,0.0,True,Gene
4816,22898,gene,0.0,True,Gene
4817,22899,gene,0.0,True,Gene
4818,229,gene,0.0,True,Gene
4819,2290,gene,0.0,True,Gene
4820,22900,gene,0.0,True,Gene
4821,22901,gene,0.0,True,Gene
4822,22902,gene,0.0,True,Gene
4823,22903,gene,0.0,True,Gene
4824,22904,gene,0.0,True,Gene
4825,22905,gene,0.0,True,Gene
4826,22906,gene,0.0,True,Gene
4827,22907,gene,0.0,True,Gene
4828,22908,gene,0.0,True,Gene
4829,22909,gene,0.0,True,Gene
4830,22911,gene,0.0,True,Gene
4831,22913,gene,0.0,True,Gene
4832,22914,gene,0.0,True,Gene
4833,22915,gene,0.0,True,Gene
4834,22916,gene,0.0,True,Gene
4835,22917,gene,0.0,True,Gene
4836,22918,gene,0.0,True,Gene
4837,22919,gene,0.0,True,Gene
4838,22920,gene,0.0,True,Gene
4839,22921,gene,0.0,True,Gene
4840,22924,gene,0.0,True,Gene
4841,22925,gene,0.0,True,Gene
4842,22926,gene,0.0,True,Gene
4843,22927,gene,0.0,True,Gene
4844,22928,gene,0.0,True,Gene
4845,22929,gene,0.0,True,Gene
4846,22930,gene,0.0,True,Gene
4847,22931,gene,0.0,True,Gene
4848,22932,gene,0.0,True,Gene
4849,22933,gene,0.0,True,Gene
4850,22934,gene,0.0,True,Gene
4851,22936,gene,0.0,True,Gene
4852,22937,gene,0.0,True,Gene
4853,22938,gene,0.0,True,Gene
4854,2294,gene,0.0,True,Gene
4855,22941,gene,0.0,True,Gene
4856,22943,gene,0.0,True,Gene
4857,22944,gene,0.0,True,Gene
4858,22948,gene,0.0,True,Gene
4859,22949,gene,0.0,True,Gene
4860,2295,gene,0.0,True,Gene
4861,22950,gene,0.0,True,Gene
4862,22953,gene,0.0,True,Gene
4863,22954,gene,0.0,True,Gene
4864,22955,gene,0.0,True,Gene
4865,2296,gene,0.0,True,Gene
4866,2297,gene,0.0,True,Gene
4867,22974,gene,0.0,True,Gene
4868,22976,gene,0.0,True,Gene
4869,22977,gene,0.0,True,Gene
4870,22978,gene,0.0,True,Gene
4871,22979,gene,0.0,True,Gene
4872,2298,gene,0.0,True,Gene
4873,22980,gene,0.0,True,Gene
4874,22981,gene,0.0,True,Gene
4875,22982,gene,0.0,True,Gene
4876,22983,gene,0.0,True,Gene
4877,22984,gene,0.0,True,Gene
4878,22985,gene,0.0,True,Gene
4879,22986,gene,0.0,True,Gene
4880,22987,gene,0.0,True,Gene
4881,22989,gene,0.0,True,Gene
4882,2299,gene,0.0,True,Gene
4883,22990,gene,0.0,True,Gene
4884,22992,gene,0.0,True,Gene
4885,22993,gene,0.0,True,Gene
4886,22994,gene,0.0,True,Gene
4887,22995,gene,0.0,True,Gene
4888,22996,gene,0.0,True,Gene
4889,22997,gene,0.0,True,Gene
4890,22998,gene,0.0,True,Gene
4891,22999,gene,0.0,True,Gene
4892,23,gene,0.0,True,Gene
4893,230,gene,0.0,True,Gene
4894,2300,gene,0.0,True,Gene
4895,23001,gene,0.0,True,Gene
4896,23002,gene,0.0,True,Gene
4897,23005,gene,0.0,True,Gene
4898,23007,gene,0.0,True,Gene
4899,23008,gene,0.0,True,Gene
4900,2301,gene,0.0,True,Gene
4901,23011,gene,0.0,True,Gene
4902,23012,gene,0.0,True,Gene
4903,23013,gene,0.0,True,Gene
4904,23014,gene,0.0,True,Gene
4905,23015,gene,0.0,True,Gene
4906,23016,gene,0.0,True,Gene
4907,23017,gene,0.0,True,Gene
4908,23019,gene,0.0,True,Gene
4909,2302,gene,0.0,True,Gene
4910,23020,gene,0.0,True,Gene
4911,23022,gene,0.0,True,Gene
4912,23023,gene,0.0,True,Gene
4913,23024,gene,0.0,True,Gene
4914,23025,gene,0.0,True,Gene
4915,23026,gene,0.0,True,Gene
4916,23028,gene,0.0,True,Gene
4917,23029,gene,0.0,True,Gene
4918,2303,gene,0.0,True,Gene
4919,23030,gene,0.0,True,Gene
4920,23031,gene,0.0,True,Gene
4921,23032,gene,0.0,True,Gene
4922,23033,gene,0.0,True,Gene
4923,23034,gene,0.0,True,Gene
4924,23035,gene,0.0,True,Gene
4925,23036,gene,0.0,True,Gene
4926,23037,gene,0.0,True,Gene
4927,23038,gene,0.0,True,Gene
4928,23039,gene,0.0,True,Gene
4929,2304,gene,0.0,True,Gene
4930,23040,gene,0.0,True,Gene
4931,23041,gene,0.0,True,Gene
4932,23042,gene,0.0,True,Gene
4933,23043,gene,0.0,True,Gene
4934,23046,gene,0.0,True,Gene
4935,23047,gene,0.0,True,Gene
4936,23048,gene,0.0,True,Gene
4937,23049,gene,0.0,True,Gene
4938,2305,gene,0.0,True,Gene
4939,23051,gene,0.0,True,Gene
4940,23052,gene,0.0,True,Gene
4941,23053,gene,0.0,True,Gene
4942,23054,gene,0.0,True,Gene
4943,23057,gene,0.0,True,Gene
4944,23059,gene,0.0,True,Gene
4945,2306,gene,0.0,True,Gene
4946,23060,gene,0.0,True,Gene
4947,23061,gene,0.0,True,Gene
4948,23062,gene,0.0,True,Gene
4949,23063,gene,0.0,True,Gene
4950,23064,gene,0.0,True,Gene
4951,23065,gene,0.0,True,Gene
4952,23066,gene,0.0,True,Gene
4953,23067,gene,0.0,True,Gene
4954,2307,gene,0.0,True,Gene
4955,23070,gene,0.0,True,Gene
4956,23071,gene,0.0,True,Gene
4957,23072,gene,0.0,True,Gene
4958,23074,gene,0.0,True,Gene
4959,23075,gene,0.0,True,Gene
4960,23076,gene,0.0,True,Gene
4961,23077,gene,0.0,True,Gene
4962,23078,gene,0.0,True,Gene
4963,2308,gene,0.0,True,Gene
4964,23080,gene,0.0,True,Gene
4965,23081,gene,0.0,True,Gene
4966,23082,gene,0.0,True,Gene
4967,23085,gene,0.0,True,Gene
4968,23086,gene,0.0,True,Gene
4969,23087,gene,0.0,True,Gene
4970,23089,gene,0.0,True,Gene
4971,2309,gene,0.0,True,Gene
4972,23090,gene,0.0,True,Gene
4973,23091,gene,0.0,True,Gene
4974,23092,gene,0.0,True,Gene
4975,23093,gene,0.0,True,Gene
4976,23094,gene,0.0,True,Gene
4977,23095,gene,0.0,True,Gene
4978,23096,gene,0.0,True,Gene
4979,23097,gene,0.0,True,Gene
4980,23098,gene,0.0,True,Gene
4981,23099,gene,0.0,True,Gene
4982,231,gene,0.0,True,Gene
4983,2310,gene,0.0,True,Gene
4984,23101,gene,0.0,True,Gene
4985,23102,gene,0.0,True,Gene
4986,23105,gene,0.0,True,Gene
4987,23107,gene,0.0,True,Gene
4988,23108,gene,0.0,True,Gene
4989,23109,gene,0.0,True,Gene
4990,23111,gene,0.0,True,Gene
4991,23112,gene,0.0,True,Gene
4992,23113,gene,0.0,True,Gene
4993,23114,gene,0.0,True,Gene
4994,23116,gene,0.0,True,Gene
4995,23118,gene,0.0,True,Gene
4996,23119,gene,0.0,True,Gene
4997,2312,gene,0.0,True,Gene
4998,23120,gene,0.0,True,Gene
4999,23122,gene,0.0,True,Gene
5000,23125,gene,0.0,True,Gene
5001,23126,gene,0.0,True,Gene
5002,23127,gene,0.0,True,Gene
5003,23129,gene,0.0,True,Gene
5004,2313,gene,0.0,True,Gene
5005,23130,gene,0.0,True,Gene
5006,23131,gene,0.0,True,Gene
5007,23132,gene,0.0,True,Gene
5008,23133,gene,0.0,True,Gene
5009,23135,gene,0.0,True,Gene
5010,23136,gene,0.0,True,Gene
5011,23137,gene,0.0,True,Gene
5012,23138,gene,0.0,True,Gene
5013,23139,gene,0.0,True,Gene
5014,2314,gene,0.0,True,Gene
5015,23140,gene,0.0,True,Gene
5016,23141,gene,0.0,True,Gene
5017,23142,gene,0.0,True,Gene
5018,23143,gene,0.0,True,Gene
5019,23144,gene,0.0,True,Gene
5020,23148,gene,0.0,True,Gene
5021,23149,gene,0.0,True,Gene
5022,2315,gene,0.0,True,Gene
5023,23150,gene,0.0,True,Gene
5024,23151,gene,0.0,True,Gene
5025,23152,gene,0.0,True,Gene
5026,23154,gene,0.0,True,Gene
5027,23155,gene,0.0,True,Gene
5028,23157,gene,0.0,True,Gene
5029,23158,gene,0.0,True,Gene
5030,2316,gene,0.0,True,Gene
5031,23160,gene,0.0,True,Gene
5032,23161,gene,0.0,True,Gene
5033,23162,gene,0.0,True,Gene
5034,23163,gene,0.0,True,Gene
5035,23164,gene,0.0,True,Gene
5036,23165,gene,0.0,True,Gene
5037,23166,gene,0.0,True,Gene
5038,23167,gene,0.0,True,Gene
5039,23168,gene,0.0,True,Gene
5040,23169,gene,0.0,True,Gene
5041,2317,gene,0.0,True,Gene
5042,23170,gene,0.0,True,Gene
5043,23171,gene,0.0,True,Gene
5044,23172,gene,0.0,True,Gene
5045,23173,gene,0.0,True,Gene
5046,23174,gene,0.0,True,Gene
5047,23175,gene,0.0,True,Gene
5048,23176,gene,0.0,True,Gene
5049,23177,gene,0.0,True,Gene
5050,23178,gene,0.0,True,Gene
5051,23179,gene,0.0,True,Gene
5052,2318,gene,0.0,True,Gene
5053,23180,gene,0.0,True,Gene
5054,23181,gene,0.0,True,Gene
5055,23184,gene,0.0,True,Gene
5056,23185,gene,0.0,True,Gene
5057,23186,gene,0.0,True,Gene
5058,23187,gene,0.0,True,Gene
5059,23189,gene,0.0,True,Gene
5060,2319,gene,0.0,True,Gene
5061,23190,gene,0.0,True,Gene
5062,23191,gene,0.0,True,Gene
5063,23192,gene,0.0,True,Gene
5064,23193,gene,0.0,True,Gene
5065,23194,gene,0.0,True,Gene
5066,23195,gene,0.0,True,Gene
5067,23196,gene,0.0,True,Gene
5068,23197,gene,0.0,True,Gene
5069,23198,gene,0.0,True,Gene
5070,23199,gene,0.0,True,Gene
5071,23200,gene,0.0,True,Gene
5072,23201,gene,0.0,True,Gene
5073,23203,gene,0.0,True,Gene
5074,23204,gene,0.0,True,Gene
5075,23205,gene,0.0,True,Gene
5076,23207,gene,0.0,True,Gene
5077,23208,gene,0.0,True,Gene
5078,23209,gene,0.0,True,Gene
5079,2321,gene,0.0,True,Gene
5080,23210,gene,0.0,True,Gene
5081,23211,gene,0.0,True,Gene
5082,23212,gene,0.0,True,Gene
5083,23213,gene,0.0,True,Gene
5084,23214,gene,0.0,True,Gene
5085,23215,gene,0.0,True,Gene
5086,23216,gene,0.0,True,Gene
5087,23217,gene,0.0,True,Gene
5088,23218,gene,0.0,True,Gene
5089,23219,gene,0.0,True,Gene
5090,2322,gene,0.0,True,Gene
5091,23220,gene,0.0,True,Gene
5092,23221,gene,0.0,True,Gene
5093,23223,gene,0.0,True,Gene
5094,23224,gene,0.0,True,Gene
5095,23225,gene,0.0,True,Gene
5096,23228,gene,0.0,True,Gene
5097,23229,gene,0.0,True,Gene
5098,2323,gene,0.0,True,Gene
5099,23230,gene,0.0,True,Gene
5100,23231,gene,0.0,True,Gene
5101,23232,gene,0.0,True,Gene
5102,23233,gene,0.0,True,Gene
5103,23234,gene,0.0,True,Gene
5104,23235,gene,0.0,True,Gene
5105,23236,gene,0.0,True,Gene
5106,23237,gene,0.0,True,Gene
5107,23239,gene,0.0,True,Gene
5108,2324,gene,0.0,True,Gene
5109,23240,gene,0.0,True,Gene
5110,23241,gene,0.0,True,Gene
5111,23242,gene,0.0,True,Gene
5112,23243,gene,0.0,True,Gene
5113,23244,gene,0.0,True,Gene
5114,23245,gene,0.0,True,Gene
5115,23246,gene,0.0,True,Gene
5116,23247,gene,0.0,True,Gene
5117,23248,gene,0.0,True,Gene
5118,23250,gene,2.573839,True,Gene
5119,23251,gene,0.0,True,Gene
5120,23252,gene,0.0,True,Gene
5121,23253,gene,0.0,True,Gene
5122,23254,gene,0.0,True,Gene
5123,23255,gene,0.0,True,Gene
5124,23256,gene,0.0,True,Gene
5125,23258,gene,0.0,True,Gene
5126,23259,gene,0.0,True,Gene
5127,2326,gene,0.0,True,Gene
5128,23261,gene,0.0,True,Gene
5129,23262,gene,0.0,True,Gene
5130,23263,gene,0.0,True,Gene
5131,23264,gene,0.0,True,Gene
5132,23265,gene,0.0,True,Gene
5133,23266,gene,0.0,True,Gene
5134,23268,gene,0.0,True,Gene
5135,23269,gene,0.0,True,Gene
5136,2327,gene,0.0,True,Gene
5137,23270,gene,0.0,True,Gene
5138,23271,gene,0.0,True,Gene
5139,23272,gene,0.0,True,Gene
5140,23274,gene,0.0,True,Gene
5141,23275,gene,0.0,True,Gene
5142,23276,gene,0.0,True,Gene
5143,23277,gene,0.0,True,Gene
5144,23279,gene,0.0,True,Gene
5145,2328,gene,0.0,True,Gene
5146,23281,gene,0.0,True,Gene
5147,23283,gene,0.0,True,Gene
5148,23284,gene,0.0,True,Gene
5149,23286,gene,0.0,True,Gene
5150,23287,gene,0.0,True,Gene
5151,23288,gene,0.0,True,Gene
5152,2329,gene,0.0,True,Gene
5153,23291,gene,0.0,True,Gene
5154,23293,gene,0.0,True,Gene
5155,23294,gene,0.0,True,Gene
5156,23295,gene,0.0,True,Gene
5157,23299,gene,0.0,True,Gene
5158,2330,gene,0.0,True,Gene
5159,23300,gene,0.0,True,Gene
5160,23301,gene,0.0,True,Gene
5161,23302,gene,0.0,True,Gene
5162,23303,gene,0.0,True,Gene
5163,23304,gene,0.0,True,Gene
5164,23305,gene,0.0,True,Gene
5165,23306,gene,0.0,True,Gene
5166,23307,gene,0.0,True,Gene
5167,23308,gene,0.0,True,Gene
5168,23309,gene,0.0,True,Gene
5169,2331,gene,0.0,True,Gene
5170,23310,gene,0.0,True,Gene
5171,23312,gene,0.0,True,Gene
5172,23313,gene,0.0,True,Gene
5173,23314,gene,0.0,True,Gene
5174,23315,gene,0.0,True,Gene
5175,23316,gene,0.0,True,Gene
5176,23317,gene,0.0,True,Gene
5177,23318,gene,0.0,True,Gene
5178,2332,gene,0.0,True,Gene
5179,23321,gene,0.0,True,Gene
5180,23322,gene,0.0,True,Gene
5181,23324,gene,0.0,True,Gene
5182,23325,gene,0.0,True,Gene
5183,23326,gene,0.0,True,Gene
5184,23327,gene,0.0,True,Gene
5185,23328,gene,0.0,True,Gene
5186,23329,gene,0.0,True,Gene
5187,23331,gene,0.0,True,Gene
5188,23332,gene,0.0,True,Gene
5189,23333,gene,0.0,True,Gene
5190,23334,gene,0.0,True,Gene
5191,23335,gene,0.0,True,Gene
5192,23336,gene,0.0,True,Gene
5193,23338,gene,0.0,True,Gene
5194,23339,gene,0.0,True,Gene
5195,2334,gene,0.0,True,Gene
5196,23341,gene,0.0,True,Gene
5197,23344,gene,0.0,True,Gene
5198,23345,gene,0.0,True,Gene
5199,23347,gene,0.0,True,Gene
5200,23348,gene,0.0,True,Gene
5201,23349,gene,0.0,True,Gene
5202,2335,gene,0.0,True,Gene
5203,23350,gene,0.0,True,Gene
5204,23351,gene,0.0,True,Gene
5205,23352,gene,1.8747532,True,Gene
5206,23353,gene,0.0,True,Gene
5207,23354,gene,0.0,True,Gene
5208,23355,gene,0.0,True,Gene
5209,23357,gene,0.0,True,Gene
5210,23358,gene,0.0,True,Gene
5211,23359,gene,0.0,True,Gene
5212,23360,gene,0.0,True,Gene
5213,23361,gene,0.0,True,Gene
5214,23362,gene,0.0,True,Gene
5215,23363,gene,0.0,True,Gene
5216,23365,gene,0.0,True,Gene
5217,23366,gene,0.0,True,Gene
5218,23367,gene,0.0,True,Gene
5219,23368,gene,0.0,True,Gene
5220,23369,gene,0.0,True,Gene
5221,23370,gene,0.0,True,Gene
5222,23371,gene,0.0,True,Gene
5223,23373,gene,0.0,True,Gene
5224,23376,gene,0.0,True,Gene
5225,23378,gene,0.0,True,Gene
5226,23379,gene,0.0,True,Gene
5227,23380,gene,0.0,True,Gene
5228,23381,gene,0.0,True,Gene
5229,23382,gene,0.0,True,Gene
5230,23383,gene,0.0,True,Gene
5231,23384,gene,0.0,True,Gene
5232,23385,gene,0.0,True,Gene
5233,23386,gene,0.0,True,Gene
5234,23387,gene,0.0,True,Gene
5235,23389,gene,0.0,True,Gene
5236,2339,gene,0.0,True,Gene
5237,23390,gene,0.0,True,Gene
5238,23392,gene,0.0,True,Gene
5239,23394,gene,0.0,True,Gene
5240,23395,gene,0.0,True,Gene
5241,23396,gene,0.0,True,Gene
5242,23397,gene,0.0,True,Gene
5243,23398,gene,0.0,True,Gene
5244,23399,gene,0.0,True,Gene
5245,23400,gene,0.0,True,Gene
5246,23401,gene,0.0,True,Gene
5247,23403,gene,0.0,True,Gene
5248,23404,gene,0.0,True,Gene
5249,23405,gene,0.0,True,Gene
5250,23406,gene,0.0,True,Gene
5251,23408,gene,0.0,True,Gene
5252,23409,gene,0.0,True,Gene
5253,23410,gene,0.0,True,Gene
5254,23411,gene,0.0,True,Gene
5255,23412,gene,0.0,True,Gene
5256,23413,gene,0.0,True,Gene
5257,23414,gene,0.0,True,Gene
5258,23415,gene,0.0,True,Gene
5259,23416,gene,0.0,True,Gene
5260,23417,gene,0.0,True,Gene
5261,23418,gene,0.0,True,Gene
5262,2342,gene,0.0,True,Gene
5263,23420,gene,0.0,True,Gene
5264,23421,gene,0.0,True,Gene
5265,23423,gene,0.0,True,Gene
5266,23424,gene,0.0,True,Gene
5267,23426,gene,0.0,True,Gene
5268,23428,gene,0.0,True,Gene
5269,23429,gene,0.0,True,Gene
5270,23430,gene,0.0,True,Gene
5271,23431,gene,0.0,True,Gene
5272,23432,gene,0.0,True,Gene
5273,23433,gene,0.0,True,Gene
5274,23435,gene,0.0,True,Gene
5275,23438,gene,0.0,True,Gene
5276,23439,gene,0.0,True,Gene
5277,23440,gene,0.0,True,Gene
5278,23443,gene,0.0,True,Gene
5279,23446,gene,0.0,True,Gene
5280,23450,gene,0.0,True,Gene
5281,23451,gene,0.0,True,Gene
5282,23452,gene,0.0,True,Gene
5283,23456,gene,0.0,True,Gene
5284,23457,gene,0.0,True,Gene
5285,2346,gene,0.0,True,Gene
5286,23460,gene,0.0,True,Gene
5287,23461,gene,0.0,True,Gene
5288,23462,gene,0.0,True,Gene
5289,23463,gene,0.0,True,Gene
5290,23464,gene,0.0,True,Gene
5291,23466,gene,0.0,True,Gene
5292,23467,gene,0.0,True,Gene
5293,23468,gene,0.0,True,Gene
5294,23469,gene,0.0,True,Gene
5295,23471,gene,0.0,True,Gene
5296,23473,gene,0.0,True,Gene
5297,23474,gene,0.0,True,Gene
5298,23475,gene,0.0,True,Gene
5299,23476,gene,0.0,True,Gene
5300,23478,gene,0.0,True,Gene
5301,23479,gene,0.0,True,Gene
5302,2348,gene,0.0,True,Gene
5303,23480,gene,0.0,True,Gene
5304,23481,gene,0.0,True,Gene
5305,23483,gene,0.0,True,Gene
5306,23484,gene,0.0,True,Gene
5307,23491,gene,0.0,True,Gene
5308,23492,gene,0.0,True,Gene
5309,23493,gene,0.0,True,Gene
5310,23495,gene,0.0,True,Gene
5311,23498,gene,0.0,True,Gene
5312,23499,gene,0.0,True,Gene
5313,2350,gene,0.0,True,Gene
5314,23500,gene,0.0,True,Gene
5315,23503,gene,0.0,True,Gene
5316,23504,gene,0.0,True,Gene
5317,23505,gene,0.0,True,Gene
5318,23506,gene,0.0,True,Gene
5319,23507,gene,0.0,True,Gene
5320,23508,gene,0.0,True,Gene
5321,23509,gene,0.0,True,Gene
5322,23510,gene,0.0,True,Gene
5323,23511,gene,0.0,True,Gene
5324,23512,gene,0.0,True,Gene
5325,23513,gene,0.0,True,Gene
5326,23514,gene,0.0,True,Gene
5327,23515,gene,0.0,True,Gene
5328,23516,gene,0.0,True,Gene
5329,23517,gene,0.0,True,Gene
5330,23518,gene,0.0,True,Gene
5331,23519,gene,0.0,True,Gene
5332,2352,gene,0.0,True,Gene
5333,23521,gene,0.0,True,Gene
5334,23522,gene,0.0,True,Gene
5335,23523,gene,0.0,True,Gene
5336,23524,gene,0.0,True,Gene
5337,23526,gene,0.0,True,Gene
5338,23527,gene,0.0,True,Gene
5339,23528,gene,0.0,True,Gene
5340,23529,gene,0.0,True,Gene
5341,2353,gene,0.0,True,Gene
5342,23530,gene,0.0,True,Gene
5343,23531,gene,0.0,True,Gene
5344,23532,gene,0.0,True,Gene
5345,23533,gene,0.0,True,Gene
5346,23534,gene,0.0,True,Gene
5347,23536,gene,0.0,True,Gene
5348,23539,gene,0.0,True,Gene
5349,2354,gene,0.0,True,Gene
5350,23541,gene,0.0,True,Gene
5351,23542,gene,0.0,True,Gene
5352,23543,gene,0.0,True,Gene
5353,23544,gene,0.0,True,Gene
5354,23545,gene,0.0,True,Gene
5355,23546,gene,0.0,True,Gene
5356,23547,gene,0.0,True,Gene
5357,23548,gene,0.0,True,Gene
5358,23549,gene,0.0,True,Gene
5359,2355,gene,0.0,True,Gene
5360,23550,gene,0.0,True,Gene
5361,23551,gene,0.0,True,Gene
5362,23552,gene,0.0,True,Gene
5363,23553,gene,0.0,True,Gene
5364,23554,gene,0.0,True,Gene
5365,23555,gene,0.0,True,Gene
5366,23556,gene,0.0,True,Gene
5367,23557,gene,0.0,True,Gene
5368,23558,gene,0.0,True,Gene
5369,23559,gene,0.0,True,Gene
5370,2356,gene,0.0,True,Gene
5371,23560,gene,0.0,True,Gene
5372,23562,gene,0.0,True,Gene
5373,23563,gene,0.0,True,Gene
5374,23564,gene,0.0,True,Gene
5375,23566,gene,0.0,True,Gene
5376,23567,gene,0.0,True,Gene
5377,23568,gene,0.0,True,Gene
5378,23569,gene,0.0,True,Gene
5379,2357,gene,0.0,True,Gene
5380,23576,gene,0.0,True,Gene
5381,2358,gene,0.0,True,Gene
5382,23580,gene,0.0,True,Gene
5383,23581,gene,0.0,True,Gene
5384,23582,gene,0.0,True,Gene
5385,23583,gene,0.0,True,Gene
5386,23584,gene,0.0,True,Gene
5387,23585,gene,0.0,True,Gene
5388,23586,gene,0.0,True,Gene
5389,23587,gene,0.0,True,Gene
5390,23588,gene,0.0,True,Gene
5391,23589,gene,0.0,True,Gene
5392,2359,gene,0.0,True,Gene
5393,23590,gene,0.0,True,Gene
5394,23592,gene,0.0,True,Gene
5395,23593,gene,0.0,True,Gene
5396,23594,gene,0.0,True,Gene
5397,23595,gene,0.0,True,Gene
5398,23596,gene,0.0,True,Gene
5399,23597,gene,0.0,True,Gene
5400,23598,gene,0.0,True,Gene
5401,23600,gene,0.0,True,Gene
5402,23601,gene,0.0,True,Gene
5403,23603,gene,0.0,True,Gene
5404,23604,gene,0.0,True,Gene
5405,23607,gene,0.0,True,Gene
5406,23608,gene,0.0,True,Gene
5407,23609,gene,0.0,True,Gene
5408,23612,gene,0.0,True,Gene
5409,23613,gene,0.0,True,Gene
5410,23616,gene,0.0,True,Gene
5411,23617,gene,0.0,True,Gene
5412,23619,gene,0.0,True,Gene
5413,23620,gene,0.0,True,Gene
5414,23621,gene,0.0,True,Gene
5415,23623,gene,0.0,True,Gene
5416,23624,gene,0.0,True,Gene
5417,23625,gene,0.0,True,Gene
5418,23626,gene,0.0,True,Gene
5419,23627,gene,0.0,True,Gene
5420,23630,gene,0.0,True,Gene
5421,23632,gene,0.0,True,Gene
5422,23633,gene,0.0,True,Gene
5423,23635,gene,0.0,True,Gene
5424,23636,gene,0.0,True,Gene
5425,23637,gene,0.0,True,Gene
5426,23639,gene,0.0,True,Gene
5427,23640,gene,0.0,True,Gene
5428,23641,gene,0.0,True,Gene
5429,23643,gene,0.0,True,Gene
5430,23644,gene,0.0,True,Gene
5431,23645,gene,0.0,True,Gene
5432,23646,gene,0.0,True,Gene
5433,23647,gene,0.0,True,Gene
5434,23648,gene,0.0,True,Gene
5435,23649,gene,0.0,True,Gene
5436,23650,gene,0.0,True,Gene
5437,23654,gene,0.0,True,Gene
5438,23657,gene,0.0,True,Gene
5439,23658,gene,0.0,True,Gene
5440,23659,gene,0.0,True,Gene
5441,23660,gene,0.0,True,Gene
5442,23670,gene,0.0,True,Gene
5443,23671,gene,0.0,True,Gene
5444,23673,gene,0.0,True,Gene
5445,23676,gene,0.0,True,Gene
5446,23677,gene,0.0,True,Gene
5447,23678,gene,0.0,True,Gene
5448,23682,gene,0.0,True,Gene
5449,23683,gene,0.0,True,Gene
5450,23704,gene,0.0,True,Gene
5451,23705,gene,0.0,True,Gene
5452,23708,gene,0.0,True,Gene
5453,23710,gene,0.0,True,Gene
5454,23729,gene,0.0,True,Gene
5455,23731,gene,0.0,True,Gene
5456,23732,gene,0.0,True,Gene
5457,23741,gene,0.0,True,Gene
5458,23742,gene,0.0,True,Gene
5459,23743,gene,0.0,True,Gene
5460,23746,gene,0.0,True,Gene
5461,23753,gene,0.0,True,Gene
5462,23759,gene,0.0,True,Gene
5463,23760,gene,0.0,True,Gene
5464,23761,gene,0.0,True,Gene
5465,23762,gene,0.0,True,Gene
5466,23764,gene,0.0,True,Gene
5467,23765,gene,0.0,True,Gene
5468,23767,gene,0.0,True,Gene
5469,23768,gene,0.0,True,Gene
5470,23769,gene,0.0,True,Gene
5471,23770,gene,0.0,True,Gene
5472,23774,gene,0.0,True,Gene
5473,23779,gene,0.0,True,Gene
5474,23780,gene,0.0,True,Gene
5475,23784,gene,0.0,True,Gene
5476,23786,gene,0.0,True,Gene
5477,23787,gene,0.0,True,Gene
5478,23788,gene,0.0,True,Gene
5479,238,gene,0.0,True,Gene
5480,239,gene,0.0,True,Gene
5481,2395,gene,0.0,True,Gene
5482,24,gene,0.0,True,Gene
5483,240,gene,0.0,True,Gene
5484,241,gene,0.0,True,Gene
5485,24137,gene,0.0,True,Gene
5486,24138,gene,0.0,True,Gene
5487,24139,gene,0.0,True,Gene
5488,24140,gene,0.0,True,Gene
5489,24141,gene,0.0,True,Gene
5490,24142,gene,0.0,True,Gene
5491,24144,gene,0.0,True,Gene
5492,24145,gene,0.0,True,Gene
5493,24146,gene,0.0,True,Gene
5494,24147,gene,0.0,True,Gene
5495,24148,gene,0.0,True,Gene
5496,24149,gene,0.0,True,Gene
5497,24150,gene,0.0,True,Gene
5498,242,gene,0.0,True,Gene
5499,2444,gene,0.0,True,Gene
5500,245711,gene,0.0,True,Gene
5501,245802,gene,0.0,True,Gene
5502,245806,gene,0.0,True,Gene
5503,245812,gene,0.0,True,Gene
5504,245908,gene,0.0,True,Gene
5505,245909,gene,0.0,True,Gene
5506,245910,gene,0.0,True,Gene
5507,245911,gene,0.0,True,Gene
5508,245913,gene,0.0,True,Gene
5509,245915,gene,0.0,True,Gene
5510,245927,gene,0.0,True,Gene
5511,245928,gene,0.0,True,Gene
5512,245929,gene,0.0,True,Gene
5513,245930,gene,0.0,True,Gene
5514,245932,gene,0.0,True,Gene
5515,245934,gene,0.0,True,Gene
5516,245936,gene,0.0,True,Gene
5517,245937,gene,0.0,True,Gene
5518,245938,gene,0.0,True,Gene
5519,245939,gene,0.0,True,Gene
5520,245940,gene,0.0,True,Gene
5521,245972,gene,0.0,True,Gene
5522,245973,gene,0.0,True,Gene
5523,246,gene,0.0,True,Gene
5524,246100,gene,0.0,True,Gene
5525,246175,gene,0.0,True,Gene
5526,246176,gene,0.0,True,Gene
5527,246181,gene,0.0,True,Gene
5528,246184,gene,0.0,True,Gene
5529,246213,gene,0.0,True,Gene
5530,246243,gene,0.0,True,Gene
5531,246269,gene,0.0,True,Gene
5532,246329,gene,0.0,True,Gene
5533,246330,gene,0.0,True,Gene
5534,246721,gene,0.0,True,Gene
5535,246777,gene,0.0,True,Gene
5536,246778,gene,0.0,True,Gene
5537,247,gene,0.0,True,Gene
5538,2475,gene,0.0,True,Gene
5539,248,gene,0.0,True,Gene
5540,2483,gene,0.0,True,Gene
5541,2487,gene,0.0,True,Gene
5542,2488,gene,0.0,True,Gene
5543,249,gene,0.0,True,Gene
5544,2491,gene,0.0,True,Gene
5545,2492,gene,0.0,True,Gene
5546,2494,gene,0.0,True,Gene
5547,2495,gene,0.0,True,Gene
5548,25,gene,0.0,True,Gene
5549,250,gene,0.0,True,Gene
5550,251,gene,0.0,True,Gene
5551,2512,gene,0.0,True,Gene
5552,2515,gene,0.0,True,Gene
5553,2516,gene,0.0,True,Gene
5554,2517,gene,0.0,True,Gene
5555,2519,gene,0.0,True,Gene
5556,2520,gene,0.0,True,Gene
5557,2521,gene,0.0,True,Gene
5558,2523,gene,0.0,True,Gene
5559,2524,gene,0.0,True,Gene
5560,2525,gene,0.0,True,Gene
5561,2526,gene,0.0,True,Gene
5562,2527,gene,0.0,True,Gene
5563,2528,gene,0.0,True,Gene
5564,252839,gene,0.0,True,Gene
5565,252884,gene,0.0,True,Gene
5566,2529,gene,0.0,True,Gene
5567,252969,gene,0.0,True,Gene
5568,252983,gene,0.0,True,Gene
5569,252995,gene,0.0,True,Gene
5570,2530,gene,0.0,True,Gene
5571,253012,gene,0.0,True,Gene
5572,253017,gene,0.0,True,Gene
5573,2531,gene,0.0,True,Gene
5574,253143,gene,0.0,True,Gene
5575,253152,gene,0.0,True,Gene
5576,253175,gene,0.0,True,Gene
5577,253190,gene,0.0,True,Gene
5578,2532,gene,0.0,True,Gene
5579,253260,gene,0.0,True,Gene
5580,2533,gene,0.0,True,Gene
5581,253314,gene,0.0,True,Gene
5582,2534,gene,0.0,True,Gene
5583,253430,gene,0.0,True,Gene
5584,253461,gene,0.0,True,Gene
5585,2535,gene,0.0,True,Gene
5586,253512,gene,0.0,True,Gene
5587,253558,gene,0.0,True,Gene
5588,253559,gene,0.0,True,Gene
5589,253582,gene,0.0,True,Gene
5590,253635,gene,0.0,True,Gene
5591,253639,gene,0.0,True,Gene
5592,253650,gene,0.0,True,Gene
5593,2537,gene,0.0,True,Gene
5594,253714,gene,0.0,True,Gene
5595,253725,gene,0.0,True,Gene
5596,253738,gene,0.0,True,Gene
5597,253769,gene,0.0,True,Gene
5598,253782,gene,0.0,True,Gene
5599,2538,gene,0.0,True,Gene
5600,253827,gene,0.0,True,Gene
5601,253832,gene,0.0,True,Gene
5602,2539,gene,0.0,True,Gene
5603,253935,gene,0.0,True,Gene
5604,253943,gene,0.0,True,Gene
5605,253959,gene,0.0,True,Gene
5606,253980,gene,0.0,True,Gene
5607,253982,gene,0.0,True,Gene
5608,254013,gene,0.0,True,Gene
5609,254042,gene,0.0,True,Gene
5610,254048,gene,0.0,True,Gene
5611,254050,gene,0.0,True,Gene
5612,254065,gene,0.0,True,Gene
5613,254102,gene,0.0,True,Gene
5614,254122,gene,0.0,True,Gene
5615,254158,gene,0.0,True,Gene
5616,254170,gene,0.0,True,Gene
5617,254173,gene,0.0,True,Gene
5618,254187,gene,0.0,True,Gene
5619,2542,gene,0.0,True,Gene
5620,254225,gene,0.0,True,Gene
5621,254228,gene,0.0,True,Gene
5622,254240,gene,0.0,True,Gene
5623,254251,gene,0.0,True,Gene
5624,254263,gene,0.0,True,Gene
5625,254268,gene,0.0,True,Gene
5626,254272,gene,0.0,True,Gene
5627,254295,gene,0.0,True,Gene
5628,254359,gene,0.0,True,Gene
5629,254394,gene,0.0,True,Gene
5630,254427,gene,0.0,True,Gene
5631,254428,gene,0.0,True,Gene
5632,254439,gene,0.0,True,Gene
5633,254528,gene,0.0,True,Gene
5634,254531,gene,0.0,True,Gene
5635,254552,gene,0.0,True,Gene
5636,2547,gene,0.0,True,Gene
5637,254773,gene,0.0,True,Gene
5638,254778,gene,0.0,True,Gene
5639,2548,gene,0.0,True,Gene
5640,254827,gene,0.0,True,Gene
5641,254863,gene,0.0,True,Gene
5642,254887,gene,0.0,True,Gene
5643,2549,gene,0.0,True,Gene
5644,254950,gene,0.0,True,Gene
5645,254956,gene,0.0,True,Gene
5646,2550,gene,0.0,True,Gene
5647,255022,gene,0.0,True,Gene
5648,255027,gene,0.0,True,Gene
5649,255043,gene,0.0,True,Gene
5650,255057,gene,0.0,True,Gene
5651,255061,gene,0.0,True,Gene
5652,2551,gene,0.0,True,Gene
5653,255101,gene,0.0,True,Gene
5654,255104,gene,0.0,True,Gene
5655,255119,gene,0.0,True,Gene
5656,255189,gene,0.0,True,Gene
5657,255220,gene,0.0,True,Gene
5658,255231,gene,0.0,True,Gene
5659,255239,gene,0.0,True,Gene
5660,255252,gene,0.0,True,Gene
5661,255275,gene,0.0,True,Gene
5662,2553,gene,0.0,True,Gene
5663,255308,gene,0.0,True,Gene
5664,255313,gene,0.0,True,Gene
5665,255324,gene,0.0,True,Gene
5666,255349,gene,0.0,True,Gene
5667,255374,gene,0.0,True,Gene
5668,255394,gene,0.0,True,Gene
5669,2554,gene,0.0,True,Gene
5670,255403,gene,0.0,True,Gene
5671,255411,gene,0.0,True,Gene
5672,255426,gene,0.0,True,Gene
5673,255488,gene,0.0,True,Gene
5674,2555,gene,0.0,True,Gene
5675,255520,gene,0.0,True,Gene
5676,2556,gene,0.0,True,Gene
5677,255626,gene,0.0,True,Gene
5678,255631,gene,0.0,True,Gene
5679,2557,gene,0.0,True,Gene
5680,255738,gene,0.0,True,Gene
5681,255743,gene,0.0,True,Gene
5682,255758,gene,0.0,True,Gene
5683,255762,gene,0.0,True,Gene
5684,255783,gene,0.0,True,Gene
5685,255798,gene,0.0,True,Gene
5686,2558,gene,0.0,True,Gene
5687,255809,gene,0.0,True,Gene
5688,255877,gene,0.0,True,Gene
5689,255919,gene,0.0,True,Gene
5690,255928,gene,0.0,True,Gene
5691,255967,gene,0.0,True,Gene
5692,2560,gene,0.0,True,Gene
5693,256006,gene,0.0,True,Gene
5694,256051,gene,0.0,True,Gene
5695,256076,gene,0.0,True,Gene
5696,2561,gene,0.0,True,Gene
5697,256126,gene,0.0,True,Gene
5698,256130,gene,0.0,True,Gene
5699,256158,gene,0.0,True,Gene
5700,2562,gene,0.0,True,Gene
5701,256223,gene,0.0,True,Gene
5702,256227,gene,0.0,True,Gene
5703,256281,gene,0.0,True,Gene
5704,256297,gene,0.0,True,Gene
5705,2563,gene,0.0,True,Gene
5706,256302,gene,0.0,True,Gene
5707,256309,gene,0.0,True,Gene
5708,256329,gene,0.0,True,Gene
5709,256356,gene,0.0,True,Gene
5710,256364,gene,0.0,True,Gene
5711,256369,gene,0.0,True,Gene
5712,256380,gene,0.0,True,Gene
5713,256394,gene,0.0,True,Gene
5714,2564,gene,0.0,True,Gene
5715,256435,gene,0.0,True,Gene
5716,256471,gene,0.0,True,Gene
5717,256472,gene,0.0,True,Gene
5718,2565,gene,0.0,True,Gene
5719,256536,gene,0.0,True,Gene
5720,256586,gene,0.0,True,Gene
5721,2566,gene,0.0,True,Gene
5722,256643,gene,0.0,True,Gene
5723,256646,gene,0.0,True,Gene
5724,256691,gene,0.0,True,Gene
5725,2567,gene,0.0,True,Gene
5726,256710,gene,0.0,True,Gene
5727,256714,gene,0.0,True,Gene
5728,256764,gene,0.0,True,Gene
5729,2568,gene,0.0,True,Gene
5730,256815,gene,0.0,True,Gene
5731,2569,gene,0.0,True,Gene
5732,256933,gene,0.0,True,Gene
5733,256949,gene,0.0,True,Gene
5734,256957,gene,0.0,True,Gene
5735,256979,gene,0.0,True,Gene
5736,256987,gene,0.0,True,Gene
5737,257,gene,0.0,True,Gene
5738,2570,gene,0.0,True,Gene
5739,257000,gene,0.0,True,Gene
5740,257019,gene,0.0,True,Gene
5741,257044,gene,0.0,True,Gene
5742,257062,gene,0.0,True,Gene
5743,257068,gene,0.0,True,Gene
5744,2571,gene,0.0,True,Gene
5745,257101,gene,0.0,True,Gene
5746,257106,gene,0.0,True,Gene
5747,257144,gene,0.0,True,Gene
5748,257160,gene,0.0,True,Gene
5749,257169,gene,0.0,True,Gene
5750,257177,gene,0.0,True,Gene
5751,257194,gene,0.0,True,Gene
5752,2572,gene,0.0,True,Gene
5753,257202,gene,0.0,True,Gene
5754,257218,gene,0.0,True,Gene
5755,257236,gene,0.0,True,Gene
5756,257240,gene,0.0,True,Gene
5757,257313,gene,0.0,True,Gene
5758,257364,gene,0.0,True,Gene
5759,257397,gene,0.0,True,Gene
5760,257407,gene,0.0,True,Gene
5761,257415,gene,0.0,True,Gene
5762,25758,gene,0.0,True,Gene
5763,25759,gene,0.0,True,Gene
5764,257629,gene,0.0,True,Gene
5765,25763,gene,0.0,True,Gene
5766,25764,gene,0.0,True,Gene
5767,25766,gene,0.0,True,Gene
5768,25769,gene,0.0,True,Gene
5769,25770,gene,0.0,True,Gene
5770,25771,gene,0.0,True,Gene
5771,25774,gene,0.0,True,Gene
5772,25776,gene,0.0,True,Gene
5773,25777,gene,0.0,True,Gene
5774,25778,gene,0.0,True,Gene
5775,25780,gene,0.0,True,Gene
5776,25782,gene,0.0,True,Gene
5777,25788,gene,0.0,True,Gene
5778,25789,gene,0.0,True,Gene
5779,25790,gene,0.0,True,Gene
5780,25791,gene,0.0,True,Gene
5781,25792,gene,0.0,True,Gene
5782,25793,gene,0.0,True,Gene
5783,25794,gene,0.0,True,Gene
5784,25796,gene,0.0,True,Gene
5785,25797,gene,0.0,True,Gene
5786,25798,gene,0.0,True,Gene
5787,25799,gene,0.0,True,Gene
5788,258,gene,0.0,True,Gene
5789,2580,gene,0.0,True,Gene
5790,25800,gene,0.0,True,Gene
5791,25801,gene,0.0,True,Gene
5792,258010,gene,0.0,True,Gene
5793,25802,gene,0.0,True,Gene
5794,25803,gene,0.0,True,Gene
5795,25804,gene,0.0,True,Gene
5796,25805,gene,0.0,True,Gene
5797,25806,gene,0.0,True,Gene
5798,25807,gene,0.0,True,Gene
5799,25809,gene,0.0,True,Gene
5800,2581,gene,0.0,True,Gene
5801,25813,gene,0.0,True,Gene
5802,25814,gene,0.0,True,Gene
5803,25816,gene,0.0,True,Gene
5804,25817,gene,0.0,True,Gene
5805,25818,gene,0.0,True,Gene
5806,25819,gene,0.0,True,Gene
5807,2582,gene,0.0,True,Gene
5808,25820,gene,0.0,True,Gene
5809,25821,gene,0.0,True,Gene
5810,25822,gene,0.0,True,Gene
5811,25823,gene,0.0,True,Gene
5812,25824,gene,0.0,True,Gene
5813,25825,gene,0.0,True,Gene
5814,25827,gene,0.0,True,Gene
5815,25828,gene,0.0,True,Gene
5816,25829,gene,0.0,True,Gene
5817,2583,gene,0.0,True,Gene
5818,25830,gene,0.0,True,Gene
5819,25831,gene,0.0,True,Gene
5820,25832,gene,0.0,True,Gene
5821,25833,gene,0.0,True,Gene
5822,25834,gene,0.0,True,Gene
5823,25836,gene,0.0,True,Gene
5824,25837,gene,0.0,True,Gene
5825,25839,gene,0.0,True,Gene
5826,2584,gene,0.0,True,Gene
5827,25840,gene,0.0,True,Gene
5828,25841,gene,0.0,True,Gene
5829,25842,gene,0.0,True,Gene
5830,25843,gene,0.0,True,Gene
5831,25844,gene,0.0,True,Gene
5832,25847,gene,0.0,True,Gene
5833,25849,gene,0.0,True,Gene
5834,2585,gene,0.0,True,Gene
5835,25850,gene,0.0,True,Gene
5836,25851,gene,0.0,True,Gene
5837,25852,gene,0.0,True,Gene
5838,25853,gene,0.0,True,Gene
5839,25854,gene,0.0,True,Gene
5840,25855,gene,0.0,True,Gene
5841,25858,gene,0.0,True,Gene
5842,25861,gene,0.0,True,Gene
5843,25862,gene,0.0,True,Gene
5844,25864,gene,0.0,True,Gene
5845,25865,gene,0.0,True,Gene
5846,2587,gene,0.0,True,Gene
5847,25870,gene,0.0,True,Gene
5848,25871,gene,0.0,True,Gene
5849,25873,gene,0.0,True,Gene
5850,25874,gene,0.0,True,Gene
5851,25875,gene,0.0,True,Gene
5852,25876,gene,0.0,True,Gene
5853,25878,gene,0.0,True,Gene
5854,25879,gene,0.0,True,Gene
5855,2588,gene,0.0,True,Gene
5856,25880,gene,0.0,True,Gene
5857,25884,gene,0.0,True,Gene
5858,25885,gene,0.0,True,Gene
5859,25886,gene,0.0,True,Gene
5860,25888,gene,0.0,True,Gene
5861,2589,gene,0.0,True,Gene
5862,25890,gene,0.0,True,Gene
5863,25891,gene,0.0,True,Gene
5864,25893,gene,0.0,True,Gene
5865,25894,gene,0.0,True,Gene
5866,25895,gene,0.0,True,Gene
5867,25896,gene,0.0,True,Gene
5868,25897,gene,0.0,True,Gene
5869,25898,gene,0.0,True,Gene
5870,259,gene,0.0,True,Gene
5871,2590,gene,0.0,True,Gene
5872,25900,gene,0.0,True,Gene
5873,25901,gene,0.0,True,Gene
5874,25902,gene,0.0,True,Gene
5875,25903,gene,0.0,True,Gene
5876,25904,gene,0.0,True,Gene
5877,25906,gene,0.0,True,Gene
5878,25907,gene,0.0,True,Gene
5879,25909,gene,0.0,True,Gene
5880,2591,gene,0.0,True,Gene
5881,25911,gene,0.0,True,Gene
5882,25912,gene,0.0,True,Gene
5883,25913,gene,0.0,True,Gene
5884,25914,gene,0.0,True,Gene
5885,25915,gene,0.0,True,Gene
5886,25917,gene,0.0,True,Gene
5887,259173,gene,0.0,True,Gene
5888,259197,gene,0.0,True,Gene
5889,2592,gene,0.0,True,Gene
5890,25920,gene,0.0,True,Gene
5891,25921,gene,0.0,True,Gene
5892,259217,gene,0.0,True,Gene
5893,25923,gene,0.0,True,Gene
5894,259230,gene,0.0,True,Gene
5895,259232,gene,0.0,True,Gene
5896,259236,gene,0.0,True,Gene
5897,259239,gene,0.0,True,Gene
5898,25924,gene,0.0,True,Gene
5899,259240,gene,0.0,True,Gene
5900,259249,gene,0.0,True,Gene
5901,25925,gene,0.0,True,Gene
5902,25926,gene,0.0,True,Gene
5903,259266,gene,0.0,True,Gene
5904,25927,gene,0.0,True,Gene
5905,25928,gene,0.0,True,Gene
5906,259282,gene,0.0,True,Gene
5907,259285,gene,0.0,True,Gene
5908,259286,gene,0.0,True,Gene
5909,259289,gene,0.0,True,Gene
5910,25929,gene,0.0,True,Gene
5911,259290,gene,0.0,True,Gene
5912,259292,gene,0.0,True,Gene
5913,259293,gene,0.0,True,Gene
5914,259294,gene,0.0,True,Gene
5915,259295,gene,0.0,True,Gene
5916,259296,gene,0.0,True,Gene
5917,2593,gene,0.0,True,Gene
5918,25930,gene,0.0,True,Gene
5919,259307,gene,0.0,True,Gene
5920,259308,gene,0.0,True,Gene
5921,25932,gene,0.0,True,Gene
5922,25934,gene,0.0,True,Gene
5923,25936,gene,0.0,True,Gene
5924,25937,gene,0.0,True,Gene
5925,25938,gene,0.0,True,Gene
5926,25939,gene,0.0,True,Gene
5927,25940,gene,0.0,True,Gene
5928,25941,gene,0.0,True,Gene
5929,25942,gene,0.0,True,Gene
5930,25943,gene,0.0,True,Gene
5931,25945,gene,0.0,True,Gene
5932,25946,gene,0.0,True,Gene
5933,25948,gene,0.0,True,Gene
5934,25949,gene,0.0,True,Gene
5935,2595,gene,0.0,True,Gene
5936,25950,gene,0.0,True,Gene
5937,25953,gene,0.0,True,Gene
5938,25956,gene,0.0,True,Gene
5939,25957,gene,0.0,True,Gene
5940,25959,gene,0.0,True,Gene
5941,2596,gene,0.0,True,Gene
5942,25960,gene,0.0,True,Gene
5943,25961,gene,0.0,True,Gene
5944,25962,gene,0.0,True,Gene
5945,25963,gene,0.0,True,Gene
5946,25966,gene,0.0,True,Gene
5947,2597,gene,0.0,True,Gene
5948,25970,gene,0.0,True,Gene
5949,25972,gene,0.0,True,Gene
5950,25973,gene,0.0,True,Gene
5951,25974,gene,0.0,True,Gene
5952,25975,gene,0.0,True,Gene
5953,25976,gene,0.0,True,Gene
5954,25977,gene,0.0,True,Gene
5955,25978,gene,0.0,True,Gene
5956,25979,gene,0.0,True,Gene
5957,25980,gene,0.0,True,Gene
5958,25981,gene,0.0,True,Gene
5959,25983,gene,0.0,True,Gene
5960,25984,gene,0.0,True,Gene
5961,25987,gene,0.0,True,Gene
5962,25988,gene,0.0,True,Gene
5963,25989,gene,0.0,True,Gene
5964,25992,gene,0.0,True,Gene
5965,25994,gene,0.0,True,Gene
5966,25996,gene,0.0,True,Gene
5967,25998,gene,0.0,True,Gene
5968,25999,gene,0.0,True,Gene
5969,26,gene,0.0,True,Gene
5970,26000,gene,0.0,True,Gene
5971,26001,gene,0.0,True,Gene
5972,26002,gene,0.0,True,Gene
5973,26003,gene,0.0,True,Gene
5974,26005,gene,0.0,True,Gene
5975,26007,gene,0.0,True,Gene
5976,26009,gene,0.0,True,Gene
5977,26010,gene,0.0,True,Gene
5978,26011,gene,0.0,True,Gene
5979,26012,gene,0.0,True,Gene
5980,26013,gene,0.0,True,Gene
5981,26015,gene,0.0,True,Gene
5982,26017,gene,0.0,True,Gene
5983,26018,gene,0.0,True,Gene
5984,26019,gene,0.0,True,Gene
5985,26020,gene,0.0,True,Gene
5986,26022,gene,0.0,True,Gene
5987,26024,gene,0.0,True,Gene
5988,26025,gene,0.0,True,Gene
5989,26027,gene,0.0,True,Gene
5990,260293,gene,0.0,True,Gene
5991,26030,gene,0.0,True,Gene
5992,26031,gene,0.0,True,Gene
5993,26032,gene,0.0,True,Gene
5994,26033,gene,0.0,True,Gene
5995,260334,gene,0.0,True,Gene
5996,26034,gene,0.0,True,Gene
5997,26035,gene,0.0,True,Gene
5998,26036,gene,0.0,True,Gene
5999,26037,gene,0.0,True,Gene
6000,26038,gene,0.0,True,Gene
6001,26039,gene,0.0,True,Gene
6002,26040,gene,0.0,True,Gene
6003,260425,gene,0.0,True,Gene
6004,260429,gene,0.0,True,Gene
6005,26043,gene,0.0,True,Gene
6006,260434,gene,0.0,True,Gene
6007,260436,gene,0.0,True,Gene
6008,26045,gene,0.0,True,Gene
6009,26046,gene,0.0,True,Gene
6010,26047,gene,0.0,True,Gene
6011,26048,gene,0.0,True,Gene
6012,26049,gene,0.0,True,Gene
6013,26050,gene,0.0,True,Gene
6014,26051,gene,0.0,True,Gene
6015,26052,gene,0.0,True,Gene
6016,26053,gene,0.0,True,Gene
6017,26054,gene,0.0,True,Gene
6018,26056,gene,0.0,True,Gene
6019,26057,gene,0.0,True,Gene
6020,26058,gene,0.0,True,Gene
6021,26059,gene,0.0,True,Gene
6022,26060,gene,0.0,True,Gene
6023,26061,gene,0.0,True,Gene
6024,26063,gene,0.0,True,Gene
6025,26064,gene,0.0,True,Gene
6026,26065,gene,0.0,True,Gene
6027,26071,gene,0.0,True,Gene
6028,26073,gene,0.0,True,Gene
6029,26074,gene,0.0,True,Gene
6030,26084,gene,0.0,True,Gene
6031,26085,gene,0.0,True,Gene
6032,26086,gene,0.0,True,Gene
6033,26088,gene,0.0,True,Gene
6034,26090,gene,0.0,True,Gene
6035,26091,gene,0.0,True,Gene
6036,26092,gene,0.0,True,Gene
6037,26093,gene,0.0,True,Gene
6038,26094,gene,0.0,True,Gene
6039,26095,gene,0.0,True,Gene
6040,26097,gene,0.0,True,Gene
6041,26098,gene,0.0,True,Gene
6042,26099,gene,0.0,True,Gene
6043,26100,gene,0.0,True,Gene
6044,26108,gene,0.0,True,Gene
6045,26112,gene,0.0,True,Gene
6046,26115,gene,0.0,True,Gene
6047,26118,gene,0.0,True,Gene
6048,26119,gene,0.0,True,Gene
6049,26121,gene,0.0,True,Gene
6050,26122,gene,0.0,True,Gene
6051,26123,gene,0.0,True,Gene
6052,26127,gene,0.0,True,Gene
6053,26128,gene,0.0,True,Gene
6054,26130,gene,0.0,True,Gene
6055,26133,gene,0.0,True,Gene
6056,26135,gene,0.0,True,Gene
6057,26136,gene,0.0,True,Gene
6058,26137,gene,0.0,True,Gene
6059,26140,gene,0.0,True,Gene
6060,26145,gene,0.0,True,Gene
6061,26146,gene,0.0,True,Gene
6062,26147,gene,0.0,True,Gene
6063,26149,gene,0.0,True,Gene
6064,2615,gene,0.0,True,Gene
6065,26150,gene,0.0,True,Gene
6066,26151,gene,0.0,True,Gene
6067,26152,gene,0.0,True,Gene
6068,26153,gene,0.0,True,Gene
6069,26154,gene,0.0,True,Gene
6070,26155,gene,0.0,True,Gene
6071,26156,gene,0.0,True,Gene
6072,26157,gene,0.0,True,Gene
6073,26160,gene,0.0,True,Gene
6074,26164,gene,0.0,True,Gene
6075,26165,gene,0.0,True,Gene
6076,26166,gene,0.0,True,Gene
6077,26167,gene,0.0,True,Gene
6078,26168,gene,0.0,True,Gene
6079,2617,gene,0.0,True,Gene
6080,261726,gene,0.0,True,Gene
6081,261729,gene,0.0,True,Gene
6082,26173,gene,0.0,True,Gene
6083,261734,gene,0.0,True,Gene
6084,26175,gene,0.0,True,Gene
6085,2618,gene,0.0,True,Gene
6086,2619,gene,0.0,True,Gene
6087,26190,gene,0.0,True,Gene
6088,26191,gene,0.0,True,Gene
6089,262,gene,0.0,True,Gene
6090,2620,gene,0.0,True,Gene
6091,26205,gene,0.0,True,Gene
6092,26206,gene,0.0,True,Gene
6093,26207,gene,0.0,True,Gene
6094,2621,gene,0.0,True,Gene
6095,2622,gene,0.0,True,Gene
6096,26224,gene,0.0,True,Gene
6097,26225,gene,0.0,True,Gene
6098,26227,gene,0.0,True,Gene
6099,26228,gene,0.0,True,Gene
6100,26229,gene,0.0,True,Gene
6101,2623,gene,0.0,True,Gene
6102,26230,gene,0.0,True,Gene
6103,26232,gene,0.0,True,Gene
6104,26233,gene,0.0,True,Gene
6105,26234,gene,0.0,True,Gene
6106,26235,gene,0.0,True,Gene
6107,26239,gene,0.0,True,Gene
6108,2624,gene,0.0,True,Gene
6109,26240,gene,0.0,True,Gene
6110,26249,gene,0.0,True,Gene
6111,2625,gene,0.0,True,Gene
6112,26251,gene,0.0,True,Gene
6113,26253,gene,0.0,True,Gene
6114,26254,gene,0.0,True,Gene
6115,26256,gene,0.0,True,Gene
6116,26257,gene,0.0,True,Gene
6117,26258,gene,0.0,True,Gene
6118,26259,gene,0.0,True,Gene
6119,2626,gene,0.0,True,Gene
6120,26260,gene,0.0,True,Gene
6121,26261,gene,0.0,True,Gene
6122,26262,gene,0.0,True,Gene
6123,26263,gene,0.0,True,Gene
6124,26266,gene,0.0,True,Gene
6125,26267,gene,0.0,True,Gene
6126,26268,gene,0.0,True,Gene
6127,26269,gene,0.0,True,Gene
6128,2627,gene,0.0,True,Gene
6129,26270,gene,0.0,True,Gene
6130,26271,gene,0.0,True,Gene
6131,26272,gene,0.0,True,Gene
6132,26273,gene,0.0,True,Gene
6133,26275,gene,0.0,True,Gene
6134,26276,gene,0.0,True,Gene
6135,26277,gene,0.0,True,Gene
6136,26278,gene,0.0,True,Gene
6137,26279,gene,0.0,True,Gene
6138,2628,gene,0.0,True,Gene
6139,26280,gene,0.0,True,Gene
6140,26281,gene,0.0,True,Gene
6141,26284,gene,0.0,True,Gene
6142,26285,gene,0.0,True,Gene
6143,26286,gene,0.0,True,Gene
6144,26287,gene,0.0,True,Gene
6145,26289,gene,0.0,True,Gene
6146,2629,gene,0.0,True,Gene
6147,26290,gene,0.0,True,Gene
6148,26291,gene,0.0,True,Gene
6149,26292,gene,0.0,True,Gene
6150,26297,gene,0.0,True,Gene
6151,26298,gene,0.0,True,Gene
6152,26301,gene,0.0,True,Gene
6153,2631,gene,0.0,True,Gene
6154,2632,gene,0.0,True,Gene
6155,2633,gene,0.0,True,Gene
6156,26330,gene,0.0,True,Gene
6157,2634,gene,0.0,True,Gene
6158,2635,gene,0.0,True,Gene
6159,26353,gene,0.0,True,Gene
6160,26354,gene,0.0,True,Gene
6161,26355,gene,0.0,True,Gene
6162,2636,gene,0.0,True,Gene
6163,2637,gene,0.0,True,Gene
6164,2638,gene,0.0,True,Gene
6165,2639,gene,0.0,True,Gene
6166,2641,gene,0.0,True,Gene
6167,2642,gene,0.0,True,Gene
6168,2643,gene,0.0,True,Gene
6169,2644,gene,0.0,True,Gene
6170,2645,gene,0.0,True,Gene
6171,2646,gene,0.0,True,Gene
6172,26468,gene,0.0,True,Gene
6173,26469,gene,0.0,True,Gene
6174,2647,gene,0.0,True,Gene
6175,26470,gene,0.0,True,Gene
6176,26471,gene,0.0,True,Gene
6177,26472,gene,0.0,True,Gene
6178,2648,gene,0.0,True,Gene
6179,2649,gene,0.0,True,Gene
6180,26499,gene,0.0,True,Gene
6181,2650,gene,0.0,True,Gene
6182,26502,gene,0.0,True,Gene
6183,26503,gene,0.0,True,Gene
6184,26504,gene,0.0,True,Gene
6185,26505,gene,0.0,True,Gene
6186,26507,gene,0.0,True,Gene
6187,26508,gene,0.0,True,Gene
6188,26509,gene,0.0,True,Gene
6189,2651,gene,0.0,True,Gene
6190,26511,gene,0.0,True,Gene
6191,26512,gene,0.0,True,Gene
6192,26515,gene,0.0,True,Gene
6193,26517,gene,0.0,True,Gene
6194,26519,gene,0.0,True,Gene
6195,2652,gene,0.0,True,Gene
6196,26520,gene,0.0,True,Gene
6197,26521,gene,0.0,True,Gene
6198,26523,gene,0.0,True,Gene
6199,26524,gene,0.0,True,Gene
6200,26525,gene,0.0,True,Gene
6201,26526,gene,0.0,True,Gene
6202,26528,gene,0.0,True,Gene
6203,2653,gene,0.0,True,Gene
6204,26548,gene,0.0,True,Gene
6205,2657,gene,0.0,True,Gene
6206,26574,gene,0.0,True,Gene
6207,26575,gene,0.0,True,Gene
6208,26576,gene,0.0,True,Gene
6209,26577,gene,0.0,True,Gene
6210,26578,gene,0.0,True,Gene
6211,26579,gene,0.0,True,Gene
6212,2658,gene,0.0,True,Gene
6213,26580,gene,0.0,True,Gene
6214,26585,gene,0.0,True,Gene
6215,26586,gene,0.0,True,Gene
6216,26589,gene,0.0,True,Gene
6217,2660,gene,0.0,True,Gene
6218,26608,gene,0.0,True,Gene
6219,26609,gene,0.0,True,Gene
6220,2661,gene,0.0,True,Gene
6221,26610,gene,0.0,True,Gene
6222,2662,gene,0.0,True,Gene
6223,2664,gene,0.0,True,Gene
6224,2665,gene,0.0,True,Gene
6225,266629,gene,0.0,True,Gene
6226,266655,gene,0.0,True,Gene
6227,266675,gene,0.0,True,Gene
6228,266722,gene,0.0,True,Gene
6229,266727,gene,0.0,True,Gene
6230,266743,gene,0.0,True,Gene
6231,266747,gene,0.0,True,Gene
6232,2668,gene,0.0,True,Gene
6233,266812,gene,0.0,True,Gene
6234,2669,gene,0.0,True,Gene
6235,266977,gene,0.0,True,Gene
6236,267,gene,0.0,True,Gene
6237,2670,gene,0.0,True,Gene
6238,267002,gene,0.0,True,Gene
6239,267012,gene,0.0,True,Gene
6240,267020,gene,0.0,True,Gene
6241,2671,gene,0.0,True,Gene
6242,2672,gene,0.0,True,Gene
6243,2673,gene,0.0,True,Gene
6244,2674,gene,0.0,True,Gene
6245,26747,gene,0.0,True,Gene
6246,2675,gene,0.0,True,Gene
6247,26750,gene,0.0,True,Gene
6248,26751,gene,0.0,True,Gene
6249,2676,gene,0.0,True,Gene
6250,26762,gene,0.0,True,Gene
6251,2677,gene,0.0,True,Gene
6252,2678,gene,0.0,True,Gene
6253,268,gene,0.0,True,Gene
6254,2681,gene,0.0,True,Gene
6255,2683,gene,0.0,True,Gene
6256,2686,gene,0.0,True,Gene
6257,2687,gene,0.0,True,Gene
6258,26872,gene,0.0,True,Gene
6259,26873,gene,0.0,True,Gene
6260,2688,gene,0.0,True,Gene
6261,2689,gene,0.0,True,Gene
6262,269,gene,0.0,True,Gene
6263,2690,gene,0.0,True,Gene
6264,2692,gene,0.0,True,Gene
6265,2693,gene,0.0,True,Gene
6266,2694,gene,0.0,True,Gene
6267,2695,gene,0.0,True,Gene
6268,26952,gene,0.0,True,Gene
6269,26953,gene,0.0,True,Gene
6270,26958,gene,0.0,True,Gene
6271,26959,gene,0.0,True,Gene
6272,2696,gene,0.0,True,Gene
6273,26960,gene,0.0,True,Gene
6274,2697,gene,0.0,True,Gene
6275,26973,gene,0.0,True,Gene
6276,26974,gene,0.0,True,Gene
6277,26984,gene,0.0,True,Gene
6278,26985,gene,0.0,True,Gene
6279,26986,gene,0.0,True,Gene
6280,26993,gene,0.0,True,Gene
6281,26994,gene,0.0,True,Gene
6282,26995,gene,0.0,True,Gene
6283,26996,gene,0.0,True,Gene
6284,26998,gene,0.0,True,Gene
6285,26999,gene,0.0,True,Gene
6286,27,gene,0.0,True,Gene
6287,270,gene,0.0,True,Gene
6288,2700,gene,0.0,True,Gene
6289,27000,gene,0.0,True,Gene
6290,27005,gene,0.0,True,Gene
6291,27006,gene,0.0,True,Gene
6292,2701,gene,0.0,True,Gene
6293,27010,gene,0.0,True,Gene
6294,27012,gene,0.0,True,Gene
6295,27013,gene,0.0,True,Gene
6296,27018,gene,0.0,True,Gene
6297,27019,gene,0.0,True,Gene
6298,2702,gene,0.0,True,Gene
6299,27020,gene,0.0,True,Gene
6300,27022,gene,0.0,True,Gene
6301,27023,gene,0.0,True,Gene
6302,27030,gene,0.0,True,Gene
6303,27031,gene,0.0,True,Gene
6304,27032,gene,0.0,True,Gene
6305,27033,gene,0.0,True,Gene
6306,27034,gene,0.0,True,Gene
6307,27035,gene,0.0,True,Gene
6308,27036,gene,0.0,True,Gene
6309,27037,gene,0.0,True,Gene
6310,27039,gene,0.0,True,Gene
6311,27040,gene,0.0,True,Gene
6312,27042,gene,0.0,True,Gene
6313,27043,gene,0.0,True,Gene
6314,27044,gene,0.0,True,Gene
6315,2705,gene,0.0,True,Gene
6316,2706,gene,0.0,True,Gene
6317,27063,gene,0.0,True,Gene
6318,27065,gene,0.0,True,Gene
6319,27067,gene,0.0,True,Gene
6320,27068,gene,0.0,True,Gene
6321,27069,gene,0.0,True,Gene
6322,2707,gene,0.0,True,Gene
6323,27071,gene,0.0,True,Gene
6324,27072,gene,0.0,True,Gene
6325,27074,gene,0.0,True,Gene
6326,27075,gene,0.0,True,Gene
6327,27076,gene,0.0,True,Gene
6328,27077,gene,0.0,True,Gene
6329,27079,gene,0.0,True,Gene
6330,27085,gene,0.0,True,Gene
6331,27086,gene,0.0,True,Gene
6332,27087,gene,0.0,True,Gene
6333,27089,gene,0.0,True,Gene
6334,2709,gene,0.0,True,Gene
6335,27090,gene,0.0,True,Gene
6336,27091,gene,0.0,True,Gene
6337,27092,gene,0.0,True,Gene
6338,27094,gene,0.0,True,Gene
6339,27095,gene,0.0,True,Gene
6340,27097,gene,0.0,True,Gene
6341,27098,gene,0.0,True,Gene
6342,271,gene,0.0,True,Gene
6343,2710,gene,0.0,True,Gene
6344,27101,gene,0.0,True,Gene
6345,27102,gene,0.0,True,Gene
6346,27106,gene,0.0,True,Gene
6347,27107,gene,0.0,True,Gene
6348,27109,gene,0.0,True,Gene
6349,27111,gene,0.0,True,Gene
6350,27112,gene,0.0,True,Gene
6351,27113,gene,0.0,True,Gene
6352,27115,gene,0.0,True,Gene
6353,2712,gene,0.0,True,Gene
6354,27120,gene,0.0,True,Gene
6355,27121,gene,0.0,True,Gene
6356,27122,gene,0.0,True,Gene
6357,27123,gene,0.0,True,Gene
6358,27124,gene,0.0,True,Gene
6359,27125,gene,0.0,True,Gene
6360,27127,gene,0.0,True,Gene
6361,27128,gene,0.0,True,Gene
6362,27129,gene,0.0,True,Gene
6363,2713,gene,0.0,True,Gene
6364,27130,gene,0.0,True,Gene
6365,27131,gene,0.0,True,Gene
6366,27132,gene,0.0,True,Gene
6367,27133,gene,0.0,True,Gene
6368,27134,gene,0.0,True,Gene
6369,27136,gene,0.0,True,Gene
6370,27141,gene,0.0,True,Gene
6371,27143,gene,0.0,True,Gene
6372,27145,gene,0.0,True,Gene
6373,27146,gene,0.0,True,Gene
6374,27147,gene,0.0,True,Gene
6375,27148,gene,0.0,True,Gene
6376,27151,gene,0.0,True,Gene
6377,27152,gene,0.0,True,Gene
6378,27153,gene,0.0,True,Gene
6379,27154,gene,0.0,True,Gene
6380,27156,gene,0.0,True,Gene
6381,27158,gene,0.0,True,Gene
6382,27159,gene,0.0,True,Gene
6383,27161,gene,0.0,True,Gene
6384,27163,gene,0.0,True,Gene
6385,27164,gene,0.0,True,Gene
6386,27165,gene,0.0,True,Gene
6387,27166,gene,0.0,True,Gene
6388,2717,gene,0.0,True,Gene
6389,27173,gene,0.0,True,Gene
6390,27175,gene,0.0,True,Gene
6391,27177,gene,0.0,True,Gene
6392,27178,gene,0.0,True,Gene
6393,27179,gene,0.0,True,Gene
6394,27180,gene,0.0,True,Gene
6395,27181,gene,0.0,True,Gene
6396,27183,gene,0.0,True,Gene
6397,27185,gene,0.0,True,Gene
6398,27189,gene,0.0,True,Gene
6399,2719,gene,0.0,True,Gene
6400,27190,gene,0.0,True,Gene
6401,27197,gene,0.0,True,Gene
6402,27198,gene,0.0,True,Gene
6403,27199,gene,0.0,True,Gene
6404,272,gene,0.0,True,Gene
6405,2720,gene,0.0,True,Gene
6406,27201,gene,0.0,True,Gene
6407,27202,gene,0.0,True,Gene
6408,27229,gene,0.0,True,Gene
6409,27230,gene,0.0,True,Gene
6410,27231,gene,0.0,True,Gene
6411,27232,gene,0.0,True,Gene
6412,27233,gene,0.0,True,Gene
6413,27235,gene,0.0,True,Gene
6414,27236,gene,0.0,True,Gene
6415,27237,gene,0.0,True,Gene
6416,27238,gene,0.0,True,Gene
6417,27239,gene,0.0,True,Gene
6418,27240,gene,0.0,True,Gene
6419,27241,gene,0.0,True,Gene
6420,27242,gene,0.0,True,Gene
6421,27243,gene,0.0,True,Gene
6422,27244,gene,0.0,True,Gene
6423,27245,gene,0.0,True,Gene
6424,27246,gene,0.0,True,Gene
6425,27247,gene,0.0,True,Gene
6426,27248,gene,0.0,True,Gene
6427,27249,gene,0.0,True,Gene
6428,27250,gene,0.0,True,Gene
6429,27252,gene,0.0,True,Gene
6430,27253,gene,0.0,True,Gene
6431,27254,gene,0.0,True,Gene
6432,27255,gene,0.0,True,Gene
6433,27257,gene,0.0,True,Gene
6434,27258,gene,0.0,True,Gene
6435,27283,gene,0.0,True,Gene
6436,27284,gene,0.0,True,Gene
6437,27285,gene,0.0,True,Gene
6438,27286,gene,0.0,True,Gene
6439,27287,gene,0.0,True,Gene
6440,27288,gene,0.0,True,Gene
6441,27289,gene,0.0,True,Gene
6442,2729,gene,0.0,True,Gene
6443,27290,gene,0.0,True,Gene
6444,27291,gene,0.0,True,Gene
6445,27292,gene,0.0,True,Gene
6446,27293,gene,0.0,True,Gene
6447,27294,gene,0.0,True,Gene
6448,27295,gene,0.0,True,Gene
6449,27296,gene,0.0,True,Gene
6450,27297,gene,0.0,True,Gene
6451,27299,gene,0.0,True,Gene
6452,273,gene,0.0,True,Gene
6453,2730,gene,0.0,True,Gene
6454,27300,gene,0.0,True,Gene
6455,27301,gene,0.0,True,Gene
6456,27302,gene,0.0,True,Gene
6457,27303,gene,0.0,True,Gene
6458,27304,gene,0.0,True,Gene
6459,27306,gene,0.0,True,Gene
6460,27309,gene,0.0,True,Gene
6461,2731,gene,0.0,True,Gene
6462,27314,gene,0.0,True,Gene
6463,27315,gene,0.0,True,Gene
6464,27316,gene,0.0,True,Gene
6465,27319,gene,0.0,True,Gene
6466,27324,gene,0.0,True,Gene
6467,27327,gene,0.0,True,Gene
6468,27328,gene,0.0,True,Gene
6469,27329,gene,0.0,True,Gene
6470,2733,gene,0.0,True,Gene
6471,27330,gene,0.0,True,Gene
6472,27332,gene,0.0,True,Gene
6473,27333,gene,0.0,True,Gene
6474,27334,gene,0.0,True,Gene
6475,27335,gene,0.0,True,Gene
6476,27336,gene,0.0,True,Gene
6477,27338,gene,0.0,True,Gene
6478,27339,gene,0.0,True,Gene
6479,2734,gene,0.0,True,Gene
6480,27340,gene,0.0,True,Gene
6481,27341,gene,0.0,True,Gene
6482,27342,gene,0.0,True,Gene
6483,27343,gene,0.0,True,Gene
6484,27344,gene,0.0,True,Gene
6485,27345,gene,0.0,True,Gene
6486,27346,gene,0.0,True,Gene
6487,27347,gene,0.0,True,Gene
6488,27348,gene,0.0,True,Gene
6489,27349,gene,0.0,True,Gene
6490,2735,gene,0.0,True,Gene
6491,27350,gene,0.0,True,Gene
6492,27351,gene,0.0,True,Gene
6493,27352,gene,0.0,True,Gene
6494,2736,gene,0.0,True,Gene
6495,2737,gene,0.0,True,Gene
6496,2738,gene,0.0,True,Gene
6497,2739,gene,0.0,True,Gene
6498,274,gene,0.0,True,Gene
6499,2740,gene,0.0,True,Gene
6500,2741,gene,0.0,True,Gene
6501,2742,gene,0.0,True,Gene
6502,27429,gene,0.0,True,Gene
6503,2743,gene,0.0,True,Gene
6504,27430,gene,0.0,True,Gene
6505,27433,gene,0.0,True,Gene
6506,27434,gene,0.0,True,Gene
6507,27436,gene,0.0,True,Gene
6508,27439,gene,0.0,True,Gene
6509,2744,gene,0.0,True,Gene
6510,27440,gene,0.0,True,Gene
6511,27443,gene,0.0,True,Gene
6512,27445,gene,0.0,True,Gene
6513,2745,gene,0.0,True,Gene
6514,2746,gene,0.0,True,Gene
6515,2747,gene,0.0,True,Gene
6516,275,gene,0.0,True,Gene
6517,2752,gene,0.0,True,Gene
6518,276,gene,0.0,True,Gene
6519,2760,gene,0.0,True,Gene
6520,2762,gene,0.0,True,Gene
6521,2764,gene,0.0,True,Gene
6522,2765,gene,0.0,True,Gene
6523,2766,gene,0.0,True,Gene
6524,2767,gene,0.0,True,Gene
6525,2768,gene,0.0,True,Gene
6526,2769,gene,0.0,True,Gene
6527,277,gene,0.0,True,Gene
6528,2770,gene,0.0,True,Gene
6529,2771,gene,0.0,True,Gene
6530,2773,gene,0.0,True,Gene
6531,2774,gene,0.0,True,Gene
6532,2775,gene,0.0,True,Gene
6533,2776,gene,0.0,True,Gene
6534,2778,gene,0.0,True,Gene
6535,2779,gene,0.0,True,Gene
6536,2780,gene,0.0,True,Gene
6537,2781,gene,0.0,True,Gene
6538,2782,gene,0.0,True,Gene
6539,2783,gene,0.0,True,Gene
6540,2784,gene,0.0,True,Gene
6541,2785,gene,0.0,True,Gene
6542,2786,gene,0.0,True,Gene
6543,2787,gene,0.0,True,Gene
6544,2788,gene,0.0,True,Gene
6545,279,gene,0.0,True,Gene
6546,2790,gene,0.0,True,Gene
6547,2791,gene,0.0,True,Gene
6548,2792,gene,0.0,True,Gene
6549,2793,gene,0.0,True,Gene
6550,2794,gene,0.0,True,Gene
6551,2796,gene,0.0,True,Gene
6552,2797,gene,0.0,True,Gene
6553,2798,gene,0.0,True,Gene
6554,2799,gene,0.0,True,Gene
6555,28,gene,0.0,True,Gene
6556,280,gene,0.0,True,Gene
6557,2800,gene,0.0,True,Gene
6558,2801,gene,0.0,True,Gene
6559,2802,gene,0.0,True,Gene
6560,2803,gene,0.0,True,Gene
6561,2804,gene,0.0,True,Gene
6562,2805,gene,0.0,True,Gene
6563,2806,gene,0.0,True,Gene
6564,280636,gene,0.0,True,Gene
6565,280658,gene,0.0,True,Gene
6566,280664,gene,0.0,True,Gene
6567,2810,gene,0.0,True,Gene
6568,2811,gene,0.0,True,Gene
6569,2812,gene,0.0,True,Gene
6570,2813,gene,0.0,True,Gene
6571,2814,gene,0.0,True,Gene
6572,2815,gene,0.0,True,Gene
6573,2817,gene,0.0,True,Gene
6574,2819,gene,0.0,True,Gene
6575,2820,gene,0.0,True,Gene
6576,2821,gene,0.0,True,Gene
6577,2822,gene,0.0,True,Gene
6578,28227,gene,0.0,True,Gene
6579,2823,gene,0.0,True,Gene
6580,28231,gene,0.0,True,Gene
6581,28232,gene,0.0,True,Gene
6582,28234,gene,0.0,True,Gene
6583,2824,gene,0.0,True,Gene
6584,2825,gene,0.0,True,Gene
6585,2826,gene,0.0,True,Gene
6586,282616,gene,0.0,True,Gene
6587,282617,gene,0.0,True,Gene
6588,282618,gene,0.0,True,Gene
6589,282679,gene,0.0,True,Gene
6590,2827,gene,0.0,True,Gene
6591,2828,gene,0.0,True,Gene
6592,282808,gene,0.0,True,Gene
6593,282809,gene,0.0,True,Gene
6594,282890,gene,0.0,True,Gene
6595,2829,gene,0.0,True,Gene
6596,282966,gene,0.0,True,Gene
6597,282969,gene,0.0,True,Gene
6598,282973,gene,0.0,True,Gene
6599,282974,gene,0.0,True,Gene
6600,282991,gene,0.0,True,Gene
6601,282996,gene,0.0,True,Gene
6602,283,gene,0.0,True,Gene
6603,2830,gene,0.0,True,Gene
6604,283008,gene,0.0,True,Gene
6605,283078,gene,0.0,True,Gene
6606,2831,gene,0.0,True,Gene
6607,283106,gene,0.0,True,Gene
6608,283116,gene,0.0,True,Gene
6609,283129,gene,0.0,True,Gene
6610,283130,gene,0.0,True,Gene
6611,283149,gene,0.0,True,Gene
6612,283150,gene,0.0,True,Gene
6613,283152,gene,0.0,True,Gene
6614,28316,gene,0.0,True,Gene
6615,2832,gene,0.0,True,Gene
6616,283208,gene,0.0,True,Gene
6617,283209,gene,0.0,True,Gene
6618,283212,gene,0.0,True,Gene
6619,283219,gene,0.0,True,Gene
6620,283229,gene,0.0,True,Gene
6621,283232,gene,0.0,True,Gene
6622,283234,gene,0.0,True,Gene
6623,283237,gene,0.0,True,Gene
6624,283238,gene,0.0,True,Gene
6625,283248,gene,0.0,True,Gene
6626,283254,gene,0.0,True,Gene
6627,283284,gene,0.0,True,Gene
6628,283298,gene,0.0,True,Gene
6629,2833,gene,0.0,True,Gene
6630,283310,gene,0.0,True,Gene
6631,283316,gene,0.0,True,Gene
6632,283337,gene,0.0,True,Gene
6633,283349,gene,0.0,True,Gene
6634,283358,gene,0.0,True,Gene
6635,283373,gene,0.0,True,Gene
6636,283375,gene,0.0,True,Gene
6637,283377,gene,0.0,True,Gene
6638,283383,gene,0.0,True,Gene
6639,283385,gene,0.0,True,Gene
6640,2834,gene,0.0,True,Gene
6641,283417,gene,0.0,True,Gene
6642,283420,gene,0.0,True,Gene
6643,283431,gene,0.0,True,Gene
6644,283446,gene,0.0,True,Gene
6645,283450,gene,0.0,True,Gene
6646,283455,gene,0.0,True,Gene
6647,283459,gene,0.0,True,Gene
6648,283461,gene,0.0,True,Gene
6649,283463,gene,0.0,True,Gene
6650,283464,gene,0.0,True,Gene
6651,283471,gene,0.0,True,Gene
6652,283489,gene,0.0,True,Gene
6653,2835,gene,0.0,True,Gene
6654,283514,gene,0.0,True,Gene
6655,283518,gene,0.0,True,Gene
6656,283521,gene,0.0,True,Gene
6657,283537,gene,0.0,True,Gene
6658,283554,gene,0.0,True,Gene
6659,283571,gene,0.0,True,Gene
6660,283576,gene,0.0,True,Gene
6661,283578,gene,0.0,True,Gene
6662,283600,gene,0.0,True,Gene
6663,283629,gene,0.0,True,Gene
6664,283635,gene,0.0,True,Gene
6665,283638,gene,0.0,True,Gene
6666,283643,gene,0.0,True,Gene
6667,283652,gene,0.0,True,Gene
6668,283659,gene,0.0,True,Gene
6669,283677,gene,0.0,True,Gene
6670,283685,gene,0.0,True,Gene
6671,2837,gene,0.0,True,Gene
6672,283726,gene,0.0,True,Gene
6673,283742,gene,0.0,True,Gene
6674,283748,gene,0.0,True,Gene
6675,283767,gene,0.0,True,Gene
6676,283768,gene,0.0,True,Gene
6677,2838,gene,0.0,True,Gene
6678,283807,gene,0.0,True,Gene
6679,283820,gene,0.0,True,Gene
6680,283847,gene,0.0,True,Gene
6681,283848,gene,0.0,True,Gene
6682,283849,gene,0.0,True,Gene
6683,283869,gene,0.0,True,Gene
6684,283870,gene,0.0,True,Gene
6685,283871,gene,0.0,True,Gene
6686,283875,gene,0.0,True,Gene
6687,283897,gene,0.0,True,Gene
6688,283899,gene,0.0,True,Gene
6689,283927,gene,0.0,True,Gene
6690,283933,gene,0.0,True,Gene
6691,283948,gene,0.0,True,Gene
6692,283951,gene,0.0,True,Gene
6693,283953,gene,0.0,True,Gene
6694,283971,gene,0.0,True,Gene
6695,283985,gene,0.0,True,Gene
6696,283987,gene,0.0,True,Gene
6697,283989,gene,0.0,True,Gene
6698,283991,gene,0.0,True,Gene
6699,283999,gene,0.0,True,Gene
6700,284,gene,0.0,True,Gene
6701,2840,gene,0.0,True,Gene
6702,284001,gene,0.0,True,Gene
6703,284004,gene,0.0,True,Gene
6704,284013,gene,0.0,True,Gene
6705,284018,gene,0.0,True,Gene
6706,284021,gene,0.0,True,Gene
6707,284023,gene,0.0,True,Gene
6708,284040,gene,0.0,True,Gene
6709,284058,gene,0.0,True,Gene
6710,284067,gene,0.0,True,Gene
6711,284069,gene,0.0,True,Gene
6712,284071,gene,0.0,True,Gene
6713,284076,gene,0.0,True,Gene
6714,284086,gene,0.0,True,Gene
6715,284098,gene,0.0,True,Gene
6716,284099,gene,0.0,True,Gene
6717,2841,gene,0.0,True,Gene
6718,284106,gene,0.0,True,Gene
6719,284110,gene,0.0,True,Gene
6720,284111,gene,0.0,True,Gene
6721,284114,gene,0.0,True,Gene
6722,284119,gene,0.0,True,Gene
6723,284129,gene,0.0,True,Gene
6724,284131,gene,0.0,True,Gene
6725,284161,gene,0.0,True,Gene
6726,284184,gene,0.0,True,Gene
6727,284194,gene,0.0,True,Gene
6728,2842,gene,0.0,True,Gene
6729,284207,gene,0.0,True,Gene
6730,284217,gene,0.0,True,Gene
6731,284252,gene,0.0,True,Gene
6732,284254,gene,0.0,True,Gene
6733,284257,gene,0.0,True,Gene
6734,284266,gene,0.0,True,Gene
6735,284273,gene,0.0,True,Gene
6736,284293,gene,0.0,True,Gene
6737,284297,gene,0.0,True,Gene
6738,2843,gene,0.0,True,Gene
6739,284306,gene,0.0,True,Gene
6740,284307,gene,0.0,True,Gene
6741,284309,gene,0.0,True,Gene
6742,284312,gene,0.0,True,Gene
6743,284323,gene,0.0,True,Gene
6744,284325,gene,0.0,True,Gene
6745,284338,gene,0.0,True,Gene
6746,284339,gene,0.0,True,Gene
6747,284340,gene,0.0,True,Gene
6748,284346,gene,0.0,True,Gene
6749,284348,gene,0.0,True,Gene
6750,284349,gene,0.0,True,Gene
6751,284352,gene,0.0,True,Gene
6752,284353,gene,0.0,True,Gene
6753,284358,gene,0.0,True,Gene
6754,284359,gene,0.0,True,Gene
6755,284361,gene,0.0,True,Gene
6756,284366,gene,0.0,True,Gene
6757,284369,gene,0.0,True,Gene
6758,284370,gene,0.0,True,Gene
6759,284371,gene,0.0,True,Gene
6760,284390,gene,0.0,True,Gene
6761,284391,gene,0.0,True,Gene
6762,2844,gene,0.0,True,Gene
6763,284402,gene,0.0,True,Gene
6764,284403,gene,0.0,True,Gene
6765,284406,gene,0.0,True,Gene
6766,284415,gene,0.0,True,Gene
6767,284417,gene,0.0,True,Gene
6768,284418,gene,0.0,True,Gene
6769,284422,gene,0.0,True,Gene
6770,284427,gene,0.0,True,Gene
6771,284428,gene,0.0,True,Gene
6772,284434,gene,0.0,True,Gene
6773,284439,gene,0.0,True,Gene
6774,284443,gene,0.0,True,Gene
6775,284451,gene,0.0,True,Gene
6776,284459,gene,0.0,True,Gene
6777,284467,gene,0.0,True,Gene
6778,284485,gene,0.0,True,Gene
6779,284486,gene,0.0,True,Gene
6780,284498,gene,0.0,True,Gene
6781,2845,gene,0.0,True,Gene
6782,284525,gene,0.0,True,Gene
6783,284541,gene,0.0,True,Gene
6784,284565,gene,0.0,True,Gene
6785,2846,gene,0.0,True,Gene
6786,284611,gene,0.0,True,Gene
6787,284612,gene,0.0,True,Gene
6788,284613,gene,0.0,True,Gene
6789,284615,gene,0.0,True,Gene
6790,284654,gene,0.0,True,Gene
6791,284656,gene,0.0,True,Gene
6792,284680,gene,0.0,True,Gene
6793,284695,gene,0.0,True,Gene
6794,284697,gene,0.0,True,Gene
6795,2847,gene,0.0,True,Gene
6796,284716,gene,0.0,True,Gene
6797,284723,gene,0.0,True,Gene
6798,284739,gene,0.0,True,Gene
6799,284759,gene,0.0,True,Gene
6800,2848,gene,0.0,True,Gene
6801,284805,gene,0.0,True,Gene
6802,284827,gene,0.0,True,Gene
6803,2849,gene,0.0,True,Gene
6804,284904,gene,0.0,True,Gene
6805,284948,gene,0.0,True,Gene
6806,284958,gene,0.0,True,Gene
6807,284992,gene,0.0,True,Gene
6808,284996,gene,0.0,True,Gene
6809,285,gene,0.0,True,Gene
6810,2850,gene,0.0,True,Gene
6811,285016,gene,0.0,True,Gene
6812,285025,gene,0.0,True,Gene
6813,285051,gene,0.0,True,Gene
6814,285093,gene,0.0,True,Gene
6815,285095,gene,0.0,True,Gene
6816,28511,gene,0.0,True,Gene
6817,28512,gene,0.0,True,Gene
6818,285126,gene,0.0,True,Gene
6819,28513,gene,0.0,True,Gene
6820,28514,gene,0.0,True,Gene
6821,285141,gene,0.0,True,Gene
6822,285148,gene,0.0,True,Gene
6823,285172,gene,0.0,True,Gene
6824,285175,gene,0.0,True,Gene
6825,285180,gene,0.0,True,Gene
6826,285190,gene,0.0,True,Gene
6827,285193,gene,0.0,True,Gene
6828,285195,gene,0.0,True,Gene
6829,2852,gene,0.0,True,Gene
6830,285203,gene,0.0,True,Gene
6831,285220,gene,0.0,True,Gene
6832,285231,gene,0.0,True,Gene
6833,285237,gene,0.0,True,Gene
6834,285242,gene,0.0,True,Gene
6835,285267,gene,0.0,True,Gene
6836,285268,gene,0.0,True,Gene
6837,285282,gene,0.0,True,Gene
6838,2853,gene,0.0,True,Gene
6839,285311,gene,0.0,True,Gene
6840,285313,gene,0.0,True,Gene
6841,285315,gene,0.0,True,Gene
6842,285331,gene,0.0,True,Gene
6843,285335,gene,0.0,True,Gene
6844,285343,gene,0.0,True,Gene
6845,285346,gene,0.0,True,Gene
6846,285349,gene,0.0,True,Gene
6847,285362,gene,0.0,True,Gene
6848,285367,gene,0.0,True,Gene
6849,285368,gene,0.0,True,Gene
6850,285381,gene,0.0,True,Gene
6851,285382,gene,0.0,True,Gene
6852,285386,gene,0.0,True,Gene
6853,2854,gene,0.0,True,Gene
6854,285423,gene,0.0,True,Gene
6855,285429,gene,0.0,True,Gene
6856,285440,gene,0.0,True,Gene
6857,285489,gene,0.0,True,Gene
6858,285498,gene,0.0,True,Gene
6859,285513,gene,0.0,True,Gene
6860,285521,gene,0.0,True,Gene
6861,285525,gene,0.0,True,Gene
6862,285527,gene,0.0,True,Gene
6863,285533,gene,0.0,True,Gene
6864,285550,gene,0.0,True,Gene
6865,285555,gene,0.0,True,Gene
6866,285556,gene,0.0,True,Gene
6867,285588,gene,0.0,True,Gene
6868,285590,gene,0.0,True,Gene
6869,285596,gene,0.0,True,Gene
6870,285598,gene,0.0,True,Gene
6871,2856,gene,0.0,True,Gene
6872,285600,gene,0.0,True,Gene
6873,285601,gene,0.0,True,Gene
6874,285605,gene,0.0,True,Gene
6875,285613,gene,0.0,True,Gene
6876,285636,gene,0.0,True,Gene
6877,285641,gene,0.0,True,Gene
6878,285643,gene,0.0,True,Gene
6879,285671,gene,0.0,True,Gene
6880,285672,gene,0.0,True,Gene
6881,285676,gene,0.0,True,Gene
6882,2857,gene,0.0,True,Gene
6883,285704,gene,0.0,True,Gene
6884,285753,gene,0.0,True,Gene
6885,285755,gene,0.0,True,Gene
6886,285761,gene,0.0,True,Gene
6887,285782,gene,0.0,True,Gene
6888,285800,gene,0.0,True,Gene
6889,285848,gene,0.0,True,Gene
6890,285852,gene,0.0,True,Gene
6891,285855,gene,0.0,True,Gene
6892,285877,gene,0.0,True,Gene
6893,285888,gene,0.0,True,Gene
6894,2859,gene,0.0,True,Gene
6895,285955,gene,0.0,True,Gene
6896,285966,gene,0.0,True,Gene
6897,285971,gene,0.0,True,Gene
6898,285973,gene,0.0,True,Gene
6899,285989,gene,0.0,True,Gene
6900,286,gene,0.0,True,Gene
6901,286006,gene,0.0,True,Gene
6902,286046,gene,0.0,True,Gene
6903,286053,gene,0.0,True,Gene
6904,286075,gene,0.0,True,Gene
6905,286077,gene,0.0,True,Gene
6906,286097,gene,0.0,True,Gene
6907,2861,gene,0.0,True,Gene
6908,286128,gene,0.0,True,Gene
6909,286133,gene,0.0,True,Gene
6910,286144,gene,0.0,True,Gene
6911,286148,gene,0.0,True,Gene
6912,286151,gene,0.0,True,Gene
6913,286183,gene,0.0,True,Gene
6914,286187,gene,0.0,True,Gene
6915,2862,gene,0.0,True,Gene
6916,286204,gene,0.0,True,Gene
6917,286205,gene,0.0,True,Gene
6918,286207,gene,0.0,True,Gene
6919,286234,gene,0.0,True,Gene
6920,286256,gene,0.0,True,Gene
6921,286257,gene,0.0,True,Gene
6922,286262,gene,0.0,True,Gene
6923,2863,gene,0.0,True,Gene
6924,286319,gene,0.0,True,Gene
6925,286336,gene,0.0,True,Gene
6926,286343,gene,0.0,True,Gene
6927,286380,gene,0.0,True,Gene
6928,2864,gene,0.0,True,Gene
6929,286410,gene,0.0,True,Gene
6930,286430,gene,0.0,True,Gene
6931,286451,gene,0.0,True,Gene
6932,286464,gene,0.0,True,Gene
6933,286499,gene,0.0,True,Gene
6934,2865,gene,0.0,True,Gene
6935,286514,gene,0.0,True,Gene
6936,286527,gene,0.0,True,Gene
6937,286530,gene,0.0,True,Gene
6938,2866,gene,0.0,True,Gene
6939,286676,gene,0.0,True,Gene
6940,2867,gene,0.0,True,Gene
6941,286749,gene,0.0,True,Gene
6942,286753,gene,0.0,True,Gene
6943,2868,gene,0.0,True,Gene
6944,286826,gene,0.0,True,Gene
6945,286827,gene,0.0,True,Gene
6946,286887,gene,0.0,True,Gene
6947,2869,gene,0.0,True,Gene
6948,287,gene,0.0,True,Gene
6949,2870,gene,0.0,True,Gene
6950,287015,gene,0.0,True,Gene
6951,2872,gene,0.0,True,Gene
6952,2873,gene,0.0,True,Gene
6953,2874,gene,0.0,True,Gene
6954,2875,gene,0.0,True,Gene
6955,2876,gene,0.0,True,Gene
6956,2877,gene,0.0,True,Gene
6957,2878,gene,0.0,True,Gene
6958,2879,gene,0.0,True,Gene
6959,288,gene,0.0,True,Gene
6960,2882,gene,0.0,True,Gene
6961,2885,gene,0.0,True,Gene
6962,2886,gene,0.0,True,Gene
6963,2887,gene,0.0,True,Gene
6964,2888,gene,0.0,True,Gene
6965,2889,gene,0.0,True,Gene
6966,2890,gene,0.0,True,Gene
6967,2891,gene,0.0,True,Gene
6968,2892,gene,0.0,True,Gene
6969,2893,gene,0.0,True,Gene
6970,2894,gene,0.0,True,Gene
6971,2895,gene,0.0,True,Gene
6972,28951,gene,0.0,True,Gene
6973,28952,gene,0.0,True,Gene
6974,28954,gene,0.0,True,Gene
6975,28955,gene,0.0,True,Gene
6976,28956,gene,0.0,True,Gene
6977,28957,gene,0.0,True,Gene
6978,28958,gene,0.0,True,Gene
6979,28959,gene,0.0,True,Gene
6980,2896,gene,0.0,True,Gene
6981,28960,gene,0.0,True,Gene
6982,28962,gene,0.0,True,Gene
6983,28964,gene,0.0,True,Gene
6984,28965,gene,0.0,True,Gene
6985,28966,gene,0.0,True,Gene
6986,28968,gene,0.0,True,Gene
6987,28969,gene,0.0,True,Gene
6988,2897,gene,0.0,True,Gene
6989,28970,gene,0.0,True,Gene
6990,28971,gene,0.0,True,Gene
6991,28972,gene,0.0,True,Gene
6992,28973,gene,0.0,True,Gene
6993,28974,gene,0.0,True,Gene
6994,28976,gene,0.0,True,Gene
6995,28977,gene,0.0,True,Gene
6996,28978,gene,0.0,True,Gene
6997,2898,gene,0.0,True,Gene
6998,28981,gene,0.0,True,Gene
6999,28982,gene,0.0,True,Gene
7000,28983,gene,0.0,True,Gene
7001,28984,gene,0.0,True,Gene
7002,28985,gene,0.0,True,Gene
7003,28986,gene,0.0,True,Gene
7004,28987,gene,0.0,True,Gene
7005,28988,gene,0.0,True,Gene
7006,28989,gene,0.0,True,Gene
7007,2899,gene,0.0,True,Gene
7008,28990,gene,0.0,True,Gene
7009,28991,gene,0.0,True,Gene
7010,28992,gene,0.0,True,Gene
7011,28996,gene,0.0,True,Gene
7012,28998,gene,0.0,True,Gene
7013,28999,gene,0.0,True,Gene
7014,29,gene,0.0,True,Gene
7015,290,gene,0.0,True,Gene
7016,2900,gene,0.0,True,Gene
7017,2901,gene,0.0,True,Gene
7018,29015,gene,0.0,True,Gene
7019,2902,gene,0.0,True,Gene
7020,29028,gene,0.0,True,Gene
7021,2903,gene,0.0,True,Gene
7022,29035,gene,0.0,True,Gene
7023,2904,gene,0.0,True,Gene
7024,2905,gene,0.0,True,Gene
7025,29057,gene,0.0,True,Gene
7026,29058,gene,0.0,True,Gene
7027,2906,gene,0.0,True,Gene
7028,29062,gene,0.0,True,Gene
7029,29063,gene,0.0,True,Gene
7030,29066,gene,0.0,True,Gene
7031,29068,gene,0.0,True,Gene
7032,2907,gene,0.0,True,Gene
7033,29070,gene,0.0,True,Gene
7034,29071,gene,0.0,True,Gene
7035,29072,gene,0.0,True,Gene
7036,29074,gene,0.0,True,Gene
7037,29078,gene,0.0,True,Gene
7038,29079,gene,0.0,True,Gene
7039,2908,gene,0.0,True,Gene
7040,29080,gene,0.0,True,Gene
7041,29081,gene,0.0,True,Gene
7042,29082,gene,0.0,True,Gene
7043,29083,gene,0.0,True,Gene
7044,29085,gene,0.0,True,Gene
7045,29086,gene,0.0,True,Gene
7046,29087,gene,0.0,True,Gene
7047,29088,gene,0.0,True,Gene
7048,29089,gene,0.0,True,Gene
7049,2909,gene,0.0,True,Gene
7050,29090,gene,0.0,True,Gene
7051,29091,gene,0.0,True,Gene
7052,29093,gene,0.0,True,Gene
7053,29094,gene,0.0,True,Gene
7054,29095,gene,0.0,True,Gene
7055,29097,gene,0.0,True,Gene
7056,29098,gene,0.0,True,Gene
7057,29099,gene,0.0,True,Gene
7058,291,gene,0.0,True,Gene
7059,29100,gene,0.0,True,Gene
7060,29101,gene,0.0,True,Gene
7061,29102,gene,0.0,True,Gene
7062,29103,gene,0.0,True,Gene
7063,29104,gene,0.0,True,Gene
7064,29105,gene,0.0,True,Gene
7065,29106,gene,0.0,True,Gene
7066,29107,gene,0.0,True,Gene
7067,29108,gene,0.0,True,Gene
7068,29109,gene,0.0,True,Gene
7069,2911,gene,0.0,True,Gene
7070,29110,gene,0.0,True,Gene
7071,29113,gene,0.0,True,Gene
7072,29114,gene,0.0,True,Gene
7073,29115,gene,0.0,True,Gene
7074,29116,gene,0.0,True,Gene
7075,29117,gene,0.0,True,Gene
7076,29118,gene,0.0,True,Gene
7077,29119,gene,0.0,True,Gene
7078,2912,gene,0.0,True,Gene
7079,29121,gene,0.0,True,Gene
7080,29122,gene,0.0,True,Gene
7081,29123,gene,0.0,True,Gene
7082,29124,gene,0.0,True,Gene
7083,29125,gene,0.0,True,Gene
7084,29126,gene,0.0,True,Gene
7085,29127,gene,0.0,True,Gene
7086,29128,gene,0.0,True,Gene
7087,2913,gene,0.0,True,Gene
7088,2914,gene,0.0,True,Gene
7089,2915,gene,1.7192603,True,Gene
7090,2916,gene,0.0,True,Gene
7091,2917,gene,0.0,True,Gene
7092,2918,gene,0.0,True,Gene
7093,2919,gene,0.0,True,Gene
7094,292,gene,0.0,True,Gene
7095,2920,gene,0.0,True,Gene
7096,2921,gene,0.0,True,Gene
7097,2922,gene,0.0,True,Gene
7098,2923,gene,0.0,True,Gene
7099,2925,gene,0.0,True,Gene
7100,2926,gene,0.0,True,Gene
7101,2928,gene,0.0,True,Gene
7102,293,gene,0.0,True,Gene
7103,2931,gene,0.0,True,Gene
7104,2932,gene,0.0,True,Gene
7105,2934,gene,0.0,True,Gene
7106,2935,gene,0.0,True,Gene
7107,2936,gene,0.0,True,Gene
7108,2937,gene,0.0,True,Gene
7109,2938,gene,0.0,True,Gene
7110,2939,gene,0.0,True,Gene
7111,2940,gene,0.0,True,Gene
7112,2941,gene,0.0,True,Gene
7113,2944,gene,0.0,True,Gene
7114,2946,gene,0.0,True,Gene
7115,2947,gene,0.0,True,Gene
7116,2948,gene,0.0,True,Gene
7117,2949,gene,0.0,True,Gene
7118,2950,gene,0.0,True,Gene
7119,2953,gene,0.0,True,Gene
7120,2954,gene,0.0,True,Gene
7121,2956,gene,0.0,True,Gene
7122,2957,gene,0.0,True,Gene
7123,2958,gene,0.0,True,Gene
7124,2959,gene,0.0,True,Gene
7125,2960,gene,0.0,True,Gene
7126,2961,gene,0.0,True,Gene
7127,2962,gene,0.0,True,Gene
7128,2963,gene,0.0,True,Gene
7129,2965,gene,0.0,True,Gene
7130,2966,gene,0.0,True,Gene
7131,2967,gene,0.0,True,Gene
7132,2968,gene,0.0,True,Gene
7133,2969,gene,0.0,True,Gene
7134,2971,gene,0.0,True,Gene
7135,2972,gene,0.0,True,Gene
7136,2975,gene,0.0,True,Gene
7137,2976,gene,0.0,True,Gene
7138,29760,gene,0.0,True,Gene
7139,29761,gene,0.0,True,Gene
7140,29763,gene,0.0,True,Gene
7141,29765,gene,0.0,True,Gene
7142,29766,gene,0.0,True,Gene
7143,29767,gene,0.0,True,Gene
7144,2977,gene,0.0,True,Gene
7145,29775,gene,0.0,True,Gene
7146,29777,gene,0.0,True,Gene
7147,2978,gene,0.0,True,Gene
7148,29780,gene,0.0,True,Gene
7149,29781,gene,0.0,True,Gene
7150,29785,gene,0.0,True,Gene
7151,29789,gene,0.0,True,Gene
7152,2979,gene,0.0,True,Gene
7153,29796,gene,0.0,True,Gene
7154,29799,gene,0.0,True,Gene
7155,2980,gene,0.0,True,Gene
7156,29800,gene,0.0,True,Gene
7157,29801,gene,0.0,True,Gene
7158,29802,gene,0.0,True,Gene
7159,29803,gene,0.0,True,Gene
7160,2981,gene,0.0,True,Gene
7161,2982,gene,0.0,True,Gene
7162,2983,gene,0.0,True,Gene
7163,2984,gene,0.0,True,Gene
7164,29841,gene,0.0,True,Gene
7165,29842,gene,0.0,True,Gene
7166,29843,gene,0.0,True,Gene
7167,29844,gene,0.0,True,Gene
7168,29850,gene,0.0,True,Gene
7169,29851,gene,0.0,True,Gene
7170,29855,gene,0.0,True,Gene
7171,2986,gene,0.0,True,Gene
7172,2987,gene,0.0,True,Gene
7173,29880,gene,0.0,True,Gene
7174,29881,gene,0.0,True,Gene
7175,29882,gene,0.0,True,Gene
7176,29883,gene,0.0,True,Gene
7177,29886,gene,0.0,True,Gene
7178,29887,gene,0.0,True,Gene
7179,29888,gene,0.0,True,Gene
7180,29889,gene,0.0,True,Gene
7181,29890,gene,0.0,True,Gene
7182,29893,gene,0.0,True,Gene
7183,29894,gene,0.0,True,Gene
7184,29895,gene,0.0,True,Gene
7185,29896,gene,0.0,True,Gene
7186,29899,gene,0.0,True,Gene
7187,2990,gene,0.0,True,Gene
7188,29901,gene,0.0,True,Gene
7189,29902,gene,0.0,True,Gene
7190,29903,gene,0.0,True,Gene
7191,29904,gene,0.0,True,Gene
7192,29906,gene,0.0,True,Gene
7193,29907,gene,0.0,True,Gene
7194,29909,gene,0.0,True,Gene
7195,29911,gene,0.0,True,Gene
7196,29914,gene,0.0,True,Gene
7197,29915,gene,0.0,True,Gene
7198,29916,gene,0.0,True,Gene
7199,29919,gene,0.0,True,Gene
7200,2992,gene,0.0,True,Gene
7201,29920,gene,0.0,True,Gene
7202,29922,gene,0.0,True,Gene
7203,29923,gene,0.0,True,Gene
7204,29924,gene,0.0,True,Gene
7205,29925,gene,0.0,True,Gene
7206,29926,gene,0.0,True,Gene
7207,29927,gene,0.0,True,Gene
7208,29928,gene,0.0,True,Gene
7209,29929,gene,0.0,True,Gene
7210,2993,gene,0.0,True,Gene
7211,29930,gene,0.0,True,Gene
7212,29933,gene,0.0,True,Gene
7213,29934,gene,0.0,True,Gene
7214,29935,gene,0.0,True,Gene
7215,29937,gene,0.0,True,Gene
7216,2994,gene,0.0,True,Gene
7217,29940,gene,0.0,True,Gene
7218,29941,gene,0.0,True,Gene
7219,29942,gene,0.0,True,Gene
7220,29943,gene,0.0,True,Gene
7221,29944,gene,0.0,True,Gene
7222,29945,gene,0.0,True,Gene
7223,29946,gene,0.0,True,Gene
7224,29947,gene,0.0,True,Gene
7225,29948,gene,0.0,True,Gene
7226,29949,gene,0.0,True,Gene
7227,2995,gene,0.0,True,Gene
7228,29950,gene,0.0,True,Gene
7229,29951,gene,0.0,True,Gene
7230,29952,gene,0.0,True,Gene
7231,29953,gene,0.0,True,Gene
7232,29954,gene,0.0,True,Gene
7233,29956,gene,0.0,True,Gene
7234,29957,gene,0.0,True,Gene
7235,29958,gene,0.0,True,Gene
7236,29959,gene,0.0,True,Gene
7237,2996,gene,0.0,True,Gene
7238,29960,gene,0.0,True,Gene
7239,29964,gene,0.0,True,Gene
7240,29965,gene,0.0,True,Gene
7241,29966,gene,0.0,True,Gene
7242,29967,gene,0.0,True,Gene
7243,29968,gene,0.0,True,Gene
7244,29969,gene,0.0,True,Gene
7245,2997,gene,0.0,True,Gene
7246,29970,gene,0.0,True,Gene
7247,29974,gene,0.0,True,Gene
7248,29978,gene,0.0,True,Gene
7249,29979,gene,0.0,True,Gene
7250,29980,gene,0.0,True,Gene
7251,29982,gene,0.0,True,Gene
7252,29984,gene,0.0,True,Gene
7253,29985,gene,0.0,True,Gene
7254,29986,gene,0.0,True,Gene
7255,29988,gene,0.0,True,Gene
7256,29989,gene,0.0,True,Gene
7257,2999,gene,0.0,True,Gene
7258,29990,gene,0.0,True,Gene
7259,29991,gene,0.0,True,Gene
7260,29992,gene,0.0,True,Gene
7261,29993,gene,0.0,True,Gene
7262,29994,gene,0.0,True,Gene
7263,29995,gene,0.0,True,Gene
7264,29997,gene,0.0,True,Gene
7265,29998,gene,0.0,True,Gene
7266,29999,gene,0.0,True,Gene
7267,30,gene,0.0,True,Gene
7268,3000,gene,0.0,True,Gene
7269,30000,gene,0.0,True,Gene
7270,30001,gene,0.0,True,Gene
7271,30008,gene,0.0,True,Gene
7272,30009,gene,0.0,True,Gene
7273,3001,gene,0.0,True,Gene
7274,30010,gene,0.0,True,Gene
7275,30011,gene,0.0,True,Gene
7276,30012,gene,0.0,True,Gene
7277,30014,gene,0.0,True,Gene
7278,3002,gene,0.0,True,Gene
7279,3003,gene,0.0,True,Gene
7280,3004,gene,0.0,True,Gene
7281,3005,gene,0.0,True,Gene
7282,3006,gene,0.0,True,Gene
7283,30061,gene,0.0,True,Gene
7284,30062,gene,0.0,True,Gene
7285,3007,gene,0.0,True,Gene
7286,3008,gene,0.0,True,Gene
7287,3009,gene,0.0,True,Gene
7288,301,gene,0.0,True,Gene
7289,3010,gene,0.0,True,Gene
7290,3012,gene,0.0,True,Gene
7291,3013,gene,0.0,True,Gene
7292,3014,gene,0.0,True,Gene
7293,3015,gene,0.0,True,Gene
7294,3017,gene,0.0,True,Gene
7295,3018,gene,0.0,True,Gene
7296,302,gene,0.0,True,Gene
7297,3020,gene,0.0,True,Gene
7298,3021,gene,0.0,True,Gene
7299,3024,gene,0.0,True,Gene
7300,3026,gene,0.0,True,Gene
7301,3028,gene,0.0,True,Gene
7302,3029,gene,0.0,True,Gene
7303,3030,gene,0.0,True,Gene
7304,3032,gene,0.0,True,Gene
7305,3033,gene,0.0,True,Gene
7306,3034,gene,0.0,True,Gene
7307,3035,gene,0.0,True,Gene
7308,3036,gene,0.0,True,Gene
7309,3037,gene,0.0,True,Gene
7310,3038,gene,0.0,True,Gene
7311,3039,gene,0.0,True,Gene
7312,3040,gene,0.0,True,Gene
7313,3042,gene,0.0,True,Gene
7314,3043,gene,0.0,True,Gene
7315,3045,gene,0.0,True,Gene
7316,3046,gene,0.0,True,Gene
7317,3047,gene,0.0,True,Gene
7318,3049,gene,0.0,True,Gene
7319,3050,gene,0.0,True,Gene
7320,3052,gene,0.0,True,Gene
7321,3053,gene,0.0,True,Gene
7322,3054,gene,0.0,True,Gene
7323,3055,gene,0.0,True,Gene
7324,3059,gene,0.0,True,Gene
7325,306,gene,0.0,True,Gene
7326,3060,gene,0.0,True,Gene
7327,3061,gene,0.0,True,Gene
7328,3062,gene,0.0,True,Gene
7329,3064,gene,0.0,True,Gene
7330,3065,gene,0.0,True,Gene
7331,3066,gene,0.0,True,Gene
7332,3067,gene,0.0,True,Gene
7333,3068,gene,0.0,True,Gene
7334,3069,gene,0.0,True,Gene
7335,307,gene,0.0,True,Gene
7336,3070,gene,0.0,True,Gene
7337,3071,gene,0.0,True,Gene
7338,3073,gene,0.0,True,Gene
7339,3074,gene,0.0,True,Gene
7340,3075,gene,0.0,True,Gene
7341,3077,gene,0.0,True,Gene
7342,3078,gene,0.0,True,Gene
7343,308,gene,0.0,True,Gene
7344,3081,gene,0.0,True,Gene
7345,30811,gene,0.0,True,Gene
7346,30812,gene,0.0,True,Gene
7347,30813,gene,0.0,True,Gene
7348,30814,gene,0.0,True,Gene
7349,30815,gene,0.0,True,Gene
7350,30816,gene,0.0,True,Gene
7351,30817,gene,0.0,True,Gene
7352,30818,gene,0.0,True,Gene
7353,30819,gene,0.0,True,Gene
7354,3082,gene,0.0,True,Gene
7355,30820,gene,0.0,True,Gene
7356,30827,gene,0.0,True,Gene
7357,3083,gene,0.0,True,Gene
7358,30832,gene,0.0,True,Gene
7359,30833,gene,0.0,True,Gene
7360,30834,gene,0.0,True,Gene
7361,30835,gene,0.0,True,Gene
7362,30836,gene,0.0,True,Gene
7363,30837,gene,0.0,True,Gene
7364,3084,gene,0.0,True,Gene
7365,30844,gene,0.0,True,Gene
7366,30845,gene,0.0,True,Gene
7367,30846,gene,0.0,True,Gene
7368,30848,gene,0.0,True,Gene
7369,30849,gene,0.0,True,Gene
7370,30850,gene,0.0,True,Gene
7371,30851,gene,0.0,True,Gene
7372,3087,gene,0.0,True,Gene
7373,309,gene,0.0,True,Gene
7374,3090,gene,0.0,True,Gene
7375,3091,gene,0.0,True,Gene
7376,3092,gene,0.0,True,Gene
7377,3093,gene,0.0,True,Gene
7378,3094,gene,0.0,True,Gene
7379,3096,gene,0.0,True,Gene
7380,30968,gene,0.0,True,Gene
7381,3097,gene,0.0,True,Gene
7382,3098,gene,0.0,True,Gene
7383,3099,gene,0.0,True,Gene
7384,31,gene,0.0,True,Gene
7385,310,gene,0.0,True,Gene
7386,3101,gene,0.0,True,Gene
7387,3104,gene,0.0,True,Gene
7388,3105,gene,0.0,True,Gene
7389,3106,gene,0.0,True,Gene
7390,3107,gene,0.0,True,Gene
7391,3108,gene,0.0,True,Gene
7392,3109,gene,0.0,True,Gene
7393,311,gene,0.0,True,Gene
7394,3110,gene,0.0,True,Gene
7395,3111,gene,0.0,True,Gene
7396,3112,gene,0.0,True,Gene
7397,3113,gene,0.0,True,Gene
7398,3115,gene,0.0,True,Gene
7399,3117,gene,0.0,True,Gene
7400,3118,gene,0.0,True,Gene
7401,3119,gene,0.0,True,Gene
7402,312,gene,0.0,True,Gene
7403,3120,gene,0.0,True,Gene
7404,3122,gene,0.0,True,Gene
7405,3123,gene,0.0,True,Gene
7406,3127,gene,0.0,True,Gene
7407,313,gene,0.0,True,Gene
7408,3131,gene,0.0,True,Gene
7409,3133,gene,0.0,True,Gene
7410,3134,gene,0.0,True,Gene
7411,3135,gene,0.0,True,Gene
7412,314,gene,0.0,True,Gene
7413,3140,gene,0.0,True,Gene
7414,3141,gene,0.0,True,Gene
7415,3142,gene,0.0,True,Gene
7416,3145,gene,0.0,True,Gene
7417,3146,gene,0.0,True,Gene
7418,3148,gene,0.0,True,Gene
7419,3149,gene,0.0,True,Gene
7420,3150,gene,0.0,True,Gene
7421,3151,gene,0.0,True,Gene
7422,3155,gene,0.0,True,Gene
7423,3156,gene,0.0,True,Gene
7424,3157,gene,0.0,True,Gene
7425,3158,gene,0.0,True,Gene
7426,3159,gene,0.0,True,Gene
7427,316,gene,0.0,True,Gene
7428,3161,gene,0.0,True,Gene
7429,3162,gene,0.0,True,Gene
7430,3163,gene,0.0,True,Gene
7431,3164,gene,0.0,True,Gene
7432,3166,gene,0.0,True,Gene
7433,3167,gene,0.0,True,Gene
7434,3169,gene,0.0,True,Gene
7435,317,gene,0.0,True,Gene
7436,3170,gene,0.8977073,True,Gene
7437,3171,gene,0.0,True,Gene
7438,3172,gene,0.0,True,Gene
7439,3174,gene,0.0,True,Gene
7440,3175,gene,0.0,True,Gene
7441,3176,gene,0.0,True,Gene
7442,317649,gene,0.0,True,Gene
7443,317662,gene,0.0,True,Gene
7444,317671,gene,0.0,True,Gene
7445,3177,gene,0.0,True,Gene
7446,317701,gene,0.0,True,Gene
7447,317703,gene,0.0,True,Gene
7448,317705,gene,0.0,True,Gene
7449,317719,gene,0.0,True,Gene
7450,317749,gene,0.0,True,Gene
7451,317754,gene,0.0,True,Gene
7452,317761,gene,0.0,True,Gene
7453,317762,gene,0.0,True,Gene
7454,317772,gene,0.0,True,Gene
7455,317781,gene,0.0,True,Gene
7456,3178,gene,0.0,True,Gene
7457,318,gene,0.0,True,Gene
7458,3181,gene,0.0,True,Gene
7459,3182,gene,0.0,True,Gene
7460,3183,gene,0.0,True,Gene
7461,3184,gene,0.0,True,Gene
7462,3185,gene,0.0,True,Gene
7463,3187,gene,0.0,True,Gene
7464,3188,gene,0.0,True,Gene
7465,3189,gene,0.0,True,Gene
7466,319,gene,0.0,True,Gene
7467,3190,gene,0.0,True,Gene
7468,319089,gene,0.0,True,Gene
7469,3191,gene,0.0,True,Gene
7470,319100,gene,0.0,True,Gene
7471,319101,gene,0.0,True,Gene
7472,3192,gene,0.0,True,Gene
7473,3195,gene,0.0,True,Gene
7474,3196,gene,0.0,True,Gene
7475,3198,gene,0.0,True,Gene
7476,3199,gene,0.0,True,Gene
7477,32,gene,0.0,True,Gene
7478,320,gene,0.0,True,Gene
7479,3200,gene,0.0,True,Gene
7480,3201,gene,0.0,True,Gene
7481,3202,gene,0.0,True,Gene
7482,3203,gene,0.0,True,Gene
7483,3204,gene,0.0,True,Gene
7484,3205,gene,0.0,True,Gene
7485,3206,gene,0.0,True,Gene
7486,3207,gene,0.0,True,Gene
7487,3208,gene,0.0,True,Gene
7488,3209,gene,0.0,True,Gene
7489,321,gene,0.0,True,Gene
7490,3211,gene,0.0,True,Gene
7491,3212,gene,0.0,True,Gene
7492,3213,gene,0.0,True,Gene
7493,3214,gene,0.0,True,Gene
7494,3215,gene,0.0,True,Gene
7495,3216,gene,0.0,True,Gene
7496,3217,gene,0.0,True,Gene
7497,3218,gene,0.0,True,Gene
7498,3219,gene,0.0,True,Gene
7499,322,gene,0.0,True,Gene
7500,3221,gene,0.0,True,Gene
7501,3222,gene,0.0,True,Gene
7502,3223,gene,0.0,True,Gene
7503,3224,gene,0.0,True,Gene
7504,3225,gene,0.0,True,Gene
7505,3226,gene,0.0,True,Gene
7506,3227,gene,0.0,True,Gene
7507,3228,gene,0.0,True,Gene
7508,3229,gene,0.0,True,Gene
7509,323,gene,0.0,True,Gene
7510,3231,gene,0.0,True,Gene
7511,3232,gene,0.0,True,Gene
7512,3233,gene,0.0,True,Gene
7513,3234,gene,0.0,True,Gene
7514,3235,gene,0.0,True,Gene
7515,3236,gene,0.0,True,Gene
7516,3237,gene,0.0,True,Gene
7517,3238,gene,0.0,True,Gene
7518,3239,gene,0.0,True,Gene
7519,324,gene,0.0,True,Gene
7520,3240,gene,0.0,True,Gene
7521,3241,gene,0.0,True,Gene
7522,3242,gene,0.0,True,Gene
7523,3248,gene,0.0,True,Gene
7524,3249,gene,0.0,True,Gene
7525,3250,gene,0.0,True,Gene
7526,3251,gene,0.0,True,Gene
7527,3257,gene,0.0,True,Gene
7528,326,gene,0.0,True,Gene
7529,3263,gene,0.0,True,Gene
7530,326340,gene,0.0,True,Gene
7531,3265,gene,0.0,True,Gene
7532,3266,gene,0.0,True,Gene
7533,326624,gene,0.0,True,Gene
7534,326625,gene,0.0,True,Gene
7535,3267,gene,0.0,True,Gene
7536,3268,gene,0.0,True,Gene
7537,3269,gene,0.0,True,Gene
7538,327,gene,0.0,True,Gene
7539,3270,gene,0.0,True,Gene
7540,3273,gene,0.0,True,Gene
7541,3274,gene,0.0,True,Gene
7542,3275,gene,0.0,True,Gene
7543,3276,gene,0.0,True,Gene
7544,327657,gene,0.0,True,Gene
7545,328,gene,0.0,True,Gene
7546,3280,gene,0.0,True,Gene
7547,3281,gene,0.0,True,Gene
7548,3283,gene,0.0,True,Gene
7549,3284,gene,0.0,True,Gene
7550,329,gene,0.0,True,Gene
7551,3290,gene,0.0,True,Gene
7552,3291,gene,0.0,True,Gene
7553,3292,gene,0.0,True,Gene
7554,3293,gene,0.0,True,Gene
7555,3294,gene,0.0,True,Gene
7556,3295,gene,0.0,True,Gene
7557,3297,gene,0.0,True,Gene
7558,3298,gene,0.0,True,Gene
7559,3299,gene,0.0,True,Gene
7560,33,gene,0.0,True,Gene
7561,330,gene,0.0,True,Gene
7562,3300,gene,0.0,True,Gene
7563,3301,gene,0.0,True,Gene
7564,3303,gene,0.0,True,Gene
7565,3304,gene,0.0,True,Gene
7566,3305,gene,0.0,True,Gene
7567,3306,gene,0.0,True,Gene
7568,3308,gene,0.0,True,Gene
7569,3309,gene,0.0,True,Gene
7570,331,gene,0.0,True,Gene
7571,3310,gene,0.0,True,Gene
7572,3312,gene,0.0,True,Gene
7573,3313,gene,0.0,True,Gene
7574,3315,gene,0.0,True,Gene
7575,3316,gene,0.0,True,Gene
7576,332,gene,0.0,True,Gene
7577,3320,gene,0.0,True,Gene
7578,3321,gene,0.0,True,Gene
7579,3326,gene,0.0,True,Gene
7580,3329,gene,0.0,True,Gene
7581,333,gene,0.0,True,Gene
7582,3336,gene,0.0,True,Gene
7583,3337,gene,0.0,True,Gene
7584,3338,gene,0.0,True,Gene
7585,3339,gene,0.0,True,Gene
7586,333926,gene,0.0,True,Gene
7587,333929,gene,0.0,True,Gene
7588,333932,gene,0.0,True,Gene
7589,334,gene,0.0,True,Gene
7590,3340,gene,0.0,True,Gene
7591,3344,gene,0.0,True,Gene
7592,3346,gene,0.0,True,Gene
7593,3347,gene,0.0,True,Gene
7594,335,gene,0.0,True,Gene
7595,3350,gene,0.0,True,Gene
7596,3351,gene,0.0,True,Gene
7597,3352,gene,0.0,True,Gene
7598,3354,gene,0.0,True,Gene
7599,3355,gene,0.0,True,Gene
7600,3356,gene,0.0,True,Gene
7601,3357,gene,0.0,True,Gene
7602,3358,gene,0.0,True,Gene
7603,3359,gene,0.0,True,Gene
7604,336,gene,0.0,True,Gene
7605,3360,gene,0.0,True,Gene
7606,3362,gene,0.0,True,Gene
7607,3363,gene,0.0,True,Gene
7608,3364,gene,0.0,True,Gene
7609,3371,gene,0.0,True,Gene
7610,3373,gene,0.0,True,Gene
7611,3375,gene,0.0,True,Gene
7612,3376,gene,0.0,True,Gene
7613,337867,gene,0.0,True,Gene
7614,337876,gene,0.0,True,Gene
7615,337878,gene,0.0,True,Gene
7616,337879,gene,0.0,True,Gene
7617,337880,gene,0.0,True,Gene
7618,337882,gene,0.0,True,Gene
7619,337960,gene,0.0,True,Gene
7620,337963,gene,0.0,True,Gene
7621,337966,gene,0.0,True,Gene
7622,337967,gene,0.0,True,Gene
7623,337968,gene,0.0,True,Gene
7624,337969,gene,0.0,True,Gene
7625,337970,gene,0.0,True,Gene
7626,337971,gene,0.0,True,Gene
7627,337972,gene,0.0,True,Gene
7628,337973,gene,0.0,True,Gene
7629,337974,gene,0.0,True,Gene
7630,337975,gene,0.0,True,Gene
7631,337976,gene,0.0,True,Gene
7632,337977,gene,0.0,True,Gene
7633,337978,gene,0.0,True,Gene
7634,337979,gene,0.0,True,Gene
7635,337985,gene,0.0,True,Gene
7636,338,gene,0.0,True,Gene
7637,338094,gene,0.0,True,Gene
7638,3381,gene,0.0,True,Gene
7639,3382,gene,0.0,True,Gene
7640,3383,gene,0.0,True,Gene
7641,338321,gene,0.0,True,Gene
7642,338322,gene,0.0,True,Gene
7643,338323,gene,0.0,True,Gene
7644,338324,gene,0.0,True,Gene
7645,338328,gene,0.0,True,Gene
7646,338339,gene,0.0,True,Gene
7647,338376,gene,0.0,True,Gene
7648,338382,gene,0.0,True,Gene
7649,338398,gene,0.0,True,Gene
7650,3384,gene,0.0,True,Gene
7651,338440,gene,0.0,True,Gene
7652,338442,gene,0.0,True,Gene
7653,3385,gene,0.0,True,Gene
7654,338557,gene,0.0,True,Gene
7655,338567,gene,0.0,True,Gene
7656,338596,gene,0.0,True,Gene
7657,338599,gene,0.0,True,Gene
7658,3386,gene,0.0,True,Gene
7659,338645,gene,0.0,True,Gene
7660,338657,gene,0.0,True,Gene
7661,338661,gene,0.0,True,Gene
7662,338667,gene,0.0,True,Gene
7663,338692,gene,0.0,True,Gene
7664,338699,gene,0.0,True,Gene
7665,338707,gene,0.0,True,Gene
7666,338761,gene,0.0,True,Gene
7667,338773,gene,0.0,True,Gene
7668,338785,gene,0.0,True,Gene
7669,338811,gene,0.0,True,Gene
7670,338872,gene,0.0,True,Gene
7671,338879,gene,0.0,True,Gene
7672,338917,gene,0.0,True,Gene
7673,338949,gene,0.0,True,Gene
7674,339,gene,0.0,True,Gene
7675,339105,gene,0.0,True,Gene
7676,339122,gene,0.0,True,Gene
7677,339123,gene,0.0,True,Gene
7678,339145,gene,0.0,True,Gene
7679,339168,gene,0.0,True,Gene
7680,339175,gene,0.0,True,Gene
7681,339210,gene,0.0,True,Gene
7682,339221,gene,0.0,True,Gene
7683,339229,gene,0.0,True,Gene
7684,339230,gene,0.0,True,Gene
7685,339231,gene,0.0,True,Gene
7686,339287,gene,0.0,True,Gene
7687,339291,gene,0.0,True,Gene
7688,339302,gene,0.0,True,Gene
7689,339318,gene,0.0,True,Gene
7690,339324,gene,0.0,True,Gene
7691,339327,gene,0.0,True,Gene
7692,339344,gene,0.0,True,Gene
7693,339366,gene,0.0,True,Gene
7694,339390,gene,0.0,True,Gene
7695,339398,gene,0.0,True,Gene
7696,3394,gene,0.0,True,Gene
7697,339403,gene,0.0,True,Gene
7698,339416,gene,0.0,True,Gene
7699,339448,gene,0.0,True,Gene
7700,339451,gene,0.0,True,Gene
7701,339453,gene,0.0,True,Gene
7702,339456,gene,0.0,True,Gene
7703,339479,gene,0.0,True,Gene
7704,339487,gene,0.0,True,Gene
7705,339488,gene,0.0,True,Gene
7706,339500,gene,0.0,True,Gene
7707,339512,gene,0.0,True,Gene
7708,339541,gene,0.0,True,Gene
7709,339559,gene,0.0,True,Gene
7710,3396,gene,0.0,True,Gene
7711,339665,gene,0.0,True,Gene
7712,339674,gene,0.0,True,Gene
7713,3397,gene,0.0,True,Gene
7714,339745,gene,0.0,True,Gene
7715,339761,gene,0.0,True,Gene
7716,339766,gene,0.0,True,Gene
7717,339768,gene,0.0,True,Gene
7718,339778,gene,0.0,True,Gene
7719,339779,gene,0.0,True,Gene
7720,3398,gene,0.0,True,Gene
7721,339804,gene,0.0,True,Gene
7722,339829,gene,0.0,True,Gene
7723,339834,gene,0.0,True,Gene
7724,339855,gene,0.0,True,Gene
7725,339896,gene,0.0,True,Gene
7726,3399,gene,0.0,True,Gene
7727,339965,gene,0.0,True,Gene
7728,339967,gene,0.0,True,Gene
7729,339976,gene,0.0,True,Gene
7730,339977,gene,0.0,True,Gene
7731,339983,gene,0.0,True,Gene
7732,34,gene,0.0,True,Gene
7733,3400,gene,0.0,True,Gene
7734,340024,gene,0.0,True,Gene
7735,340061,gene,0.0,True,Gene
7736,340069,gene,0.0,True,Gene
7737,340075,gene,0.0,True,Gene
7738,340096,gene,0.0,True,Gene
7739,340120,gene,0.0,True,Gene
7740,340146,gene,0.0,True,Gene
7741,340152,gene,0.0,True,Gene
7742,340156,gene,0.0,True,Gene
7743,340168,gene,0.0,True,Gene
7744,340204,gene,0.0,True,Gene
7745,340205,gene,0.0,True,Gene
7746,340252,gene,0.0,True,Gene
7747,340260,gene,0.0,True,Gene
7748,340267,gene,0.0,True,Gene
7749,340273,gene,0.0,True,Gene
7750,340277,gene,0.0,True,Gene
7751,340307,gene,0.0,True,Gene
7752,340348,gene,0.0,True,Gene
7753,340351,gene,0.0,True,Gene
7754,340359,gene,0.0,True,Gene
7755,340371,gene,0.0,True,Gene
7756,340385,gene,0.0,True,Gene
7757,340390,gene,0.0,True,Gene
7758,340393,gene,0.0,True,Gene
7759,340419,gene,0.0,True,Gene
7760,340441,gene,0.0,True,Gene
7761,340481,gene,0.0,True,Gene
7762,340485,gene,0.0,True,Gene
7763,340526,gene,0.0,True,Gene
7764,340527,gene,0.0,True,Gene
7765,340533,gene,0.0,True,Gene
7766,340542,gene,0.0,True,Gene
7767,340543,gene,0.0,True,Gene
7768,340547,gene,0.0,True,Gene
7769,340554,gene,0.0,True,Gene
7770,340562,gene,0.0,True,Gene
7771,340578,gene,0.0,True,Gene
7772,340596,gene,0.0,True,Gene
7773,340602,gene,0.0,True,Gene
7774,340654,gene,0.0,True,Gene
7775,340665,gene,0.0,True,Gene
7776,340706,gene,0.0,True,Gene
7777,340719,gene,0.0,True,Gene
7778,340784,gene,0.0,True,Gene
7779,340811,gene,0.0,True,Gene
7780,340895,gene,0.0,True,Gene
7781,340990,gene,0.0,True,Gene
7782,341,gene,0.0,True,Gene
7783,341019,gene,0.0,True,Gene
7784,341032,gene,0.0,True,Gene
7785,341116,gene,0.0,True,Gene
7786,341208,gene,0.0,True,Gene
7787,341277,gene,0.0,True,Gene
7788,341346,gene,0.0,True,Gene
7789,341350,gene,0.0,True,Gene
7790,341359,gene,0.0,True,Gene
7791,341392,gene,0.0,True,Gene
7792,341405,gene,0.0,True,Gene
7793,341567,gene,0.0,True,Gene
7794,3416,gene,0.0,True,Gene
7795,341640,gene,0.0,True,Gene
7796,341676,gene,0.0,True,Gene
7797,3417,gene,0.0,True,Gene
7798,3418,gene,0.0,True,Gene
7799,341880,gene,0.0,True,Gene
7800,341883,gene,0.0,True,Gene
7801,3419,gene,0.0,True,Gene
7802,341947,gene,0.0,True,Gene
7803,3420,gene,0.0,True,Gene
7804,342035,gene,0.0,True,Gene
7805,342096,gene,0.0,True,Gene
7806,3421,gene,0.0,True,Gene
7807,342125,gene,0.0,True,Gene
7808,342132,gene,0.0,True,Gene
7809,342184,gene,0.0,True,Gene
7810,3422,gene,0.0,True,Gene
7811,3423,gene,0.0,True,Gene
7812,342346,gene,0.0,True,Gene
7813,342357,gene,0.0,True,Gene
7814,342371,gene,0.0,True,Gene
7815,342372,gene,0.0,True,Gene
7816,3425,gene,0.0,True,Gene
7817,342510,gene,0.0,True,Gene
7818,342527,gene,0.0,True,Gene
7819,342538,gene,0.0,True,Gene
7820,342574,gene,0.0,True,Gene
7821,3426,gene,0.0,True,Gene
7822,342618,gene,0.0,True,Gene
7823,342667,gene,0.0,True,Gene
7824,3428,gene,0.0,True,Gene
7825,342850,gene,0.0,True,Gene
7826,342892,gene,0.0,True,Gene
7827,342897,gene,0.0,True,Gene
7828,342898,gene,0.0,True,Gene
7829,3429,gene,0.0,True,Gene
7830,342900,gene,0.0,True,Gene
7831,342908,gene,0.0,True,Gene
7832,342909,gene,0.0,True,Gene
7833,342918,gene,0.0,True,Gene
7834,342926,gene,0.0,True,Gene
7835,342931,gene,0.0,True,Gene
7836,342933,gene,0.0,True,Gene
7837,342945,gene,0.0,True,Gene
7838,342977,gene,0.0,True,Gene
7839,342979,gene,0.0,True,Gene
7840,343,gene,0.0,True,Gene
7841,3430,gene,0.0,True,Gene
7842,343035,gene,0.0,True,Gene
7843,343066,gene,0.0,True,Gene
7844,343068,gene,0.0,True,Gene
7845,343069,gene,0.0,True,Gene
7846,343070,gene,0.0,True,Gene
7847,343071,gene,0.0,True,Gene
7848,343099,gene,0.0,True,Gene
7849,3431,gene,0.0,True,Gene
7850,343263,gene,0.0,True,Gene
7851,3433,gene,0.0,True,Gene
7852,3434,gene,0.0,True,Gene
7853,343413,gene,0.0,True,Gene
7854,343450,gene,0.0,True,Gene
7855,343472,gene,0.0,True,Gene
7856,343521,gene,0.0,True,Gene
7857,343578,gene,0.0,True,Gene
7858,343637,gene,0.0,True,Gene
7859,343641,gene,0.0,True,Gene
7860,3437,gene,0.0,True,Gene
7861,343702,gene,0.0,True,Gene
7862,3439,gene,0.0,True,Gene
7863,343930,gene,0.0,True,Gene
7864,343990,gene,0.0,True,Gene
7865,344,gene,0.0,True,Gene
7866,3440,gene,0.0,True,Gene
7867,344018,gene,0.0,True,Gene
7868,344022,gene,0.0,True,Gene
7869,344065,gene,0.0,True,Gene
7870,3441,gene,0.0,True,Gene
7871,344148,gene,0.0,True,Gene
7872,344167,gene,0.0,True,Gene
7873,344191,gene,0.0,True,Gene
7874,3442,gene,0.0,True,Gene
7875,3443,gene,0.0,True,Gene
7876,344387,gene,0.0,True,Gene
7877,3444,gene,0.0,True,Gene
7878,3445,gene,0.0,True,Gene
7879,344558,gene,0.0,True,Gene
7880,344561,gene,0.0,True,Gene
7881,3446,gene,0.0,True,Gene
7882,344657,gene,0.0,True,Gene
7883,344658,gene,0.0,True,Gene
7884,3447,gene,0.0,True,Gene
7885,344752,gene,0.0,True,Gene
7886,344787,gene,0.0,True,Gene
7887,3448,gene,0.0,True,Gene
7888,344805,gene,0.0,True,Gene
7889,344807,gene,0.0,True,Gene
7890,344838,gene,0.0,True,Gene
7891,344892,gene,0.0,True,Gene
7892,3449,gene,0.0,True,Gene
7893,344901,gene,0.0,True,Gene
7894,344905,gene,0.0,True,Gene
7895,345,gene,0.0,True,Gene
7896,345051,gene,0.0,True,Gene
7897,345062,gene,0.0,True,Gene
7898,345079,gene,0.0,True,Gene
7899,3451,gene,0.0,True,Gene
7900,345193,gene,0.0,True,Gene
7901,3452,gene,0.0,True,Gene
7902,345222,gene,0.0,True,Gene
7903,345274,gene,0.0,True,Gene
7904,345275,gene,0.0,True,Gene
7905,3454,gene,0.0,True,Gene
7906,345462,gene,0.0,True,Gene
7907,3455,gene,0.0,True,Gene
7908,345557,gene,0.0,True,Gene
7909,3456,gene,0.0,True,Gene
7910,345611,gene,0.0,True,Gene
7911,345630,gene,0.0,True,Gene
7912,345643,gene,0.0,True,Gene
7913,345651,gene,0.0,True,Gene
7914,345757,gene,0.0,True,Gene
7915,345778,gene,0.0,True,Gene
7916,3458,gene,0.0,True,Gene
7917,345895,gene,0.0,True,Gene
7918,3459,gene,0.0,True,Gene
7919,345930,gene,0.0,True,Gene
7920,346,gene,0.0,True,Gene
7921,3460,gene,0.0,True,Gene
7922,346007,gene,0.0,True,Gene
7923,346157,gene,0.0,True,Gene
7924,346171,gene,0.0,True,Gene
7925,346288,gene,0.0,True,Gene
7926,346389,gene,0.0,True,Gene
7927,346606,gene,0.0,True,Gene
7928,346653,gene,0.0,True,Gene
7929,346673,gene,0.0,True,Gene
7930,346689,gene,0.0,True,Gene
7931,3467,gene,0.0,True,Gene
7932,346702,gene,0.0,True,Gene
7933,347,gene,0.0,True,Gene
7934,347051,gene,0.5062273,True,Gene
7935,347088,gene,0.0,True,Gene
7936,347148,gene,0.0,True,Gene
7937,347240,gene,0.0,True,Gene
7938,347252,gene,0.0,True,Gene
7939,347273,gene,0.0,True,Gene
7940,347344,gene,0.0,True,Gene
7941,347365,gene,0.0,True,Gene
7942,347404,gene,0.0,True,Gene
7943,347411,gene,0.0,True,Gene
7944,347442,gene,0.0,True,Gene
7945,347454,gene,0.0,True,Gene
7946,347475,gene,0.0,True,Gene
7947,347487,gene,0.0,True,Gene
7948,3475,gene,0.0,True,Gene
7949,347516,gene,0.0,True,Gene
7950,347517,gene,0.0,True,Gene
7951,347527,gene,0.0,True,Gene
7952,347541,gene,0.0,True,Gene
7953,347549,gene,0.0,True,Gene
7954,3476,gene,0.0,True,Gene
7955,347687,gene,0.0,True,Gene
7956,347688,gene,0.0,True,Gene
7957,347730,gene,0.0,True,Gene
7958,347731,gene,0.0,True,Gene
7959,347732,gene,0.0,True,Gene
7960,347733,gene,0.0,True,Gene
7961,347734,gene,0.0,True,Gene
7962,347735,gene,0.0,True,Gene
7963,347736,gene,0.0,True,Gene
7964,347741,gene,0.0,True,Gene
7965,347744,gene,0.0,True,Gene
7966,347853,gene,0.0,True,Gene
7967,347862,gene,0.0,True,Gene
7968,3479,gene,0.0,True,Gene
7969,347902,gene,0.0,True,Gene
7970,348,gene,0.0,True,Gene
7971,3480,gene,0.0,True,Gene
7972,348013,gene,0.0,True,Gene
7973,348093,gene,0.0,True,Gene
7974,348094,gene,0.0,True,Gene
7975,3481,gene,0.0,True,Gene
7976,348110,gene,0.0,True,Gene
7977,348158,gene,0.0,True,Gene
7978,348174,gene,0.0,True,Gene
7979,348180,gene,0.0,True,Gene
7980,3482,gene,0.0,True,Gene
7981,348235,gene,0.0,True,Gene
7982,348262,gene,0.0,True,Gene
7983,3483,gene,0.0,True,Gene
7984,348303,gene,0.0,True,Gene
7985,348327,gene,0.0,True,Gene
7986,348378,gene,0.0,True,Gene
7987,3484,gene,0.0,True,Gene
7988,348487,gene,0.0,True,Gene
7989,3485,gene,0.0,True,Gene
7990,3486,gene,0.0,True,Gene
7991,348654,gene,0.0,True,Gene
7992,3487,gene,0.0,True,Gene
7993,348751,gene,0.0,True,Gene
7994,348793,gene,0.0,True,Gene
7995,3488,gene,0.0,True,Gene
7996,348801,gene,0.0,True,Gene
7997,348807,gene,0.0,True,Gene
7998,3489,gene,0.0,True,Gene
7999,348932,gene,0.0,True,Gene
8000,348938,gene,0.0,True,Gene
8001,348980,gene,0.0,True,Gene
8002,348995,gene,0.0,True,Gene
8003,3490,gene,0.0,True,Gene
8004,349075,gene,0.0,True,Gene
8005,3491,gene,0.0,True,Gene
8006,349136,gene,0.0,True,Gene
8007,349149,gene,0.0,True,Gene
8008,349334,gene,0.0,True,Gene
8009,349565,gene,0.0,True,Gene
8010,349633,gene,0.0,True,Gene
8011,349667,gene,0.0,True,Gene
8012,35,gene,0.0,True,Gene
8013,350,gene,0.0,True,Gene
8014,350383,gene,0.0,True,Gene
8015,3508,gene,0.0,True,Gene
8016,351,gene,0.0,True,Gene
8017,3512,gene,0.0,True,Gene
8018,3516,gene,0.0,True,Gene
8019,352909,gene,0.0,True,Gene
8020,352999,gene,0.0,True,Gene
8021,353,gene,0.0,True,Gene
8022,353088,gene,0.0,True,Gene
8023,353091,gene,0.0,True,Gene
8024,353116,gene,0.0,True,Gene
8025,353131,gene,0.0,True,Gene
8026,353132,gene,0.0,True,Gene
8027,353133,gene,0.0,True,Gene
8028,353134,gene,0.0,True,Gene
8029,353135,gene,0.0,True,Gene
8030,353137,gene,0.0,True,Gene
8031,353139,gene,0.0,True,Gene
8032,353140,gene,0.0,True,Gene
8033,353141,gene,0.0,True,Gene
8034,353143,gene,0.0,True,Gene
8035,353144,gene,0.0,True,Gene
8036,353145,gene,0.0,True,Gene
8037,353149,gene,0.0,True,Gene
8038,353164,gene,0.0,True,Gene
8039,353174,gene,0.0,True,Gene
8040,353189,gene,0.0,True,Gene
8041,353238,gene,0.0,True,Gene
8042,353267,gene,0.0,True,Gene
8043,353274,gene,0.0,True,Gene
8044,353288,gene,0.0,True,Gene
8045,353299,gene,0.0,True,Gene
8046,353322,gene,0.0,True,Gene
8047,353323,gene,0.0,True,Gene
8048,353324,gene,0.0,True,Gene
8049,353332,gene,0.0,True,Gene
8050,353333,gene,0.0,True,Gene
8051,353345,gene,0.0,True,Gene
8052,353355,gene,0.0,True,Gene
8053,353376,gene,0.0,True,Gene
8054,353497,gene,0.0,True,Gene
8055,353500,gene,0.0,True,Gene
8056,353513,gene,0.0,True,Gene
8057,353514,gene,0.0,True,Gene
8058,354,gene,0.0,True,Gene
8059,3543,gene,0.0,True,Gene
8060,3547,gene,0.0,True,Gene
8061,3549,gene,0.0,True,Gene
8062,355,gene,0.0,True,Gene
8063,3550,gene,0.0,True,Gene
8064,3551,gene,0.0,True,Gene
8065,3552,gene,0.0,True,Gene
8066,3553,gene,0.0,True,Gene
8067,3554,gene,0.0,True,Gene
8068,3556,gene,0.0,True,Gene
8069,3557,gene,0.0,True,Gene
8070,3558,gene,0.0,True,Gene
8071,3559,gene,0.0,True,Gene
8072,356,gene,0.0,True,Gene
8073,3560,gene,0.0,True,Gene
8074,3561,gene,0.0,True,Gene
8075,3563,gene,0.0,True,Gene
8076,3565,gene,0.0,True,Gene
8077,3566,gene,0.0,True,Gene
8078,3567,gene,0.0,True,Gene
8079,3568,gene,0.0,True,Gene
8080,3569,gene,0.0,True,Gene
8081,357,gene,0.0,True,Gene
8082,3570,gene,0.0,True,Gene
8083,3572,gene,0.0,True,Gene
8084,3574,gene,0.0,True,Gene
8085,3575,gene,0.0,True,Gene
8086,3576,gene,0.0,True,Gene
8087,3577,gene,0.0,True,Gene
8088,3578,gene,0.0,True,Gene
8089,3579,gene,0.0,True,Gene
8090,358,gene,0.0,True,Gene
8091,3581,gene,0.0,True,Gene
8092,3586,gene,0.0,True,Gene
8093,3587,gene,0.0,True,Gene
8094,3588,gene,0.0,True,Gene
8095,3589,gene,0.0,True,Gene
8096,359,gene,0.0,True,Gene
8097,3590,gene,0.0,True,Gene
8098,3592,gene,0.0,True,Gene
8099,3593,gene,0.0,True,Gene
8100,3594,gene,0.0,True,Gene
8101,3595,gene,0.0,True,Gene
8102,3596,gene,0.0,True,Gene
8103,3597,gene,0.0,True,Gene
8104,359710,gene,0.0,True,Gene
8105,359787,gene,0.0,True,Gene
8106,3598,gene,0.0,True,Gene
8107,359845,gene,0.0,True,Gene
8108,359948,gene,0.0,True,Gene
8109,36,gene,0.0,True,Gene
8110,360,gene,0.0,True,Gene
8111,3600,gene,0.0,True,Gene
8112,360023,gene,0.0,True,Gene
8113,360030,gene,0.0,True,Gene
8114,3601,gene,0.0,True,Gene
8115,360200,gene,0.0,True,Gene
8116,360203,gene,0.0,True,Gene
8117,360205,gene,0.0,True,Gene
8118,360226,gene,0.0,True,Gene
8119,3603,gene,0.0,True,Gene
8120,3604,gene,0.0,True,Gene
8121,3605,gene,0.0,True,Gene
8122,3606,gene,0.0,True,Gene
8123,3607,gene,0.0,True,Gene
8124,3608,gene,0.0,True,Gene
8125,3609,gene,0.0,True,Gene
8126,361,gene,0.0,True,Gene
8127,3611,gene,0.0,True,Gene
8128,3612,gene,0.49303982,True,Gene
8129,3613,gene,0.0,True,Gene
8130,3614,gene,0.0,True,Gene
8131,3615,gene,0.0,True,Gene
8132,3617,gene,0.0,True,Gene
8133,3619,gene,0.0,True,Gene
8134,362,gene,0.0,True,Gene
8135,3620,gene,0.0,True,Gene
8136,3621,gene,0.0,True,Gene
8137,3622,gene,0.0,True,Gene
8138,3623,gene,0.0,True,Gene
8139,3624,gene,0.0,True,Gene
8140,3625,gene,0.0,True,Gene
8141,3626,gene,0.0,True,Gene
8142,3627,gene,0.0,True,Gene
8143,3628,gene,0.0,True,Gene
8144,363,gene,0.0,True,Gene
8145,3630,gene,0.0,True,Gene
8146,3631,gene,0.0,True,Gene
8147,3632,gene,0.0,True,Gene
8148,3633,gene,0.0,True,Gene
8149,3635,gene,0.0,True,Gene
8150,3636,gene,0.0,True,Gene
8151,3638,gene,0.0,True,Gene
8152,364,gene,0.0,True,Gene
8153,3640,gene,0.0,True,Gene
8154,3641,gene,0.0,True,Gene
8155,3642,gene,0.0,True,Gene
8156,3643,gene,0.0,True,Gene
8157,3645,gene,0.0,True,Gene
8158,3646,gene,0.0,True,Gene
8159,3651,gene,0.0,True,Gene
8160,3652,gene,0.0,True,Gene
8161,3654,gene,0.0,True,Gene
8162,3655,gene,0.0,True,Gene
8163,3656,gene,0.0,True,Gene
8164,3658,gene,0.0,True,Gene
8165,3659,gene,0.0,True,Gene
8166,366,gene,0.0,True,Gene
8167,3660,gene,0.0,True,Gene
8168,3661,gene,0.0,True,Gene
8169,3662,gene,0.0,True,Gene
8170,3663,gene,0.0,True,Gene
8171,3664,gene,0.0,True,Gene
8172,3665,gene,0.0,True,Gene
8173,3667,gene,0.0,True,Gene
8174,3669,gene,0.0,True,Gene
8175,367,gene,0.0,True,Gene
8176,3670,gene,0.0,True,Gene
8177,3671,gene,0.0,True,Gene
8178,3672,gene,0.0,True,Gene
8179,3673,gene,0.0,True,Gene
8180,3674,gene,0.0,True,Gene
8181,3675,gene,0.0,True,Gene
8182,3676,gene,0.0,True,Gene
8183,3678,gene,0.0,True,Gene
8184,3679,gene,0.0,True,Gene
8185,368,gene,0.0,True,Gene
8186,3680,gene,0.0,True,Gene
8187,3681,gene,0.0,True,Gene
8188,3682,gene,0.0,True,Gene
8189,3683,gene,0.0,True,Gene
8190,3684,gene,0.0,True,Gene
8191,3685,gene,0.0,True,Gene
8192,3687,gene,0.0,True,Gene
8193,3688,gene,0.0,True,Gene
8194,3689,gene,0.0,True,Gene
8195,369,gene,0.0,True,Gene
8196,3690,gene,0.0,True,Gene
8197,3691,gene,0.0,True,Gene
8198,3692,gene,0.0,True,Gene
8199,3693,gene,0.0,True,Gene
8200,3694,gene,0.0,True,Gene
8201,3695,gene,0.0,True,Gene
8202,3696,gene,0.0,True,Gene
8203,3697,gene,0.0,True,Gene
8204,3698,gene,0.0,True,Gene
8205,3699,gene,0.0,True,Gene
8206,37,gene,0.0,True,Gene
8207,3700,gene,0.0,True,Gene
8208,3702,gene,0.0,True,Gene
8209,3703,gene,0.0,True,Gene
8210,3704,gene,0.0,True,Gene
8211,3705,gene,0.0,True,Gene
8212,3706,gene,0.0,True,Gene
8213,3707,gene,0.0,True,Gene
8214,3708,gene,0.0,True,Gene
8215,3709,gene,0.0,True,Gene
8216,3710,gene,0.0,True,Gene
8217,3712,gene,0.0,True,Gene
8218,3713,gene,0.0,True,Gene
8219,3714,gene,0.0,True,Gene
8220,3716,gene,0.0,True,Gene
8221,3717,gene,0.0,True,Gene
8222,3718,gene,0.0,True,Gene
8223,372,gene,0.0,True,Gene
8224,3720,gene,0.0,True,Gene
8225,3725,gene,0.0,True,Gene
8226,3726,gene,0.0,True,Gene
8227,3727,gene,0.0,True,Gene
8228,3728,gene,0.0,True,Gene
8229,373,gene,0.0,True,Gene
8230,3730,gene,0.0,True,Gene
8231,373156,gene,0.0,True,Gene
8232,3732,gene,0.0,True,Gene
8233,3735,gene,0.0,True,Gene
8234,373509,gene,0.0,True,Gene
8235,3736,gene,0.0,True,Gene
8236,3737,gene,0.0,True,Gene
8237,3738,gene,0.0,True,Gene
8238,373863,gene,0.0,True,Gene
8239,3739,gene,0.0,True,Gene
8240,374,gene,0.0,True,Gene
8241,3741,gene,0.0,True,Gene
8242,3742,gene,0.0,True,Gene
8243,374286,gene,0.0,True,Gene
8244,374291,gene,0.0,True,Gene
8245,3743,gene,0.0,True,Gene
8246,374308,gene,0.0,True,Gene
8247,374354,gene,0.0,True,Gene
8248,374355,gene,0.0,True,Gene
8249,374378,gene,0.0,True,Gene
8250,374383,gene,0.0,True,Gene
8251,374393,gene,0.0,True,Gene
8252,374395,gene,0.0,True,Gene
8253,3744,gene,0.0,True,Gene
8254,374403,gene,0.0,True,Gene
8255,374407,gene,0.0,True,Gene
8256,374454,gene,0.0,True,Gene
8257,374462,gene,0.0,True,Gene
8258,374470,gene,0.0,True,Gene
8259,3745,gene,0.0,True,Gene
8260,374569,gene,0.0,True,Gene
8261,3746,gene,0.0,True,Gene
8262,374618,gene,0.0,True,Gene
8263,374654,gene,0.0,True,Gene
8264,374655,gene,0.0,True,Gene
8265,374659,gene,0.0,True,Gene
8266,3747,gene,0.0,True,Gene
8267,374739,gene,0.0,True,Gene
8268,374768,gene,0.0,True,Gene
8269,374786,gene,0.0,True,Gene
8270,3748,gene,0.0,True,Gene
8271,374819,gene,0.0,True,Gene
8272,374860,gene,0.0,True,Gene
8273,374864,gene,0.0,True,Gene
8274,374868,gene,0.0,True,Gene
8275,374872,gene,0.0,True,Gene
8276,374875,gene,0.0,True,Gene
8277,374877,gene,0.0,True,Gene
8278,374879,gene,0.0,True,Gene
8279,374882,gene,0.0,True,Gene
8280,374887,gene,0.0,True,Gene
8281,374897,gene,0.0,True,Gene
8282,374899,gene,0.0,True,Gene
8283,3749,gene,0.0,True,Gene
8284,374900,gene,0.0,True,Gene
8285,374907,gene,0.0,True,Gene
8286,374918,gene,0.0,True,Gene
8287,374920,gene,0.0,True,Gene
8288,374928,gene,0.0,True,Gene
8289,374946,gene,0.0,True,Gene
8290,374955,gene,0.0,True,Gene
8291,374969,gene,0.0,True,Gene
8292,374973,gene,0.0,True,Gene
8293,374977,gene,0.0,True,Gene
8294,374986,gene,0.0,True,Gene
8295,375,gene,0.0,True,Gene
8296,3750,gene,0.0,True,Gene
8297,375033,gene,0.0,True,Gene
8298,375035,gene,0.0,True,Gene
8299,375056,gene,0.0,True,Gene
8300,375057,gene,0.0,True,Gene
8301,375061,gene,0.0,True,Gene
8302,3751,gene,0.0,True,Gene
8303,375189,gene,0.0,True,Gene
8304,375190,gene,0.0,True,Gene
8305,3752,gene,0.0,True,Gene
8306,375248,gene,0.0,True,Gene
8307,375287,gene,0.0,True,Gene
8308,375298,gene,0.0,True,Gene
8309,3753,gene,0.0,True,Gene
8310,375307,gene,0.0,True,Gene
8311,375316,gene,0.0,True,Gene
8312,375323,gene,0.0,True,Gene
8313,375341,gene,0.0,True,Gene
8314,375346,gene,0.0,True,Gene
8315,375387,gene,0.0,True,Gene
8316,3754,gene,0.0,True,Gene
8317,375444,gene,0.0,True,Gene
8318,375449,gene,0.0,True,Gene
8319,375484,gene,0.0,True,Gene
8320,3755,gene,0.0,True,Gene
8321,375519,gene,0.0,True,Gene
8322,375567,gene,0.0,True,Gene
8323,375593,gene,0.0,True,Gene
8324,3756,gene,0.0,True,Gene
8325,375607,gene,0.0,True,Gene
8326,375611,gene,0.0,True,Gene
8327,375612,gene,0.0,True,Gene
8328,375616,gene,0.0,True,Gene
8329,375686,gene,0.0,True,Gene
8330,3757,gene,0.0,True,Gene
8331,375704,gene,0.0,True,Gene
8332,375743,gene,0.0,True,Gene
8333,375748,gene,0.0,True,Gene
8334,375757,gene,0.0,True,Gene
8335,375759,gene,0.0,True,Gene
8336,375775,gene,0.0,True,Gene
8337,375790,gene,0.0,True,Gene
8338,375791,gene,0.0,True,Gene
8339,3758,gene,0.0,True,Gene
8340,3759,gene,0.0,True,Gene
8341,3760,gene,0.0,True,Gene
8342,3761,gene,0.0,True,Gene
8343,376132,gene,0.0,True,Gene
8344,3762,gene,0.0,True,Gene
8345,376267,gene,0.0,True,Gene
8346,3763,gene,0.0,True,Gene
8347,3764,gene,0.0,True,Gene
8348,376497,gene,0.0,True,Gene
8349,3765,gene,0.0,True,Gene
8350,3766,gene,0.0,True,Gene
8351,3767,gene,0.0,True,Gene
8352,3768,gene,0.0,True,Gene
8353,3769,gene,0.0,True,Gene
8354,376940,gene,0.0,True,Gene
8355,377,gene,0.0,True,Gene
8356,3770,gene,0.0,True,Gene
8357,377007,gene,0.0,True,Gene
8358,3772,gene,0.0,True,Gene
8359,3773,gene,0.0,True,Gene
8360,3775,gene,0.0,True,Gene
8361,3776,gene,0.0,True,Gene
8362,377630,gene,0.0,True,Gene
8363,377677,gene,0.0,True,Gene
8364,3777,gene,0.0,True,Gene
8365,3778,gene,0.0,True,Gene
8366,377841,gene,0.0,True,Gene
8367,3779,gene,0.0,True,Gene
8368,378,gene,0.0,True,Gene
8369,3780,gene,0.0,True,Gene
8370,3781,gene,0.0,True,Gene
8371,378108,gene,0.0,True,Gene
8372,3782,gene,0.0,True,Gene
8373,3783,gene,0.0,True,Gene
8374,3784,gene,0.0,True,Gene
8375,3785,gene,0.0,True,Gene
8376,3786,gene,0.0,True,Gene
8377,3787,gene,0.0,True,Gene
8378,378708,gene,0.0,True,Gene
8379,3788,gene,0.0,True,Gene
8380,378807,gene,0.0,True,Gene
8381,378884,gene,0.0,True,Gene
8382,378925,gene,0.0,True,Gene
8383,378948,gene,0.0,True,Gene
8384,378949,gene,0.0,True,Gene
8385,378950,gene,0.0,True,Gene
8386,378951,gene,0.0,True,Gene
8387,379,gene,0.0,True,Gene
8388,3790,gene,0.0,True,Gene
8389,3791,gene,0.0,True,Gene
8390,3792,gene,0.0,True,Gene
8391,3795,gene,0.0,True,Gene
8392,3796,gene,0.0,True,Gene
8393,3797,gene,0.0,True,Gene
8394,3798,gene,0.0,True,Gene
8395,3799,gene,0.0,True,Gene
8396,38,gene,0.0,True,Gene
8397,3800,gene,0.0,True,Gene
8398,3801,gene,0.0,True,Gene
8399,3802,gene,0.0,True,Gene
8400,3804,gene,0.0,True,Gene
8401,3805,gene,0.0,True,Gene
8402,3809,gene,0.0,True,Gene
8403,381,gene,0.0,True,Gene
8404,3811,gene,0.0,True,Gene
8405,3812,gene,0.0,True,Gene
8406,3814,gene,0.0,True,Gene
8407,3815,gene,0.0,True,Gene
8408,3816,gene,0.0,True,Gene
8409,3817,gene,0.0,True,Gene
8410,3818,gene,0.0,True,Gene
8411,382,gene,0.0,True,Gene
8412,3820,gene,0.0,True,Gene
8413,3821,gene,0.0,True,Gene
8414,3822,gene,0.0,True,Gene
8415,3823,gene,0.0,True,Gene
8416,3824,gene,0.0,True,Gene
8417,3827,gene,0.0,True,Gene
8418,383,gene,0.0,True,Gene
8419,3831,gene,0.0,True,Gene
8420,3832,gene,0.0,True,Gene
8421,3833,gene,0.0,True,Gene
8422,3834,gene,0.0,True,Gene
8423,3835,gene,0.0,True,Gene
8424,3836,gene,0.0,True,Gene
8425,3837,gene,0.0,True,Gene
8426,3838,gene,0.0,True,Gene
8427,3839,gene,0.0,True,Gene
8428,384,gene,0.0,True,Gene
8429,3840,gene,0.0,True,Gene
8430,3841,gene,0.0,True,Gene
8431,3842,gene,0.0,True,Gene
8432,3843,gene,0.0,True,Gene
8433,3845,gene,0.0,True,Gene
8434,3846,gene,0.0,True,Gene
8435,3848,gene,0.0,True,Gene
8436,3849,gene,0.0,True,Gene
8437,3850,gene,0.0,True,Gene
8438,3851,gene,0.0,True,Gene
8439,3852,gene,0.0,True,Gene
8440,3853,gene,0.0,True,Gene
8441,3854,gene,0.0,True,Gene
8442,3855,gene,0.0,True,Gene
8443,3856,gene,0.0,True,Gene
8444,3857,gene,0.0,True,Gene
8445,3858,gene,0.0,True,Gene
8446,3859,gene,0.0,True,Gene
8447,3860,gene,0.0,True,Gene
8448,3861,gene,0.0,True,Gene
8449,3866,gene,0.0,True,Gene
8450,386617,gene,0.0,True,Gene
8451,386618,gene,0.0,True,Gene
8452,386653,gene,0.0,True,Gene
8453,386672,gene,0.0,True,Gene
8454,386674,gene,0.0,True,Gene
8455,386675,gene,0.0,True,Gene
8456,386676,gene,0.0,True,Gene
8457,386677,gene,0.0,True,Gene
8458,386678,gene,0.0,True,Gene
8459,386679,gene,0.0,True,Gene
8460,386680,gene,0.0,True,Gene
8461,386681,gene,0.0,True,Gene
8462,386682,gene,0.0,True,Gene
8463,386683,gene,0.0,True,Gene
8464,386684,gene,0.0,True,Gene
8465,386685,gene,0.0,True,Gene
8466,386746,gene,0.0,True,Gene
8467,3868,gene,0.0,True,Gene
8468,387,gene,0.0,True,Gene
8469,387032,gene,0.0,True,Gene
8470,387082,gene,0.0,True,Gene
8471,387103,gene,0.0,True,Gene
8472,387104,gene,0.0,True,Gene
8473,387119,gene,0.0,True,Gene
8474,387129,gene,0.0,True,Gene
8475,3872,gene,0.0,True,Gene
8476,387263,gene,0.0,True,Gene
8477,387264,gene,0.0,True,Gene
8478,387266,gene,0.0,True,Gene
8479,387267,gene,0.0,True,Gene
8480,387273,gene,0.0,True,Gene
8481,387332,gene,0.0,True,Gene
8482,387338,gene,0.0,True,Gene
8483,387357,gene,0.0,True,Gene
8484,387496,gene,0.0,True,Gene
8485,3875,gene,0.0,True,Gene
8486,387509,gene,0.0,True,Gene
8487,387521,gene,0.0,True,Gene
8488,387522,gene,0.0,True,Gene
8489,387597,gene,0.0,True,Gene
8490,387601,gene,0.0,True,Gene
8491,387640,gene,0.0,True,Gene
8492,387680,gene,0.0,True,Gene
8493,387694,gene,0.0,True,Gene
8494,387695,gene,0.0,True,Gene
8495,387700,gene,0.0,True,Gene
8496,387707,gene,0.0,True,Gene
8497,387712,gene,0.0,True,Gene
8498,387715,gene,0.0,True,Gene
8499,387718,gene,0.0,True,Gene
8500,387723,gene,0.0,True,Gene
8501,387733,gene,0.0,True,Gene
8502,387755,gene,0.0,True,Gene
8503,387758,gene,0.0,True,Gene
8504,387763,gene,0.0,True,Gene
8505,387775,gene,0.0,True,Gene
8506,387778,gene,0.0,True,Gene
8507,387787,gene,0.0,True,Gene
8508,387804,gene,0.0,True,Gene
8509,387836,gene,0.0,True,Gene
8510,387837,gene,0.0,True,Gene
8511,387849,gene,0.0,True,Gene
8512,387856,gene,0.0,True,Gene
8513,387882,gene,0.0,True,Gene
8514,387885,gene,0.0,True,Gene
8515,387890,gene,0.0,True,Gene
8516,387893,gene,0.0,True,Gene
8517,387911,gene,0.0,True,Gene
8518,387914,gene,0.0,True,Gene
8519,387921,gene,0.0,True,Gene
8520,387923,gene,0.0,True,Gene
8521,387990,gene,0.0,True,Gene
8522,388,gene,0.0,True,Gene
8523,3880,gene,0.0,True,Gene
8524,388015,gene,0.0,True,Gene
8525,388021,gene,0.0,True,Gene
8526,3881,gene,0.0,True,Gene
8527,388112,gene,0.0,True,Gene
8528,388115,gene,0.0,True,Gene
8529,388121,gene,0.0,True,Gene
8530,388125,gene,0.0,True,Gene
8531,388135,gene,0.0,True,Gene
8532,3882,gene,0.0,True,Gene
8533,388228,gene,0.0,True,Gene
8534,388272,gene,0.0,True,Gene
8535,388284,gene,0.0,True,Gene
8536,388323,gene,0.0,True,Gene
8537,388324,gene,0.0,True,Gene
8538,388325,gene,0.0,True,Gene
8539,388327,gene,0.0,True,Gene
8540,388333,gene,0.0,True,Gene
8541,388335,gene,0.0,True,Gene
8542,388336,gene,0.0,True,Gene
8543,388341,gene,0.0,True,Gene
8544,388364,gene,0.0,True,Gene
8545,388381,gene,0.0,True,Gene
8546,388389,gene,0.0,True,Gene
8547,388394,gene,0.0,True,Gene
8548,3884,gene,0.0,True,Gene
8549,388403,gene,0.0,True,Gene
8550,388419,gene,0.0,True,Gene
8551,388428,gene,0.0,True,Gene
8552,3885,gene,0.0,True,Gene
8553,388512,gene,0.0,True,Gene
8554,388523,gene,0.0,True,Gene
8555,388524,gene,0.0,True,Gene
8556,388531,gene,0.0,True,Gene
8557,388533,gene,0.0,True,Gene
8558,388536,gene,0.0,True,Gene
8559,388551,gene,0.0,True,Gene
8560,388552,gene,0.0,True,Gene
8561,388553,gene,0.0,True,Gene
8562,388555,gene,0.0,True,Gene
8563,388558,gene,0.0,True,Gene
8564,388559,gene,0.0,True,Gene
8565,388561,gene,0.0,True,Gene
8566,388564,gene,0.0,True,Gene
8567,388566,gene,0.0,True,Gene
8568,388567,gene,0.0,True,Gene
8569,388569,gene,0.0,True,Gene
8570,388581,gene,0.0,True,Gene
8571,388585,gene,0.0,True,Gene
8572,388588,gene,0.0,True,Gene
8573,388591,gene,0.0,True,Gene
8574,388595,gene,0.0,True,Gene
8575,3886,gene,0.0,True,Gene
8576,388610,gene,0.0,True,Gene
8577,388611,gene,0.0,True,Gene
8578,388630,gene,0.0,True,Gene
8579,388633,gene,0.0,True,Gene
8580,388646,gene,0.0,True,Gene
8581,388649,gene,0.0,True,Gene
8582,388650,gene,0.0,True,Gene
8583,388662,gene,0.0,True,Gene
8584,388677,gene,0.0,True,Gene
8585,388695,gene,0.0,True,Gene
8586,388697,gene,0.0,True,Gene
8587,388698,gene,0.0,True,Gene
8588,3887,gene,0.0,True,Gene
8589,388701,gene,0.0,True,Gene
8590,388722,gene,0.0,True,Gene
8591,388730,gene,0.0,True,Gene
8592,388743,gene,0.0,True,Gene
8593,388753,gene,0.0,True,Gene
8594,388789,gene,0.0,True,Gene
8595,388795,gene,0.0,True,Gene
8596,388799,gene,0.0,True,Gene
8597,388818,gene,0.0,True,Gene
8598,388820,gene,0.0,True,Gene
8599,388849,gene,0.0,True,Gene
8600,388886,gene,0.0,True,Gene
8601,3889,gene,0.0,True,Gene
8602,388931,gene,0.0,True,Gene
8603,388939,gene,0.0,True,Gene
8604,388946,gene,0.0,True,Gene
8605,388951,gene,0.0,True,Gene
8606,388962,gene,0.0,True,Gene
8607,388963,gene,0.0,True,Gene
8608,388969,gene,0.0,True,Gene
8609,389,gene,0.0,True,Gene
8610,3890,gene,0.0,True,Gene
8611,389015,gene,0.0,True,Gene
8612,389058,gene,0.0,True,Gene
8613,389072,gene,0.0,True,Gene
8614,389073,gene,0.0,True,Gene
8615,389075,gene,0.0,True,Gene
8616,389084,gene,0.0,True,Gene
8617,3891,gene,0.0,True,Gene
8618,389114,gene,0.0,True,Gene
8619,389118,gene,0.0,True,Gene
8620,389119,gene,0.0,True,Gene
8621,389123,gene,0.0,True,Gene
8622,389124,gene,0.0,True,Gene
8623,389125,gene,0.0,True,Gene
8624,389136,gene,0.0,True,Gene
8625,389151,gene,0.0,True,Gene
8626,389158,gene,0.0,True,Gene
8627,389161,gene,0.0,True,Gene
8628,389170,gene,0.0,True,Gene
8629,389177,gene,0.0,True,Gene
8630,389197,gene,0.0,True,Gene
8631,3892,gene,0.0,True,Gene
8632,389203,gene,0.0,True,Gene
8633,389206,gene,0.0,True,Gene
8634,389208,gene,0.0,True,Gene
8635,389257,gene,0.0,True,Gene
8636,389289,gene,0.0,True,Gene
8637,389320,gene,0.0,True,Gene
8638,389332,gene,0.0,True,Gene
8639,389333,gene,0.0,True,Gene
8640,389336,gene,0.0,True,Gene
8641,389337,gene,0.0,True,Gene
8642,389362,gene,0.0,True,Gene
8643,389376,gene,0.0,True,Gene
8644,389383,gene,0.0,True,Gene
8645,389384,gene,0.0,True,Gene
8646,389396,gene,0.0,True,Gene
8647,389421,gene,0.0,True,Gene
8648,389432,gene,0.0,True,Gene
8649,389434,gene,0.0,True,Gene
8650,389493,gene,0.0,True,Gene
8651,3895,gene,0.0,True,Gene
8652,389524,gene,0.0,True,Gene
8653,389541,gene,0.0,True,Gene
8654,389549,gene,0.0,True,Gene
8655,389558,gene,0.0,True,Gene
8656,389610,gene,0.0,True,Gene
8657,389611,gene,0.0,True,Gene
8658,389630,gene,0.0,True,Gene
8659,389643,gene,0.0,True,Gene
8660,389658,gene,0.0,True,Gene
8661,389668,gene,0.0,True,Gene
8662,389677,gene,0.0,True,Gene
8663,389690,gene,0.0,True,Gene
8664,389692,gene,0.0,True,Gene
8665,3897,gene,0.0,True,Gene
8666,389730,gene,0.0,True,Gene
8667,389761,gene,0.0,True,Gene
8668,389762,gene,0.0,True,Gene
8669,389763,gene,0.0,True,Gene
8670,389766,gene,0.0,True,Gene
8671,389792,gene,0.0,True,Gene
8672,389799,gene,0.0,True,Gene
8673,3898,gene,0.0,True,Gene
8674,389812,gene,0.0,True,Gene
8675,389813,gene,0.0,True,Gene
8676,389816,gene,0.0,True,Gene
8677,389827,gene,0.0,True,Gene
8678,389840,gene,0.0,True,Gene
8679,389852,gene,0.0,True,Gene
8680,389856,gene,0.0,True,Gene
8681,389857,gene,0.0,True,Gene
8682,389860,gene,0.0,True,Gene
8683,389874,gene,0.0,True,Gene
8684,389895,gene,0.0,True,Gene
8685,389898,gene,0.0,True,Gene
8686,3899,gene,0.0,True,Gene
8687,389903,gene,0.0,True,Gene
8688,389941,gene,0.0,True,Gene
8689,39,gene,0.0,True,Gene
8690,390,gene,0.0,True,Gene
8691,390010,gene,0.0,True,Gene
8692,390031,gene,0.0,True,Gene
8693,390033,gene,0.0,True,Gene
8694,390110,gene,0.0,True,Gene
8695,3902,gene,0.0,True,Gene
8696,390205,gene,0.0,True,Gene
8697,390212,gene,0.0,True,Gene
8698,390231,gene,0.0,True,Gene
8699,390243,gene,0.0,True,Gene
8700,390245,gene,0.0,True,Gene
8701,3903,gene,0.0,True,Gene
8702,3904,gene,0.0,True,Gene
8703,390443,gene,0.0,True,Gene
8704,390502,gene,0.0,True,Gene
8705,390594,gene,0.0,True,Gene
8706,390595,gene,0.0,True,Gene
8707,390598,gene,0.0,True,Gene
8708,3906,gene,0.0,True,Gene
8709,390616,gene,0.0,True,Gene
8710,390637,gene,0.0,True,Gene
8711,390664,gene,0.0,True,Gene
8712,390667,gene,0.0,True,Gene
8713,390748,gene,0.0,True,Gene
8714,390790,gene,0.0,True,Gene
8715,390792,gene,0.0,True,Gene
8716,3908,gene,0.0,True,Gene
8717,390874,gene,0.0,True,Gene
8718,3909,gene,0.0,True,Gene
8719,390916,gene,0.0,True,Gene
8720,390927,gene,0.0,True,Gene
8721,390928,gene,0.0,True,Gene
8722,390937,gene,0.0,True,Gene
8723,390940,gene,0.0,True,Gene
8724,390980,gene,0.0,True,Gene
8725,390992,gene,0.0,True,Gene
8726,390999,gene,0.0,True,Gene
8727,391,gene,0.0,True,Gene
8728,3910,gene,0.0,True,Gene
8729,391002,gene,0.0,True,Gene
8730,391003,gene,0.0,True,Gene
8731,391004,gene,0.0,True,Gene
8732,391013,gene,0.0,True,Gene
8733,391059,gene,0.0,True,Gene
8734,3911,gene,0.0,True,Gene
8735,391104,gene,0.0,True,Gene
8736,391123,gene,0.0,True,Gene
8737,3912,gene,0.0,True,Gene
8738,391253,gene,0.0,True,Gene
8739,3913,gene,0.0,True,Gene
8740,391356,gene,0.0,True,Gene
8741,3914,gene,0.0,True,Gene
8742,391475,gene,0.0,True,Gene
8743,3915,gene,0.0,True,Gene
8744,3916,gene,0.0,True,Gene
8745,391712,gene,0.0,True,Gene
8746,391714,gene,0.0,True,Gene
8747,391723,gene,0.0,True,Gene
8748,391742,gene,0.0,True,Gene
8749,391746,gene,0.0,True,Gene
8750,391747,gene,0.0,True,Gene
8751,3918,gene,0.0,True,Gene
8752,392,gene,0.0,True,Gene
8753,3920,gene,0.0,True,Gene
8754,3921,gene,0.0,True,Gene
8755,392188,gene,0.0,True,Gene
8756,392197,gene,0.0,True,Gene
8757,392255,gene,0.0,True,Gene
8758,392307,gene,0.0,True,Gene
8759,392399,gene,0.0,True,Gene
8760,392433,gene,0.0,True,Gene
8761,392465,gene,0.0,True,Gene
8762,3925,gene,0.0,True,Gene
8763,392509,gene,0.0,True,Gene
8764,392517,gene,0.0,True,Gene
8765,392617,gene,0.0,True,Gene
8766,392636,gene,0.0,True,Gene
8767,3927,gene,0.0,True,Gene
8768,392843,gene,0.0,True,Gene
8769,392862,gene,0.0,True,Gene
8770,3929,gene,0.0,True,Gene
8771,393,gene,0.0,True,Gene
8772,3930,gene,0.0,True,Gene
8773,3931,gene,0.0,True,Gene
8774,3932,gene,0.0,True,Gene
8775,3933,gene,0.0,True,Gene
8776,3934,gene,0.0,True,Gene
8777,3936,gene,0.0,True,Gene
8778,3937,gene,0.0,True,Gene
8779,3938,gene,0.0,True,Gene
8780,3939,gene,0.0,True,Gene
8781,394,gene,0.0,True,Gene
8782,394263,gene,0.0,True,Gene
8783,3945,gene,0.0,True,Gene
8784,3948,gene,0.0,True,Gene
8785,3949,gene,0.0,True,Gene
8786,395,gene,0.0,True,Gene
8787,3952,gene,0.0,True,Gene
8788,3953,gene,0.0,True,Gene
8789,3954,gene,0.0,True,Gene
8790,3955,gene,0.0,True,Gene
8791,3956,gene,0.0,True,Gene
8792,3957,gene,0.0,True,Gene
8793,3958,gene,0.0,True,Gene
8794,3959,gene,0.0,True,Gene
8795,396,gene,0.0,True,Gene
8796,3960,gene,0.0,True,Gene
8797,3963,gene,0.0,True,Gene
8798,3964,gene,0.0,True,Gene
8799,3965,gene,0.0,True,Gene
8800,397,gene,0.0,True,Gene
8801,3972,gene,0.0,True,Gene
8802,3973,gene,0.0,True,Gene
8803,3975,gene,0.0,True,Gene
8804,3976,gene,0.0,True,Gene
8805,3977,gene,0.0,True,Gene
8806,3978,gene,0.0,True,Gene
8807,398,gene,0.0,True,Gene
8808,3980,gene,0.0,True,Gene
8809,3981,gene,0.0,True,Gene
8810,3982,gene,0.0,True,Gene
8811,3983,gene,0.0,True,Gene
8812,3984,gene,0.0,True,Gene
8813,3985,gene,0.0,True,Gene
8814,3987,gene,0.0,True,Gene
8815,3988,gene,0.0,True,Gene
8816,399,gene,0.0,True,Gene
8817,3990,gene,0.0,True,Gene
8818,3991,gene,0.0,True,Gene
8819,3992,gene,0.0,True,Gene
8820,3993,gene,0.0,True,Gene
8821,399473,gene,0.0,True,Gene
8822,399474,gene,0.0,True,Gene
8823,3995,gene,0.0,True,Gene
8824,399512,gene,0.0,True,Gene
8825,3996,gene,0.0,True,Gene
8826,399664,gene,0.0,True,Gene
8827,399665,gene,0.0,True,Gene
8828,399668,gene,0.0,True,Gene
8829,399671,gene,0.0,True,Gene
8830,399687,gene,0.0,True,Gene
8831,399693,gene,0.0,True,Gene
8832,399694,gene,0.0,True,Gene
8833,3998,gene,0.0,True,Gene
8834,399814,gene,0.0,True,Gene
8835,399818,gene,0.0,True,Gene
8836,399823,gene,0.0,True,Gene
8837,399888,gene,0.0,True,Gene
8838,399909,gene,0.0,True,Gene
8839,399939,gene,0.0,True,Gene
8840,399947,gene,0.0,True,Gene
8841,399949,gene,0.0,True,Gene
8842,399967,gene,0.0,True,Gene
8843,399968,gene,0.0,True,Gene
8844,399979,gene,0.0,True,Gene
8845,40,gene,0.0,True,Gene
8846,400,gene,0.0,True,Gene
8847,4000,gene,0.0,True,Gene
8848,400073,gene,0.0,True,Gene
8849,4001,gene,0.0,True,Gene
8850,400120,gene,0.0,True,Gene
8851,400224,gene,0.0,True,Gene
8852,400258,gene,0.0,True,Gene
8853,4004,gene,0.0,True,Gene
8854,400451,gene,0.0,True,Gene
8855,400499,gene,0.0,True,Gene
8856,4005,gene,0.0,True,Gene
8857,400506,gene,0.0,True,Gene
8858,400566,gene,0.0,True,Gene
8859,400569,gene,0.0,True,Gene
8860,400581,gene,0.0,True,Gene
8861,400629,gene,0.0,True,Gene
8862,400668,gene,0.0,True,Gene
8863,400673,gene,0.0,True,Gene
8864,4007,gene,0.0,True,Gene
8865,400709,gene,0.0,True,Gene
8866,400713,gene,0.0,True,Gene
8867,400720,gene,0.0,True,Gene
8868,400735,gene,0.0,True,Gene
8869,400736,gene,0.0,True,Gene
8870,400745,gene,0.0,True,Gene
8871,400746,gene,0.0,True,Gene
8872,400757,gene,0.0,True,Gene
8873,400793,gene,0.0,True,Gene
8874,400797,gene,0.0,True,Gene
8875,4008,gene,0.0,True,Gene
8876,400818,gene,0.0,True,Gene
8877,400823,gene,0.0,True,Gene
8878,400830,gene,0.0,True,Gene
8879,400831,gene,0.0,True,Gene
8880,400891,gene,0.0,True,Gene
8881,4009,gene,0.0,True,Gene
8882,400916,gene,0.0,True,Gene
8883,400935,gene,0.0,True,Gene
8884,400954,gene,0.0,True,Gene
8885,400961,gene,0.0,True,Gene
8886,400966,gene,0.0,True,Gene
8887,400986,gene,0.0,True,Gene
8888,401,gene,0.0,True,Gene
8889,4010,gene,0.0,True,Gene
8890,401024,gene,0.0,True,Gene
8891,401027,gene,0.0,True,Gene
8892,401036,gene,0.0,True,Gene
8893,401067,gene,0.0,True,Gene
8894,401089,gene,0.0,True,Gene
8895,401097,gene,0.0,True,Gene
8896,401115,gene,0.0,True,Gene
8897,401124,gene,0.0,True,Gene
8898,401137,gene,0.0,True,Gene
8899,401138,gene,0.0,True,Gene
8900,401145,gene,0.0,True,Gene
8901,401152,gene,0.0,True,Gene
8902,401190,gene,0.0,True,Gene
8903,4012,gene,0.0,True,Gene
8904,401207,gene,0.0,True,Gene
8905,401236,gene,0.0,True,Gene
8906,401250,gene,0.0,True,Gene
8907,401251,gene,0.0,True,Gene
8908,401258,gene,0.0,True,Gene
8909,401262,gene,0.0,True,Gene
8910,401265,gene,0.0,True,Gene
8911,4013,gene,0.0,True,Gene
8912,401387,gene,0.0,True,Gene
8913,401397,gene,0.0,True,Gene
8914,401399,gene,0.0,True,Gene
8915,4014,gene,0.0,True,Gene
8916,401409,gene,0.0,True,Gene
8917,401466,gene,0.0,True,Gene
8918,401474,gene,0.0,True,Gene
8919,401494,gene,0.0,True,Gene
8920,401498,gene,0.0,True,Gene
8921,4015,gene,0.0,True,Gene
8922,401505,gene,0.0,True,Gene
8923,401541,gene,0.0,True,Gene
8924,401546,gene,0.0,True,Gene
8925,401548,gene,0.0,True,Gene
8926,401551,gene,0.0,True,Gene
8927,401562,gene,0.0,True,Gene
8928,401565,gene,0.0,True,Gene
8929,4016,gene,0.0,True,Gene
8930,401612,gene,0.0,True,Gene
8931,401613,gene,0.0,True,Gene
8932,401647,gene,0.0,True,Gene
8933,4017,gene,0.0,True,Gene
8934,401720,gene,0.0,True,Gene
8935,4018,gene,0.0,True,Gene
8936,401934,gene,0.0,True,Gene
8937,401944,gene,0.0,True,Gene
8938,402,gene,0.0,True,Gene
8939,402055,gene,0.0,True,Gene
8940,402117,gene,0.0,True,Gene
8941,402160,gene,0.0,True,Gene
8942,4023,gene,0.0,True,Gene
8943,402381,gene,0.0,True,Gene
8944,402415,gene,0.0,True,Gene
8945,4025,gene,0.0,True,Gene
8946,402569,gene,0.0,True,Gene
8947,402573,gene,0.0,True,Gene
8948,4026,gene,0.0,True,Gene
8949,402635,gene,0.0,True,Gene
8950,402665,gene,0.0,True,Gene
8951,402682,gene,0.0,True,Gene
8952,402778,gene,0.0,True,Gene
8953,403,gene,0.0,True,Gene
8954,4033,gene,1.181164,True,Gene
8955,403313,gene,0.0,True,Gene
8956,403314,gene,0.0,True,Gene
8957,403341,gene,0.0,True,Gene
8958,4034,gene,0.0,True,Gene
8959,4035,gene,0.0,True,Gene
8960,4036,gene,0.0,True,Gene
8961,4037,gene,0.0,True,Gene
8962,4038,gene,0.0,True,Gene
8963,4040,gene,0.0,True,Gene
8964,404037,gene,0.0,True,Gene
8965,404093,gene,0.0,True,Gene
8966,4041,gene,0.0,True,Gene
8967,404203,gene,0.0,True,Gene
8968,404217,gene,0.0,True,Gene
8969,404281,gene,0.0,True,Gene
8970,4043,gene,0.0,True,Gene
8971,4045,gene,0.0,True,Gene
8972,404550,gene,0.0,True,Gene
8973,404552,gene,0.0,True,Gene
8974,4046,gene,0.0,True,Gene
8975,404636,gene,0.0,True,Gene
8976,404672,gene,0.0,True,Gene
8977,4047,gene,0.0,True,Gene
8978,404734,gene,0.0,True,Gene
8979,404785,gene,0.0,True,Gene
8980,4048,gene,0.0,True,Gene
8981,4049,gene,0.0,True,Gene
8982,405,gene,0.0,True,Gene
8983,4050,gene,0.0,True,Gene
8984,4051,gene,0.0,True,Gene
8985,4052,gene,0.0,True,Gene
8986,4053,gene,0.0,True,Gene
8987,4054,gene,0.0,True,Gene
8988,4055,gene,0.0,True,Gene
8989,4056,gene,0.0,True,Gene
8990,4057,gene,0.0,True,Gene
8991,405753,gene,0.0,True,Gene
8992,405754,gene,0.0,True,Gene
8993,4058,gene,0.0,True,Gene
8994,4059,gene,0.0,True,Gene
8995,406,gene,0.0,True,Gene
8996,4060,gene,0.0,True,Gene
8997,4061,gene,0.0,True,Gene
8998,4062,gene,0.0,True,Gene
8999,4063,gene,0.0,True,Gene
9000,4064,gene,0.0,True,Gene
9001,4065,gene,0.0,True,Gene
9002,4066,gene,0.0,True,Gene
9003,4067,gene,0.0,True,Gene
9004,4068,gene,0.0,True,Gene
9005,4069,gene,0.0,True,Gene
9006,407,gene,0.0,True,Gene
9007,4070,gene,0.0,True,Gene
9008,4071,gene,0.0,True,Gene
9009,4072,gene,0.0,True,Gene
9010,4074,gene,0.0,True,Gene
9011,4076,gene,0.0,True,Gene
9012,4077,gene,0.0,True,Gene
9013,407738,gene,0.0,True,Gene
9014,407977,gene,0.0,True,Gene
9015,408,gene,0.0,True,Gene
9016,408050,gene,0.0,True,Gene
9017,4081,gene,0.0,True,Gene
9018,408187,gene,0.0,True,Gene
9019,4082,gene,0.0,True,Gene
9020,408263,gene,0.0,True,Gene
9021,4084,gene,0.0,True,Gene
9022,4085,gene,0.0,True,Gene
9023,4086,gene,0.0,True,Gene
9024,4087,gene,0.0,True,Gene
9025,4088,gene,0.0,True,Gene
9026,4089,gene,0.0,True,Gene
9027,409,gene,0.0,True,Gene
9028,4090,gene,0.0,True,Gene
9029,4091,gene,0.0,True,Gene
9030,4092,gene,0.0,True,Gene
9031,4093,gene,0.0,True,Gene
9032,4094,gene,0.0,True,Gene
9033,4097,gene,0.0,True,Gene
9034,4099,gene,0.0,True,Gene
9035,41,gene,0.0,True,Gene
9036,410,gene,0.0,True,Gene
9037,4100,gene,0.0,True,Gene
9038,4102,gene,0.0,True,Gene
9039,4103,gene,0.0,True,Gene
9040,4105,gene,0.0,True,Gene
9041,4107,gene,0.0,True,Gene
9042,4109,gene,0.0,True,Gene
9043,411,gene,0.0,True,Gene
9044,4110,gene,0.0,True,Gene
9045,4111,gene,0.0,True,Gene
9046,4112,gene,0.0,True,Gene
9047,4113,gene,0.0,True,Gene
9048,4114,gene,0.0,True,Gene
9049,4115,gene,0.0,True,Gene
9050,4116,gene,0.0,True,Gene
9051,4117,gene,0.0,True,Gene
9052,4118,gene,0.0,True,Gene
9053,412,gene,5.7375693,True,Gene
9054,4121,gene,0.0,True,Gene
9055,4122,gene,0.0,True,Gene
9056,4123,gene,0.0,True,Gene
9057,4124,gene,0.0,True,Gene
9058,4125,gene,0.0,True,Gene
9059,4126,gene,0.0,True,Gene
9060,4128,gene,0.0,True,Gene
9061,4129,gene,0.0,True,Gene
9062,4130,gene,0.0,True,Gene
9063,4131,gene,0.0,True,Gene
9064,4133,gene,0.0,True,Gene
9065,4134,gene,0.0,True,Gene
9066,4135,gene,0.0,True,Gene
9067,4137,gene,0.0,True,Gene
9068,4139,gene,0.0,True,Gene
9069,414,gene,0.0,True,Gene
9070,4140,gene,0.0,True,Gene
9071,414059,gene,0.0,True,Gene
9072,414060,gene,0.0,True,Gene
9073,414062,gene,0.0,True,Gene
9074,4141,gene,0.0,True,Gene
9075,414149,gene,0.0,True,Gene
9076,414152,gene,0.0,True,Gene
9077,414157,gene,0.0,True,Gene
9078,414189,gene,0.0,True,Gene
9079,4142,gene,0.0,True,Gene
9080,4143,gene,0.0,True,Gene
9081,414325,gene,0.0,True,Gene
9082,414328,gene,0.0,True,Gene
9083,414332,gene,0.0,True,Gene
9084,4144,gene,0.0,True,Gene
9085,4145,gene,0.0,True,Gene
9086,4146,gene,0.0,True,Gene
9087,4147,gene,0.0,True,Gene
9088,4148,gene,0.0,True,Gene
9089,414899,gene,0.0,True,Gene
9090,4149,gene,0.0,True,Gene
9091,414918,gene,0.0,True,Gene
9092,414919,gene,0.0,True,Gene
9093,415,gene,0.0,True,Gene
9094,4150,gene,0.0,True,Gene
9095,4151,gene,0.0,True,Gene
9096,415116,gene,0.0,True,Gene
9097,415117,gene,0.0,True,Gene
9098,4152,gene,0.0,True,Gene
9099,4153,gene,0.0,True,Gene
9100,4154,gene,0.0,True,Gene
9101,4155,gene,0.0,True,Gene
9102,4157,gene,0.0,True,Gene
9103,4158,gene,0.0,True,Gene
9104,4159,gene,0.0,True,Gene
9105,416,gene,0.0,True,Gene
9106,4160,gene,0.0,True,Gene
9107,4161,gene,0.0,True,Gene
9108,4162,gene,0.0,True,Gene
9109,4163,gene,0.0,True,Gene
9110,4166,gene,0.0,True,Gene
9111,4168,gene,0.0,True,Gene
9112,417,gene,0.0,True,Gene
9113,4170,gene,0.0,True,Gene
9114,4171,gene,0.0,True,Gene
9115,4172,gene,0.0,True,Gene
9116,4173,gene,0.0,True,Gene
9117,4174,gene,0.0,True,Gene
9118,4175,gene,0.0,True,Gene
9119,4176,gene,0.0,True,Gene
9120,4179,gene,0.0,True,Gene
9121,4184,gene,0.0,True,Gene
9122,4185,gene,0.0,True,Gene
9123,4188,gene,0.0,True,Gene
9124,4189,gene,0.0,True,Gene
9125,419,gene,0.0,True,Gene
9126,4190,gene,0.0,True,Gene
9127,4191,gene,0.0,True,Gene
9128,4192,gene,0.0,True,Gene
9129,4193,gene,0.0,True,Gene
9130,4194,gene,0.0,True,Gene
9131,4199,gene,0.0,True,Gene
9132,420,gene,0.0,True,Gene
9133,4200,gene,0.0,True,Gene
9134,4201,gene,0.0,True,Gene
9135,4204,gene,0.0,True,Gene
9136,4205,gene,0.0,True,Gene
9137,4207,gene,0.0,True,Gene
9138,4208,gene,0.0,True,Gene
9139,4209,gene,0.0,True,Gene
9140,421,gene,0.0,True,Gene
9141,4210,gene,0.0,True,Gene
9142,4211,gene,0.0,True,Gene
9143,4212,gene,0.0,True,Gene
9144,4214,gene,0.0,True,Gene
9145,4215,gene,0.0,True,Gene
9146,4216,gene,0.0,True,Gene
9147,4217,gene,0.0,True,Gene
9148,4218,gene,0.0,True,Gene
9149,4221,gene,0.0,True,Gene
9150,4222,gene,0.0,True,Gene
9151,4223,gene,0.0,True,Gene
9152,4224,gene,0.0,True,Gene
9153,4225,gene,0.0,True,Gene
9154,4232,gene,0.0,True,Gene
9155,4233,gene,0.0,True,Gene
9156,4234,gene,0.0,True,Gene
9157,4236,gene,0.0,True,Gene
9158,4237,gene,0.0,True,Gene
9159,4238,gene,0.0,True,Gene
9160,4239,gene,0.0,True,Gene
9161,4240,gene,0.0,True,Gene
9162,4241,gene,0.0,True,Gene
9163,4242,gene,0.0,True,Gene
9164,4245,gene,0.0,True,Gene
9165,4246,gene,0.0,True,Gene
9166,4247,gene,0.0,True,Gene
9167,4248,gene,0.0,True,Gene
9168,4249,gene,0.0,True,Gene
9169,425054,gene,0.0,True,Gene
9170,4253,gene,0.0,True,Gene
9171,4254,gene,0.0,True,Gene
9172,4255,gene,0.0,True,Gene
9173,4256,gene,0.0,True,Gene
9174,4257,gene,0.0,True,Gene
9175,4258,gene,0.0,True,Gene
9176,4259,gene,0.0,True,Gene
9177,4261,gene,0.0,True,Gene
9178,4267,gene,0.0,True,Gene
9179,427,gene,0.0,True,Gene
9180,4277,gene,0.0,True,Gene
9181,4281,gene,0.0,True,Gene
9182,4282,gene,0.0,True,Gene
9183,4283,gene,0.0,True,Gene
9184,4284,gene,0.0,True,Gene
9185,4285,gene,0.0,True,Gene
9186,4286,gene,0.0,True,Gene
9187,4287,gene,0.0,True,Gene
9188,4288,gene,0.0,True,Gene
9189,4289,gene,0.0,True,Gene
9190,429,gene,0.0,True,Gene
9191,4291,gene,0.0,True,Gene
9192,4292,gene,0.0,True,Gene
9193,4293,gene,0.0,True,Gene
9194,4294,gene,0.0,True,Gene
9195,4295,gene,0.0,True,Gene
9196,4296,gene,0.0,True,Gene
9197,4297,gene,0.0,True,Gene
9198,4298,gene,0.0,True,Gene
9199,4299,gene,0.0,True,Gene
9200,43,gene,0.0,True,Gene
9201,430,gene,0.0,True,Gene
9202,4300,gene,0.0,True,Gene
9203,4301,gene,0.0,True,Gene
9204,4302,gene,0.0,True,Gene
9205,4303,gene,0.0,True,Gene
9206,4306,gene,0.0,True,Gene
9207,4308,gene,0.0,True,Gene
9208,4311,gene,0.0,True,Gene
9209,4312,gene,0.0,True,Gene
9210,4313,gene,0.0,True,Gene
9211,4314,gene,0.0,True,Gene
9212,4316,gene,0.0,True,Gene
9213,4317,gene,0.0,True,Gene
9214,431705,gene,0.0,True,Gene
9215,431707,gene,0.0,True,Gene
9216,4318,gene,0.0,True,Gene
9217,4319,gene,0.0,True,Gene
9218,432,gene,0.0,True,Gene
9219,4320,gene,0.0,True,Gene
9220,4321,gene,0.0,True,Gene
9221,4322,gene,0.0,True,Gene
9222,4323,gene,0.0,True,Gene
9223,432355,gene,0.0,True,Gene
9224,4324,gene,0.0,True,Gene
9225,4325,gene,0.0,True,Gene
9226,4326,gene,0.0,True,Gene
9227,4327,gene,0.0,True,Gene
9228,4329,gene,0.0,True,Gene
9229,433,gene,0.0,True,Gene
9230,4330,gene,0.0,True,Gene
9231,4331,gene,0.0,True,Gene
9232,4332,gene,0.0,True,Gene
9233,4335,gene,0.0,True,Gene
9234,4336,gene,0.0,True,Gene
9235,4337,gene,0.0,True,Gene
9236,4338,gene,0.0,True,Gene
9237,434,gene,0.0,True,Gene
9238,4340,gene,0.0,True,Gene
9239,4342,gene,0.0,True,Gene
9240,4343,gene,0.0,True,Gene
9241,4345,gene,0.0,True,Gene
9242,435,gene,0.0,True,Gene
9243,4350,gene,0.0,True,Gene
9244,4351,gene,0.0,True,Gene
9245,4352,gene,0.0,True,Gene
9246,4353,gene,0.0,True,Gene
9247,4354,gene,0.0,True,Gene
9248,4355,gene,0.0,True,Gene
9249,4356,gene,0.0,True,Gene
9250,4357,gene,0.0,True,Gene
9251,4358,gene,0.0,True,Gene
9252,4359,gene,0.0,True,Gene
9253,4360,gene,0.0,True,Gene
9254,4361,gene,0.0,True,Gene
9255,4363,gene,0.0,True,Gene
9256,438,gene,0.0,True,Gene
9257,43847,gene,0.0,True,Gene
9258,43849,gene,0.0,True,Gene
9259,439,gene,0.0,True,Gene
9260,439921,gene,0.0,True,Gene
9261,439996,gene,0.0,True,Gene
9262,440,gene,0.0,True,Gene
9263,440023,gene,0.0,True,Gene
9264,440026,gene,0.0,True,Gene
9265,440050,gene,0.0,True,Gene
9266,440051,gene,0.0,True,Gene
9267,440073,gene,0.0,True,Gene
9268,440077,gene,0.0,True,Gene
9269,440087,gene,0.0,True,Gene
9270,440093,gene,0.0,True,Gene
9271,440097,gene,0.0,True,Gene
9272,440107,gene,0.0,True,Gene
9273,440138,gene,0.0,True,Gene
9274,440145,gene,0.0,True,Gene
9275,440163,gene,0.0,True,Gene
9276,440184,gene,0.0,True,Gene
9277,440193,gene,0.0,True,Gene
9278,440270,gene,0.0,True,Gene
9279,440275,gene,0.0,True,Gene
9280,440279,gene,0.0,True,Gene
9281,440295,gene,0.0,True,Gene
9282,440307,gene,0.0,True,Gene
9283,440335,gene,0.0,True,Gene
9284,440345,gene,0.0,True,Gene
9285,440348,gene,0.0,True,Gene
9286,440350,gene,0.0,True,Gene
9287,440353,gene,0.0,True,Gene
9288,440387,gene,0.0,True,Gene
9289,440400,gene,0.0,True,Gene
9290,440435,gene,0.0,True,Gene
9291,440498,gene,0.0,True,Gene
9292,440503,gene,0.0,True,Gene
9293,440515,gene,0.0,True,Gene
9294,440519,gene,0.0,True,Gene
9295,440560,gene,0.0,True,Gene
9296,440561,gene,0.0,True,Gene
9297,440563,gene,0.0,True,Gene
9298,440567,gene,0.0,True,Gene
9299,440574,gene,0.0,True,Gene
9300,440585,gene,0.0,True,Gene
9301,440590,gene,0.0,True,Gene
9302,440603,gene,0.0,True,Gene
9303,440672,gene,0.0,True,Gene
9304,440686,gene,0.0,True,Gene
9305,440689,gene,0.0,True,Gene
9306,440695,gene,0.0,True,Gene
9307,440699,gene,0.0,True,Gene
9308,440712,gene,0.0,True,Gene
9309,440730,gene,0.0,True,Gene
9310,440738,gene,0.0,True,Gene
9311,440804,gene,0.0,True,Gene
9312,440822,gene,0.0,True,Gene
9313,440829,gene,0.0,True,Gene
9314,440836,gene,0.0,True,Gene
9315,440854,gene,0.0,True,Gene
9316,440955,gene,0.0,True,Gene
9317,440956,gene,0.0,True,Gene
9318,440957,gene,0.0,True,Gene
9319,441024,gene,0.0,True,Gene
9320,441027,gene,0.0,True,Gene
9321,441054,gene,0.0,True,Gene
9322,441061,gene,0.0,True,Gene
9323,441150,gene,0.0,True,Gene
9324,441151,gene,0.0,True,Gene
9325,441155,gene,0.0,True,Gene
9326,441161,gene,0.0,True,Gene
9327,441168,gene,0.0,True,Gene
9328,441234,gene,0.0,True,Gene
9329,441250,gene,0.0,True,Gene
9330,441272,gene,0.0,True,Gene
9331,441273,gene,0.0,True,Gene
9332,441282,gene,0.0,True,Gene
9333,441294,gene,0.0,True,Gene
9334,441314,gene,0.0,True,Gene
9335,441315,gene,0.0,True,Gene
9336,441317,gene,0.0,True,Gene
9337,441323,gene,0.0,True,Gene
9338,441324,gene,0.0,True,Gene
9339,441326,gene,0.0,True,Gene
9340,441327,gene,0.0,True,Gene
9341,441328,gene,0.0,True,Gene
9342,441331,gene,0.0,True,Gene
9343,441332,gene,0.0,True,Gene
9344,441376,gene,0.0,True,Gene
9345,441381,gene,0.0,True,Gene
9346,441452,gene,0.0,True,Gene
9347,441457,gene,0.0,True,Gene
9348,441459,gene,0.0,True,Gene
9349,441476,gene,0.0,True,Gene
9350,441478,gene,0.0,True,Gene
9351,441495,gene,0.0,True,Gene
9352,441518,gene,0.0,True,Gene
9353,441519,gene,0.0,True,Gene
9354,441521,gene,0.0,True,Gene
9355,441525,gene,0.0,True,Gene
9356,441531,gene,0.0,True,Gene
9357,441549,gene,0.0,True,Gene
9358,441581,gene,0.0,True,Gene
9359,441584,gene,0.0,True,Gene
9360,441631,gene,0.0,True,Gene
9361,441864,gene,0.0,True,Gene
9362,441869,gene,0.0,True,Gene
9363,441871,gene,0.0,True,Gene
9364,441873,gene,0.0,True,Gene
9365,441925,gene,0.0,True,Gene
9366,442038,gene,0.0,True,Gene
9367,442117,gene,0.0,True,Gene
9368,442213,gene,0.0,True,Gene
9369,442247,gene,0.0,True,Gene
9370,442319,gene,0.0,True,Gene
9371,442425,gene,0.0,True,Gene
9372,442444,gene,0.0,True,Gene
9373,442572,gene,0.0,True,Gene
9374,442590,gene,0.0,True,Gene
9375,442721,gene,0.0,True,Gene
9376,442867,gene,0.0,True,Gene
9377,442868,gene,0.0,True,Gene
9378,443,gene,0.0,True,Gene
9379,4430,gene,0.0,True,Gene
9380,4435,gene,0.0,True,Gene
9381,4436,gene,0.0,True,Gene
9382,4437,gene,0.0,True,Gene
9383,4438,gene,0.0,True,Gene
9384,4439,gene,0.0,True,Gene
9385,444,gene,0.0,True,Gene
9386,4440,gene,0.0,True,Gene
9387,444882,gene,0.0,True,Gene
9388,445,gene,0.0,True,Gene
9389,445328,gene,0.0,True,Gene
9390,445329,gene,0.0,True,Gene
9391,445347,gene,0.0,True,Gene
9392,445372,gene,0.0,True,Gene
9393,445571,gene,0.0,True,Gene
9394,445582,gene,0.0,True,Gene
9395,445815,gene,0.0,True,Gene
9396,4477,gene,0.0,True,Gene
9397,4478,gene,0.0,True,Gene
9398,4481,gene,0.0,True,Gene
9399,4482,gene,0.0,True,Gene
9400,4485,gene,0.0,True,Gene
9401,4486,gene,0.0,True,Gene
9402,4487,gene,0.0,True,Gene
9403,4488,gene,0.0,True,Gene
9404,448835,gene,0.0,True,Gene
9405,4489,gene,0.0,True,Gene
9406,4493,gene,0.0,True,Gene
9407,4494,gene,0.0,True,Gene
9408,4495,gene,0.0,True,Gene
9409,4496,gene,0.0,True,Gene
9410,4499,gene,0.0,True,Gene
9411,4501,gene,0.0,True,Gene
9412,4502,gene,0.0,True,Gene
9413,4504,gene,0.0,True,Gene
9414,4507,gene,0.0,True,Gene
9415,4515,gene,0.0,True,Gene
9416,4520,gene,0.0,True,Gene
9417,4521,gene,0.0,True,Gene
9418,4522,gene,0.0,True,Gene
9419,4524,gene,0.0,True,Gene
9420,4528,gene,0.0,True,Gene
9421,4534,gene,0.0,True,Gene
9422,4542,gene,0.0,True,Gene
9423,4543,gene,0.0,True,Gene
9424,4544,gene,0.0,True,Gene
9425,4547,gene,0.0,True,Gene
9426,4548,gene,0.0,True,Gene
9427,4552,gene,0.0,True,Gene
9428,4580,gene,0.0,True,Gene
9429,4582,gene,0.0,True,Gene
9430,4583,gene,0.0,True,Gene
9431,4584,gene,0.0,True,Gene
9432,4585,gene,0.0,True,Gene
9433,4586,gene,0.0,True,Gene
9434,4588,gene,0.0,True,Gene
9435,4591,gene,0.0,True,Gene
9436,4593,gene,0.0,True,Gene
9437,4594,gene,0.0,True,Gene
9438,4595,gene,0.0,True,Gene
9439,4597,gene,0.0,True,Gene
9440,4598,gene,0.0,True,Gene
9441,4599,gene,0.0,True,Gene
9442,460,gene,0.0,True,Gene
9443,4600,gene,0.0,True,Gene
9444,4601,gene,0.0,True,Gene
9445,4602,gene,0.0,True,Gene
9446,4603,gene,0.0,True,Gene
9447,4604,gene,0.0,True,Gene
9448,4605,gene,0.0,True,Gene
9449,4606,gene,0.0,True,Gene
9450,4607,gene,0.0,True,Gene
9451,4608,gene,0.0,True,Gene
9452,4609,gene,0.0,True,Gene
9453,4610,gene,0.0,True,Gene
9454,4613,gene,0.0,True,Gene
9455,4615,gene,0.0,True,Gene
9456,4616,gene,0.0,True,Gene
9457,4617,gene,0.0,True,Gene
9458,4618,gene,0.0,True,Gene
9459,4619,gene,0.0,True,Gene
9460,462,gene,0.0,True,Gene
9461,4620,gene,0.0,True,Gene
9462,4621,gene,0.0,True,Gene
9463,4622,gene,0.0,True,Gene
9464,4624,gene,0.0,True,Gene
9465,4625,gene,0.0,True,Gene
9466,4626,gene,0.0,True,Gene
9467,4627,gene,0.0,True,Gene
9468,4628,gene,0.0,True,Gene
9469,4629,gene,0.0,True,Gene
9470,463,gene,0.0,True,Gene
9471,4632,gene,0.0,True,Gene
9472,4633,gene,0.0,True,Gene
9473,4634,gene,0.0,True,Gene
9474,4635,gene,0.0,True,Gene
9475,4636,gene,0.0,True,Gene
9476,4637,gene,0.0,True,Gene
9477,4638,gene,0.0,True,Gene
9478,4640,gene,0.0,True,Gene
9479,4641,gene,0.0,True,Gene
9480,4642,gene,0.0,True,Gene
9481,4643,gene,0.0,True,Gene
9482,4644,gene,0.0,True,Gene
9483,4645,gene,0.0,True,Gene
9484,4646,gene,0.0,True,Gene
9485,4647,gene,0.0,True,Gene
9486,4648,gene,0.0,True,Gene
9487,4649,gene,0.0,True,Gene
9488,4650,gene,0.0,True,Gene
9489,4651,gene,0.0,True,Gene
9490,4653,gene,0.0,True,Gene
9491,4656,gene,0.0,True,Gene
9492,4659,gene,0.0,True,Gene
9493,466,gene,0.0,True,Gene
9494,4660,gene,0.0,True,Gene
9495,4661,gene,0.0,True,Gene
9496,4664,gene,0.0,True,Gene
9497,4665,gene,0.0,True,Gene
9498,4666,gene,0.0,True,Gene
9499,4668,gene,0.0,True,Gene
9500,4669,gene,0.0,True,Gene
9501,467,gene,0.0,True,Gene
9502,4670,gene,0.0,True,Gene
9503,4671,gene,0.0,True,Gene
9504,4673,gene,0.0,True,Gene
9505,4674,gene,0.0,True,Gene
9506,4675,gene,0.0,True,Gene
9507,4676,gene,0.0,True,Gene
9508,4677,gene,0.0,True,Gene
9509,4678,gene,0.0,True,Gene
9510,468,gene,0.0,True,Gene
9511,4680,gene,0.0,True,Gene
9512,4681,gene,0.0,True,Gene
9513,4682,gene,0.0,True,Gene
9514,4683,gene,0.0,True,Gene
9515,4684,gene,0.0,True,Gene
9516,4685,gene,0.0,True,Gene
9517,4686,gene,0.0,True,Gene
9518,4688,gene,0.0,True,Gene
9519,4689,gene,0.0,True,Gene
9520,4690,gene,0.0,True,Gene
9521,4691,gene,0.0,True,Gene
9522,4692,gene,0.0,True,Gene
9523,4693,gene,0.0,True,Gene
9524,4694,gene,0.0,True,Gene
9525,4695,gene,0.0,True,Gene
9526,4696,gene,0.0,True,Gene
9527,4697,gene,0.0,True,Gene
9528,4698,gene,0.0,True,Gene
9529,47,gene,0.0,True,Gene
9530,4700,gene,0.0,True,Gene
9531,4701,gene,0.0,True,Gene
9532,4702,gene,0.0,True,Gene
9533,4703,gene,0.0,True,Gene
9534,4704,gene,0.0,True,Gene
9535,4705,gene,0.0,True,Gene
9536,4706,gene,0.0,True,Gene
9537,4707,gene,0.0,True,Gene
9538,4708,gene,0.0,True,Gene
9539,4709,gene,0.0,True,Gene
9540,471,gene,0.0,True,Gene
9541,4710,gene,0.0,True,Gene
9542,4711,gene,0.0,True,Gene
9543,4712,gene,0.0,True,Gene
9544,4713,gene,0.0,True,Gene
9545,4714,gene,0.0,True,Gene
9546,4715,gene,0.0,True,Gene
9547,4716,gene,0.0,True,Gene
9548,4717,gene,0.0,True,Gene
9549,4718,gene,0.0,True,Gene
9550,4719,gene,0.0,True,Gene
9551,472,gene,0.0,True,Gene
9552,4720,gene,0.0,True,Gene
9553,4722,gene,0.0,True,Gene
9554,4723,gene,0.0,True,Gene
9555,4724,gene,0.0,True,Gene
9556,4725,gene,0.0,True,Gene
9557,4726,gene,0.0,True,Gene
9558,4728,gene,0.0,True,Gene
9559,4729,gene,0.0,True,Gene
9560,473,gene,0.847994,True,Gene
9561,4731,gene,0.0,True,Gene
9562,4733,gene,0.0,True,Gene
9563,4734,gene,0.0,True,Gene
9564,4735,gene,0.0,True,Gene
9565,4736,gene,0.0,True,Gene
9566,4738,gene,0.0,True,Gene
9567,4739,gene,0.0,True,Gene
9568,474,gene,0.0,True,Gene
9569,4741,gene,0.0,True,Gene
9570,474170,gene,0.0,True,Gene
9571,474343,gene,0.0,True,Gene
9572,474344,gene,0.0,True,Gene
9573,474354,gene,0.0,True,Gene
9574,474381,gene,0.0,True,Gene
9575,474383,gene,0.0,True,Gene
9576,474384,gene,0.0,True,Gene
9577,4744,gene,0.0,True,Gene
9578,4745,gene,0.0,True,Gene
9579,4747,gene,0.0,True,Gene
9580,475,gene,0.0,True,Gene
9581,4750,gene,0.0,True,Gene
9582,4751,gene,0.0,True,Gene
9583,4752,gene,0.0,True,Gene
9584,4753,gene,0.0,True,Gene
9585,4756,gene,0.0,True,Gene
9586,4758,gene,0.0,True,Gene
9587,4759,gene,0.0,True,Gene
9588,476,gene,0.0,True,Gene
9589,4760,gene,0.0,True,Gene
9590,4761,gene,0.0,True,Gene
9591,4762,gene,0.0,True,Gene
9592,4763,gene,0.0,True,Gene
9593,477,gene,0.0,True,Gene
9594,4771,gene,0.0,True,Gene
9595,4772,gene,0.0,True,Gene
9596,4773,gene,0.0,True,Gene
9597,4774,gene,0.0,True,Gene
9598,4775,gene,0.0,True,Gene
9599,4776,gene,0.0,True,Gene
9600,4778,gene,0.0,True,Gene
9601,4779,gene,0.0,True,Gene
9602,478,gene,0.0,True,Gene
9603,4780,gene,0.0,True,Gene
9604,4781,gene,0.0,True,Gene
9605,4782,gene,0.0,True,Gene
9606,4783,gene,0.0,True,Gene
9607,4784,gene,0.0,True,Gene
9608,479,gene,0.0,True,Gene
9609,4790,gene,0.0,True,Gene
9610,4791,gene,0.0,True,Gene
9611,4792,gene,0.0,True,Gene
9612,4793,gene,0.0,True,Gene
9613,4794,gene,0.0,True,Gene
9614,4795,gene,0.0,True,Gene
9615,4796,gene,0.0,True,Gene
9616,4798,gene,0.0,True,Gene
9617,4799,gene,0.0,True,Gene
9618,48,gene,0.0,True,Gene
9619,480,gene,0.0,True,Gene
9620,4800,gene,0.0,True,Gene
9621,4801,gene,0.0,True,Gene
9622,4802,gene,0.0,True,Gene
9623,4803,gene,0.0,True,Gene
9624,4804,gene,0.0,True,Gene
9625,4807,gene,0.0,True,Gene
9626,4808,gene,0.0,True,Gene
9627,4809,gene,0.0,True,Gene
9628,481,gene,0.0,True,Gene
9629,4810,gene,0.0,True,Gene
9630,4811,gene,0.0,True,Gene
9631,4814,gene,0.0,True,Gene
9632,4815,gene,0.0,True,Gene
9633,4817,gene,0.0,True,Gene
9634,4818,gene,0.0,True,Gene
9635,482,gene,0.0,True,Gene
9636,4820,gene,0.0,True,Gene
9637,4821,gene,0.0,True,Gene
9638,4824,gene,0.0,True,Gene
9639,4825,gene,0.0,True,Gene
9640,4826,gene,0.0,True,Gene
9641,4828,gene,0.0,True,Gene
9642,4829,gene,0.0,True,Gene
9643,483,gene,0.0,True,Gene
9644,4830,gene,0.0,True,Gene
9645,4831,gene,0.0,True,Gene
9646,4832,gene,0.0,True,Gene
9647,4833,gene,0.0,True,Gene
9648,4835,gene,0.0,True,Gene
9649,4836,gene,0.0,True,Gene
9650,4837,gene,0.0,True,Gene
9651,4838,gene,0.0,True,Gene
9652,4839,gene,0.0,True,Gene
9653,4841,gene,0.0,True,Gene
9654,4842,gene,0.0,True,Gene
9655,4843,gene,0.0,True,Gene
9656,4846,gene,0.0,True,Gene
9657,4848,gene,0.0,True,Gene
9658,4849,gene,0.0,True,Gene
9659,4850,gene,0.0,True,Gene
9660,4851,gene,0.0,True,Gene
9661,4852,gene,0.0,True,Gene
9662,4853,gene,0.0,True,Gene
9663,4854,gene,0.0,True,Gene
9664,4855,gene,0.0,True,Gene
9665,4856,gene,0.0,True,Gene
9666,4857,gene,0.0,True,Gene
9667,4858,gene,0.0,True,Gene
9668,486,gene,0.0,True,Gene
9669,4860,gene,0.0,True,Gene
9670,4861,gene,0.0,True,Gene
9671,4862,gene,0.0,True,Gene
9672,4863,gene,0.0,True,Gene
9673,4864,gene,0.0,True,Gene
9674,4867,gene,0.0,True,Gene
9675,4868,gene,0.0,True,Gene
9676,4869,gene,0.0,True,Gene
9677,487,gene,0.0,True,Gene
9678,4878,gene,0.0,True,Gene
9679,4879,gene,0.0,True,Gene
9680,488,gene,0.0,True,Gene
9681,4880,gene,0.0,True,Gene
9682,4881,gene,0.0,True,Gene
9683,4882,gene,0.0,True,Gene
9684,4883,gene,0.0,True,Gene
9685,4884,gene,0.0,True,Gene
9686,4885,gene,0.0,True,Gene
9687,4886,gene,0.0,True,Gene
9688,4887,gene,0.0,True,Gene
9689,4889,gene,0.0,True,Gene
9690,489,gene,0.0,True,Gene
9691,4891,gene,0.0,True,Gene
9692,4892,gene,0.0,True,Gene
9693,4893,gene,0.0,True,Gene
9694,4897,gene,0.0,True,Gene
9695,4898,gene,0.0,True,Gene
9696,4899,gene,0.0,True,Gene
9697,49,gene,0.0,True,Gene
9698,490,gene,0.0,True,Gene
9699,4900,gene,0.0,True,Gene
9700,4901,gene,0.0,True,Gene
9701,4902,gene,0.0,True,Gene
9702,4904,gene,0.0,True,Gene
9703,4905,gene,0.0,True,Gene
9704,4907,gene,0.0,True,Gene
9705,4908,gene,0.0,True,Gene
9706,4909,gene,0.0,True,Gene
9707,491,gene,0.0,True,Gene
9708,4913,gene,0.0,True,Gene
9709,4914,gene,0.0,True,Gene
9710,4915,gene,0.0,True,Gene
9711,4916,gene,0.0,True,Gene
9712,4917,gene,0.0,True,Gene
9713,4919,gene,0.0,True,Gene
9714,492,gene,0.0,True,Gene
9715,4920,gene,0.0,True,Gene
9716,4921,gene,0.0,True,Gene
9717,4922,gene,0.0,True,Gene
9718,4923,gene,0.0,True,Gene
9719,492307,gene,0.0,True,Gene
9720,492311,gene,0.0,True,Gene
9721,4924,gene,0.0,True,Gene
9722,4925,gene,0.0,True,Gene
9723,4926,gene,0.0,True,Gene
9724,4927,gene,0.0,True,Gene
9725,4928,gene,0.0,True,Gene
9726,4929,gene,0.0,True,Gene
9727,493,gene,0.0,True,Gene
9728,4931,gene,0.0,True,Gene
9729,4935,gene,0.0,True,Gene
9730,493753,gene,0.0,True,Gene
9731,4938,gene,0.0,True,Gene
9732,493829,gene,0.0,True,Gene
9733,493856,gene,0.0,True,Gene
9734,493860,gene,0.0,True,Gene
9735,493861,gene,0.0,True,Gene
9736,493869,gene,0.0,True,Gene
9737,4939,gene,0.0,True,Gene
9738,493901,gene,0.0,True,Gene
9739,493911,gene,0.0,True,Gene
9740,4940,gene,0.0,True,Gene
9741,494115,gene,0.0,True,Gene
9742,494118,gene,0.0,True,Gene
9743,494119,gene,0.0,True,Gene
9744,494143,gene,0.0,True,Gene
9745,494188,gene,0.0,True,Gene
9746,494197,gene,0.0,True,Gene
9747,4942,gene,0.0,True,Gene
9748,4943,gene,0.0,True,Gene
9749,494470,gene,0.0,True,Gene
9750,494513,gene,0.0,True,Gene
9751,494551,gene,0.0,True,Gene
9752,4946,gene,0.0,True,Gene
9753,4947,gene,0.0,True,Gene
9754,4948,gene,0.0,True,Gene
9755,495,gene,0.0,True,Gene
9756,4951,gene,0.0,True,Gene
9757,4952,gene,0.0,True,Gene
9758,4953,gene,0.0,True,Gene
9759,4956,gene,0.0,True,Gene
9760,4957,gene,0.0,True,Gene
9761,4958,gene,0.0,True,Gene
9762,496,gene,0.0,True,Gene
9763,4967,gene,0.0,True,Gene
9764,4968,gene,0.0,True,Gene
9765,4969,gene,0.0,True,Gene
9766,497189,gene,0.0,True,Gene
9767,497190,gene,0.0,True,Gene
9768,4973,gene,0.0,True,Gene
9769,4974,gene,0.0,True,Gene
9770,4975,gene,0.0,True,Gene
9771,4976,gene,0.0,True,Gene
9772,497661,gene,0.0,True,Gene
9773,4978,gene,0.0,True,Gene
9774,498,gene,0.0,True,Gene
9775,4982,gene,0.0,True,Gene
9776,4983,gene,0.0,True,Gene
9777,4985,gene,0.0,True,Gene
9778,49854,gene,0.0,True,Gene
9779,49855,gene,0.0,True,Gene
9780,49856,gene,0.0,True,Gene
9781,4986,gene,0.0,True,Gene
9782,49860,gene,0.0,True,Gene
9783,49861,gene,0.0,True,Gene
9784,4987,gene,0.0,True,Gene
9785,4988,gene,0.0,True,Gene
9786,4990,gene,0.0,True,Gene
9787,4998,gene,0.0,True,Gene
9788,4999,gene,0.0,True,Gene
9789,50,gene,0.0,True,Gene
9790,5000,gene,0.0,True,Gene
9791,5001,gene,0.0,True,Gene
9792,5002,gene,0.0,True,Gene
9793,5004,gene,0.0,True,Gene
9794,5005,gene,0.0,True,Gene
9795,5007,gene,0.0,True,Gene
9796,5008,gene,0.0,True,Gene
9797,5009,gene,0.0,True,Gene
9798,501,gene,0.0,True,Gene
9799,5010,gene,0.0,True,Gene
9800,5013,gene,0.0,True,Gene
9801,5015,gene,0.0,True,Gene
9802,5016,gene,0.0,True,Gene
9803,5017,gene,0.0,True,Gene
9804,5018,gene,0.0,True,Gene
9805,5019,gene,0.0,True,Gene
9806,5020,gene,0.0,True,Gene
9807,5021,gene,0.0,True,Gene
9808,5023,gene,0.0,True,Gene
9809,5024,gene,0.0,True,Gene
9810,5025,gene,0.0,True,Gene
9811,5026,gene,0.0,True,Gene
9812,5027,gene,0.0,True,Gene
9813,5028,gene,0.0,True,Gene
9814,5029,gene,0.0,True,Gene
9815,5030,gene,0.0,True,Gene
9816,5031,gene,0.0,True,Gene
9817,5032,gene,0.0,True,Gene
9818,5033,gene,0.0,True,Gene
9819,5034,gene,0.0,True,Gene
9820,503542,gene,0.0,True,Gene
9821,503582,gene,0.0,True,Gene
9822,5036,gene,0.0,True,Gene
9823,503614,gene,0.0,True,Gene
9824,503618,gene,0.0,True,Gene
9825,503627,gene,0.0,True,Gene
9826,5037,gene,0.0,True,Gene
9827,503834,gene,0.0,True,Gene
9828,503835,gene,0.0,True,Gene
9829,503841,gene,0.0,True,Gene
9830,504180,gene,0.0,True,Gene
9831,5042,gene,0.0,True,Gene
9832,5045,gene,0.0,True,Gene
9833,5046,gene,0.0,True,Gene
9834,5047,gene,0.0,True,Gene
9835,5048,gene,0.0,True,Gene
9836,50484,gene,0.0,True,Gene
9837,50485,gene,0.0,True,Gene
9838,50486,gene,0.0,True,Gene
9839,50487,gene,0.0,True,Gene
9840,50488,gene,0.0,True,Gene
9841,50489,gene,0.0,True,Gene
9842,5049,gene,0.0,True,Gene
9843,5050,gene,0.0,True,Gene
9844,50506,gene,0.0,True,Gene
9845,50507,gene,0.0,True,Gene
9846,50509,gene,0.0,True,Gene
9847,5051,gene,0.0,True,Gene
9848,50511,gene,0.0,True,Gene
9849,50512,gene,0.0,True,Gene
9850,50515,gene,0.0,True,Gene
9851,5052,gene,0.0,True,Gene
9852,5053,gene,0.0,True,Gene
9853,5054,gene,0.0,True,Gene
9854,5055,gene,0.0,True,Gene
9855,5058,gene,0.0,True,Gene
9856,506,gene,0.0,True,Gene
9857,50604,gene,0.0,True,Gene
9858,50614,gene,0.0,True,Gene
9859,50615,gene,0.0,True,Gene
9860,50616,gene,0.0,True,Gene
9861,50617,gene,0.0,True,Gene
9862,50618,gene,0.0,True,Gene
9863,50619,gene,0.0,True,Gene
9864,5062,gene,0.0,True,Gene
9865,50624,gene,0.0,True,Gene
9866,50626,gene,0.0,True,Gene
9867,50628,gene,0.0,True,Gene
9868,5063,gene,0.0,True,Gene
9869,50632,gene,0.0,True,Gene
9870,50636,gene,0.0,True,Gene
9871,5064,gene,0.0,True,Gene
9872,50640,gene,0.0,True,Gene
9873,50649,gene,0.0,True,Gene
9874,50650,gene,0.0,True,Gene
9875,50651,gene,0.0,True,Gene
9876,5066,gene,0.0,True,Gene
9877,5067,gene,0.0,True,Gene
9878,50674,gene,0.0,True,Gene
9879,5069,gene,0.0,True,Gene
9880,50700,gene,0.0,True,Gene
9881,5071,gene,0.0,True,Gene
9882,50717,gene,0.0,True,Gene
9883,5073,gene,0.0,True,Gene
9884,5074,gene,0.0,True,Gene
9885,5075,gene,0.0,True,Gene
9886,5076,gene,0.0,True,Gene
9887,5077,gene,0.0,True,Gene
9888,5079,gene,0.0,True,Gene
9889,5080,gene,0.0,True,Gene
9890,50804,gene,0.0,True,Gene
9891,50805,gene,0.0,True,Gene
9892,50807,gene,4.0496984,True,Gene
9893,50808,gene,0.0,True,Gene
9894,50809,gene,0.0,True,Gene
9895,5081,gene,0.0,True,Gene
9896,50810,gene,0.0,True,Gene
9897,50813,gene,0.0,True,Gene
9898,50814,gene,0.0,True,Gene
9899,5082,gene,0.0,True,Gene
9900,5083,gene,0.0,True,Gene
9901,50831,gene,0.0,True,Gene
9902,50832,gene,0.0,True,Gene
9903,50833,gene,0.0,True,Gene
9904,50834,gene,1.0967846,True,Gene
9905,50835,gene,0.0,True,Gene
9906,50836,gene,0.0,True,Gene
9907,50837,gene,0.0,True,Gene
9908,50838,gene,0.0,True,Gene
9909,50839,gene,0.0,True,Gene
9910,50840,gene,0.0,True,Gene
9911,50846,gene,0.0,True,Gene
9912,50848,gene,0.0,True,Gene
9913,50852,gene,0.0,True,Gene
9914,50853,gene,0.0,True,Gene
9915,50855,gene,0.0,True,Gene
9916,50856,gene,0.0,True,Gene
9917,50859,gene,0.0,True,Gene
9918,50861,gene,0.0,True,Gene
9919,50862,gene,0.0,True,Gene
9920,50863,gene,0.0,True,Gene
9921,50865,gene,0.0,True,Gene
9922,5087,gene,0.0,True,Gene
9923,5089,gene,0.0,True,Gene
9924,509,gene,0.0,True,Gene
9925,5090,gene,0.0,True,Gene
9926,5091,gene,0.0,True,Gene
9927,5092,gene,0.0,True,Gene
9928,5093,gene,0.0,True,Gene
9929,50937,gene,0.0,True,Gene
9930,50939,gene,0.0,True,Gene
9931,5094,gene,0.0,True,Gene
9932,50940,gene,0.0,True,Gene
9933,50943,gene,0.0,True,Gene
9934,50944,gene,0.0,True,Gene
9935,50945,gene,0.0,True,Gene
9936,5095,gene,0.0,True,Gene
9937,5096,gene,0.0,True,Gene
9938,50964,gene,0.0,True,Gene
9939,5097,gene,0.0,True,Gene
9940,5098,gene,0.0,True,Gene
9941,5099,gene,0.0,True,Gene
9942,50999,gene,0.0,True,Gene
9943,51,gene,0.0,True,Gene
9944,5100,gene,0.0,True,Gene
9945,51000,gene,0.0,True,Gene
9946,51001,gene,0.0,True,Gene
9947,51002,gene,0.0,True,Gene
9948,51003,gene,0.0,True,Gene
9949,51004,gene,0.0,True,Gene
9950,51005,gene,0.0,True,Gene
9951,51006,gene,0.0,True,Gene
9952,51008,gene,0.0,True,Gene
9953,51009,gene,0.0,True,Gene
9954,5101,gene,0.0,True,Gene
9955,51010,gene,0.0,True,Gene
9956,51011,gene,0.0,True,Gene
9957,51012,gene,0.0,True,Gene
9958,51013,gene,0.0,True,Gene
9959,51014,gene,0.0,True,Gene
9960,51015,gene,0.0,True,Gene
9961,51016,gene,0.0,True,Gene
9962,51018,gene,0.0,True,Gene
9963,51019,gene,0.0,True,Gene
9964,51020,gene,0.0,True,Gene
9965,51021,gene,0.0,True,Gene
9966,51022,gene,0.0,True,Gene
9967,51023,gene,0.0,True,Gene
9968,51024,gene,0.0,True,Gene
9969,51025,gene,0.0,True,Gene
9970,51026,gene,0.0,True,Gene
9971,51027,gene,0.0,True,Gene
9972,51028,gene,0.0,True,Gene
9973,51029,gene,0.0,True,Gene
9974,51030,gene,0.0,True,Gene
9975,51031,gene,0.0,True,Gene
9976,51032,gene,0.0,True,Gene
9977,51035,gene,0.0,True,Gene
9978,5104,gene,0.0,True,Gene
9979,51042,gene,0.0,True,Gene
9980,51043,gene,0.0,True,Gene
9981,51046,gene,0.0,True,Gene
9982,5105,gene,0.0,True,Gene
9983,51050,gene,0.0,True,Gene
9984,51052,gene,0.0,True,Gene
9985,51053,gene,0.0,True,Gene
9986,51056,gene,0.0,True,Gene
9987,51057,gene,0.0,True,Gene
9988,51058,gene,0.0,True,Gene
9989,51059,gene,0.0,True,Gene
9990,5106,gene,0.0,True,Gene
9991,51060,gene,0.0,True,Gene
9992,51061,gene,0.0,True,Gene
9993,51062,gene,0.0,True,Gene
9994,51063,gene,0.0,True,Gene
9995,51065,gene,0.0,True,Gene
9996,51066,gene,0.0,True,Gene
9997,51067,gene,0.0,True,Gene
9998,51068,gene,0.0,True,Gene
9999,51069,gene,0.0,True,Gene
10000,51070,gene,0.0,True,Gene
10001,51071,gene,0.0,True,Gene
10002,51072,gene,0.0,True,Gene
10003,51073,gene,0.0,True,Gene
10004,51074,gene,0.0,True,Gene
10005,51075,gene,0.0,True,Gene
10006,51076,gene,0.0,True,Gene
10007,51077,gene,0.0,True,Gene
10008,51078,gene,0.0,True,Gene
10009,51079,gene,0.0,True,Gene
10010,5108,gene,0.0,True,Gene
10011,51081,gene,0.0,True,Gene
10012,51082,gene,0.0,True,Gene
10013,51083,gene,0.0,True,Gene
10014,51084,gene,0.0,True,Gene
10015,51085,gene,0.0,True,Gene
10016,51086,gene,0.0,True,Gene
10017,51087,gene,0.0,True,Gene
10018,51088,gene,0.0,True,Gene
10019,51090,gene,0.0,True,Gene
10020,51091,gene,0.0,True,Gene
10021,51092,gene,0.0,True,Gene
10022,51093,gene,0.0,True,Gene
10023,51094,gene,0.0,True,Gene
10024,51095,gene,0.0,True,Gene
10025,51096,gene,0.0,True,Gene
10026,51097,gene,0.0,True,Gene
10027,51098,gene,0.0,True,Gene
10028,51099,gene,0.0,True,Gene
10029,5110,gene,0.0,True,Gene
10030,51100,gene,0.0,True,Gene
10031,51101,gene,0.0,True,Gene
10032,51102,gene,0.0,True,Gene
10033,51103,gene,0.0,True,Gene
10034,51104,gene,0.0,True,Gene
10035,51105,gene,0.0,True,Gene
10036,51106,gene,0.0,True,Gene
10037,51107,gene,0.0,True,Gene
10038,51108,gene,0.0,True,Gene
10039,51109,gene,0.0,True,Gene
10040,5111,gene,0.0,True,Gene
10041,51110,gene,0.0,True,Gene
10042,51111,gene,0.0,True,Gene
10043,51112,gene,0.0,True,Gene
10044,51114,gene,0.0,True,Gene
10045,51115,gene,0.0,True,Gene
10046,51116,gene,0.0,True,Gene
10047,51117,gene,0.0,True,Gene
10048,51118,gene,0.0,True,Gene
10049,51119,gene,0.0,True,Gene
10050,51121,gene,0.0,True,Gene
10051,51122,gene,0.0,True,Gene
10052,51123,gene,0.0,True,Gene
10053,51124,gene,0.0,True,Gene
10054,51125,gene,0.0,True,Gene
10055,51126,gene,0.0,True,Gene
10056,51127,gene,0.0,True,Gene
10057,51128,gene,0.0,True,Gene
10058,51129,gene,0.0,True,Gene
10059,51130,gene,0.0,True,Gene
10060,51131,gene,0.0,True,Gene
10061,51132,gene,0.0,True,Gene
10062,51133,gene,0.0,True,Gene
10063,51134,gene,0.0,True,Gene
10064,51135,gene,0.0,True,Gene
10065,51136,gene,0.0,True,Gene
10066,51138,gene,0.0,True,Gene
10067,51141,gene,0.0,True,Gene
10068,51142,gene,0.0,True,Gene
10069,51143,gene,0.0,True,Gene
10070,51144,gene,0.0,True,Gene
10071,51146,gene,0.0,True,Gene
10072,51147,gene,0.0,True,Gene
10073,51148,gene,0.0,True,Gene
10074,51149,gene,0.0,True,Gene
10075,51150,gene,0.0,True,Gene
10076,51151,gene,0.0,True,Gene
10077,51154,gene,0.0,True,Gene
10078,51155,gene,0.0,True,Gene
10079,51156,gene,0.0,True,Gene
10080,51157,gene,0.0,True,Gene
10081,5116,gene,0.0,True,Gene
10082,51160,gene,0.0,True,Gene
10083,51161,gene,0.0,True,Gene
10084,51162,gene,0.0,True,Gene
10085,51163,gene,0.0,True,Gene
10086,51164,gene,0.0,True,Gene
10087,51166,gene,0.0,True,Gene
10088,51167,gene,0.0,True,Gene
10089,51168,gene,0.0,True,Gene
10090,51170,gene,0.0,True,Gene
10091,51171,gene,0.0,True,Gene
10092,51172,gene,0.0,True,Gene
10093,51174,gene,0.0,True,Gene
10094,51175,gene,0.0,True,Gene
10095,51176,gene,0.0,True,Gene
10096,51177,gene,0.0,True,Gene
10097,51179,gene,0.0,True,Gene
10098,5118,gene,0.0,True,Gene
10099,51181,gene,0.0,True,Gene
10100,51182,gene,0.0,True,Gene
10101,51184,gene,0.0,True,Gene
10102,51185,gene,0.0,True,Gene
10103,51186,gene,0.0,True,Gene
10104,51187,gene,0.0,True,Gene
10105,51188,gene,0.0,True,Gene
10106,5119,gene,0.0,True,Gene
10107,51191,gene,0.0,True,Gene
10108,51192,gene,0.0,True,Gene
10109,51193,gene,0.0,True,Gene
10110,51194,gene,0.0,True,Gene
10111,51195,gene,0.0,True,Gene
10112,51196,gene,0.0,True,Gene
10113,51199,gene,0.0,True,Gene
10114,51200,gene,0.0,True,Gene
10115,51201,gene,0.0,True,Gene
10116,51202,gene,0.0,True,Gene
10117,51203,gene,0.0,True,Gene
10118,51204,gene,0.0,True,Gene
10119,51205,gene,0.0,True,Gene
10120,51206,gene,0.0,True,Gene
10121,51207,gene,0.0,True,Gene
10122,51208,gene,0.0,True,Gene
10123,51209,gene,0.0,True,Gene
10124,5121,gene,0.0,True,Gene
10125,51213,gene,0.0,True,Gene
10126,51218,gene,0.0,True,Gene
10127,5122,gene,0.0,True,Gene
10128,51222,gene,0.0,True,Gene
10129,51224,gene,0.0,True,Gene
10130,51225,gene,0.0,True,Gene
10131,51226,gene,0.0,True,Gene
10132,51227,gene,0.0,True,Gene
10133,51228,gene,0.0,True,Gene
10134,51230,gene,0.0,True,Gene
10135,51231,gene,0.0,True,Gene
10136,51232,gene,0.0,True,Gene
10137,51233,gene,0.0,True,Gene
10138,51234,gene,0.0,True,Gene
10139,51236,gene,0.0,True,Gene
10140,51237,gene,0.0,True,Gene
10141,51239,gene,0.0,True,Gene
10142,51241,gene,0.0,True,Gene
10143,51244,gene,0.0,True,Gene
10144,51246,gene,0.0,True,Gene
10145,51247,gene,0.0,True,Gene
10146,51248,gene,0.0,True,Gene
10147,51249,gene,0.0,True,Gene
10148,5125,gene,0.0,True,Gene
10149,51250,gene,0.0,True,Gene
10150,51251,gene,0.0,True,Gene
10151,51252,gene,0.0,True,Gene
10152,51253,gene,0.0,True,Gene
10153,51255,gene,0.0,True,Gene
10154,51256,gene,0.0,True,Gene
10155,51257,gene,0.0,True,Gene
10156,51258,gene,0.0,True,Gene
10157,51259,gene,0.0,True,Gene
10158,5126,gene,0.0,True,Gene
10159,51260,gene,0.0,True,Gene
10160,51263,gene,0.0,True,Gene
10161,51264,gene,0.0,True,Gene
10162,51265,gene,0.0,True,Gene
10163,51266,gene,0.0,True,Gene
10164,51267,gene,0.0,True,Gene
10165,51268,gene,0.0,True,Gene
10166,5127,gene,0.0,True,Gene
10167,51270,gene,0.0,True,Gene
10168,51271,gene,0.0,True,Gene
10169,51272,gene,0.0,True,Gene
10170,51274,gene,0.0,True,Gene
10171,51276,gene,0.0,True,Gene
10172,51277,gene,0.0,True,Gene
10173,51278,gene,0.0,True,Gene
10174,51279,gene,0.0,True,Gene
10175,5128,gene,0.0,True,Gene
10176,51280,gene,0.0,True,Gene
10177,51281,gene,0.0,True,Gene
10178,51282,gene,0.0,True,Gene
10179,51283,gene,0.0,True,Gene
10180,51284,gene,0.0,True,Gene
10181,51285,gene,0.0,True,Gene
10182,51286,gene,0.0,True,Gene
10183,51287,gene,0.0,True,Gene
10184,51289,gene,0.0,True,Gene
10185,5129,gene,0.0,True,Gene
10186,51290,gene,0.0,True,Gene
10187,51291,gene,0.0,True,Gene
10188,51292,gene,0.0,True,Gene
10189,51293,gene,0.0,True,Gene
10190,51294,gene,0.0,True,Gene
10191,51295,gene,0.0,True,Gene
10192,51296,gene,0.0,True,Gene
10193,51297,gene,0.0,True,Gene
10194,51298,gene,0.0,True,Gene
10195,51299,gene,0.0,True,Gene
10196,513,gene,0.0,True,Gene
10197,5130,gene,0.0,True,Gene
10198,51300,gene,0.0,True,Gene
10199,51301,gene,0.0,True,Gene
10200,51302,gene,0.0,True,Gene
10201,51303,gene,0.0,True,Gene
10202,51304,gene,0.0,True,Gene
10203,51305,gene,0.0,True,Gene
10204,51306,gene,0.0,True,Gene
10205,51307,gene,0.0,True,Gene
10206,51308,gene,0.0,True,Gene
10207,51309,gene,0.0,True,Gene
10208,51310,gene,0.0,True,Gene
10209,51311,gene,0.0,True,Gene
10210,51312,gene,0.0,True,Gene
10211,51313,gene,0.0,True,Gene
10212,51314,gene,0.0,True,Gene
10213,51315,gene,0.0,True,Gene
10214,51316,gene,0.0,True,Gene
10215,51317,gene,0.0,True,Gene
10216,51318,gene,0.0,True,Gene
10217,51319,gene,0.0,True,Gene
10218,5132,gene,0.0,True,Gene
10219,51320,gene,0.0,True,Gene
10220,51321,gene,0.0,True,Gene
10221,51322,gene,0.0,True,Gene
10222,51324,gene,0.0,True,Gene
10223,51326,gene,0.0,True,Gene
10224,51327,gene,0.0,True,Gene
10225,51329,gene,0.0,True,Gene
10226,5133,gene,0.0,True,Gene
10227,51330,gene,0.0,True,Gene
10228,51332,gene,0.0,True,Gene
10229,51333,gene,0.0,True,Gene
10230,51334,gene,0.0,True,Gene
10231,51335,gene,0.0,True,Gene
10232,51337,gene,0.0,True,Gene
10233,51338,gene,0.0,True,Gene
10234,51339,gene,0.0,True,Gene
10235,5134,gene,0.0,True,Gene
10236,51340,gene,0.0,True,Gene
10237,51341,gene,0.0,True,Gene
10238,51343,gene,0.0,True,Gene
10239,51347,gene,0.0,True,Gene
10240,51348,gene,0.0,True,Gene
10241,51350,gene,0.0,True,Gene
10242,51351,gene,0.0,True,Gene
10243,5136,gene,0.0,True,Gene
10244,51360,gene,0.0,True,Gene
10245,51361,gene,0.0,True,Gene
10246,51362,gene,0.0,True,Gene
10247,51363,gene,0.0,True,Gene
10248,51364,gene,0.0,True,Gene
10249,51365,gene,0.0,True,Gene
10250,51366,gene,0.0,True,Gene
10251,51367,gene,0.0,True,Gene
10252,51368,gene,0.0,True,Gene
10253,5137,gene,0.0,True,Gene
10254,51371,gene,0.0,True,Gene
10255,51372,gene,0.0,True,Gene
10256,51373,gene,0.0,True,Gene
10257,51374,gene,0.0,True,Gene
10258,51375,gene,0.0,True,Gene
10259,51377,gene,0.0,True,Gene
10260,51378,gene,0.0,True,Gene
10261,51379,gene,0.0,True,Gene
10262,5138,gene,0.0,True,Gene
10263,51380,gene,0.0,True,Gene
10264,51382,gene,0.0,True,Gene
10265,51384,gene,0.0,True,Gene
10266,51385,gene,0.0,True,Gene
10267,51386,gene,0.0,True,Gene
10268,51388,gene,0.0,True,Gene
10269,51389,gene,0.0,True,Gene
10270,5139,gene,0.0,True,Gene
10271,51390,gene,0.0,True,Gene
10272,51393,gene,0.0,True,Gene
10273,51397,gene,0.0,True,Gene
10274,51399,gene,0.0,True,Gene
10275,514,gene,0.0,True,Gene
10276,5140,gene,0.0,True,Gene
10277,51400,gene,0.0,True,Gene
10278,51406,gene,0.0,True,Gene
10279,51409,gene,0.0,True,Gene
10280,5141,gene,0.0,True,Gene
10281,51411,gene,0.0,True,Gene
10282,51412,gene,0.0,True,Gene
10283,5142,gene,0.0,True,Gene
10284,51421,gene,0.0,True,Gene
10285,51422,gene,0.0,True,Gene
10286,51426,gene,0.0,True,Gene
10287,51427,gene,0.0,True,Gene
10288,51428,gene,0.0,True,Gene
10289,51429,gene,0.0,True,Gene
10290,5143,gene,0.0,True,Gene
10291,51430,gene,0.0,True,Gene
10292,51433,gene,0.0,True,Gene
10293,51434,gene,0.0,True,Gene
10294,51435,gene,0.0,True,Gene
10295,51438,gene,0.0,True,Gene
10296,51439,gene,0.0,True,Gene
10297,5144,gene,0.0,True,Gene
10298,51440,gene,0.0,True,Gene
10299,51441,gene,0.0,True,Gene
10300,51442,gene,0.0,True,Gene
10301,51444,gene,0.0,True,Gene
10302,51447,gene,0.0,True,Gene
10303,51449,gene,0.0,True,Gene
10304,5145,gene,0.0,True,Gene
10305,51450,gene,0.0,True,Gene
10306,51451,gene,0.0,True,Gene
10307,51454,gene,0.0,True,Gene
10308,51455,gene,0.0,True,Gene
10309,51458,gene,0.0,True,Gene
10310,5146,gene,0.0,True,Gene
10311,51460,gene,0.0,True,Gene
10312,51463,gene,0.0,True,Gene
10313,51465,gene,0.0,True,Gene
10314,51466,gene,0.0,True,Gene
10315,5147,gene,0.0,True,Gene
10316,51473,gene,0.0,True,Gene
10317,51474,gene,0.0,True,Gene
10318,51475,gene,0.0,True,Gene
10319,51477,gene,0.0,True,Gene
10320,51478,gene,0.0,True,Gene
10321,51479,gene,0.0,True,Gene
10322,5148,gene,0.0,True,Gene
10323,51480,gene,0.0,True,Gene
10324,51481,gene,0.0,True,Gene
10325,5149,gene,0.0,True,Gene
10326,51490,gene,0.0,True,Gene
10327,51491,gene,0.0,True,Gene
10328,51493,gene,0.0,True,Gene
10329,51495,gene,0.0,True,Gene
10330,51496,gene,0.0,True,Gene
10331,51497,gene,0.0,True,Gene
10332,51499,gene,0.0,True,Gene
10333,515,gene,0.0,True,Gene
10334,5150,gene,0.0,True,Gene
10335,51501,gene,0.0,True,Gene
10336,51503,gene,0.0,True,Gene
10337,51504,gene,0.0,True,Gene
10338,51506,gene,0.0,True,Gene
10339,51507,gene,0.0,True,Gene
10340,5151,gene,0.0,True,Gene
10341,51510,gene,0.0,True,Gene
10342,51512,gene,0.0,True,Gene
10343,51513,gene,0.0,True,Gene
10344,51514,gene,0.0,True,Gene
10345,51517,gene,0.0,True,Gene
10346,5152,gene,0.0,True,Gene
10347,51520,gene,0.0,True,Gene
10348,51522,gene,0.0,True,Gene
10349,51523,gene,0.0,True,Gene
10350,51524,gene,0.0,True,Gene
10351,51526,gene,0.0,True,Gene
10352,51527,gene,0.0,True,Gene
10353,51528,gene,0.0,True,Gene
10354,51529,gene,0.0,True,Gene
10355,5153,gene,0.0,True,Gene
10356,51530,gene,0.0,True,Gene
10357,51531,gene,0.0,True,Gene
10358,51533,gene,0.0,True,Gene
10359,51534,gene,0.0,True,Gene
10360,51535,gene,0.0,True,Gene
10361,51537,gene,0.0,True,Gene
10362,51538,gene,0.0,True,Gene
10363,5154,gene,0.0,True,Gene
10364,51540,gene,0.0,True,Gene
10365,51542,gene,0.0,True,Gene
10366,51545,gene,0.0,True,Gene
10367,51547,gene,0.0,True,Gene
10368,51548,gene,0.0,True,Gene
10369,5155,gene,0.0,True,Gene
10370,51550,gene,0.0,True,Gene
10371,51552,gene,0.0,True,Gene
10372,51554,gene,0.0,True,Gene
10373,51555,gene,0.0,True,Gene
10374,51557,gene,0.0,True,Gene
10375,51559,gene,0.0,True,Gene
10376,5156,gene,0.0,True,Gene
10377,51560,gene,0.0,True,Gene
10378,51561,gene,0.0,True,Gene
10379,51562,gene,1.5626911,True,Gene
10380,51564,gene,0.0,True,Gene
10381,51566,gene,0.0,True,Gene
10382,51567,gene,0.0,True,Gene
10383,51569,gene,0.0,True,Gene
10384,5157,gene,0.0,True,Gene
10385,51571,gene,0.0,True,Gene
10386,51573,gene,0.0,True,Gene
10387,51574,gene,0.0,True,Gene
10388,51575,gene,0.0,True,Gene
10389,5158,gene,0.0,True,Gene
10390,51582,gene,0.0,True,Gene
10391,51585,gene,0.0,True,Gene
10392,51586,gene,0.0,True,Gene
10393,51588,gene,0.0,True,Gene
10394,5159,gene,0.0,True,Gene
10395,51592,gene,0.0,True,Gene
10396,51593,gene,0.0,True,Gene
10397,51594,gene,0.0,True,Gene
10398,51596,gene,0.0,True,Gene
10399,51599,gene,0.0,True,Gene
10400,516,gene,0.0,True,Gene
10401,5160,gene,0.0,True,Gene
10402,51601,gene,0.0,True,Gene
10403,51602,gene,0.0,True,Gene
10404,51603,gene,0.0,True,Gene
10405,51604,gene,0.0,True,Gene
10406,51605,gene,0.0,True,Gene
10407,51606,gene,0.0,True,Gene
10408,51608,gene,0.0,True,Gene
10409,5161,gene,0.0,True,Gene
10410,51611,gene,0.0,True,Gene
10411,51614,gene,0.0,True,Gene
10412,51616,gene,0.0,True,Gene
10413,51617,gene,0.0,True,Gene
10414,51619,gene,0.0,True,Gene
10415,5162,gene,0.0,True,Gene
10416,51621,gene,0.0,True,Gene
10417,51622,gene,0.0,True,Gene
10418,51626,gene,0.0,True,Gene
10419,51629,gene,0.0,True,Gene
10420,5163,gene,0.0,True,Gene
10421,51631,gene,0.0,True,Gene
10422,51633,gene,0.0,True,Gene
10423,51634,gene,0.0,True,Gene
10424,51635,gene,0.0,True,Gene
10425,51637,gene,0.0,True,Gene
10426,51639,gene,0.0,True,Gene
10427,5164,gene,0.0,True,Gene
10428,51642,gene,0.0,True,Gene
10429,51643,gene,0.0,True,Gene
10430,51645,gene,0.0,True,Gene
10431,51646,gene,0.0,True,Gene
10432,51647,gene,0.0,True,Gene
10433,51649,gene,0.0,True,Gene
10434,5165,gene,0.0,True,Gene
10435,51650,gene,0.0,True,Gene
10436,51651,gene,0.0,True,Gene
10437,51652,gene,0.0,True,Gene
10438,51654,gene,0.0,True,Gene
10439,51655,gene,0.0,True,Gene
10440,51657,gene,0.0,True,Gene
10441,51659,gene,0.0,True,Gene
10442,5166,gene,0.0,True,Gene
10443,51660,gene,0.0,True,Gene
10444,51661,gene,0.0,True,Gene
10445,51663,gene,0.0,True,Gene
10446,51665,gene,0.0,True,Gene
10447,51666,gene,0.0,True,Gene
10448,51667,gene,0.0,True,Gene
10449,51668,gene,0.0,True,Gene
10450,51669,gene,0.0,True,Gene
10451,5167,gene,0.0,True,Gene
10452,51673,gene,0.0,True,Gene
10453,51676,gene,0.0,True,Gene
10454,51678,gene,0.0,True,Gene
10455,5168,gene,0.0,True,Gene
10456,51684,gene,0.0,True,Gene
10457,51686,gene,0.0,True,Gene
10458,5169,gene,0.0,True,Gene
10459,51690,gene,0.0,True,Gene
10460,51691,gene,0.0,True,Gene
10461,51692,gene,0.0,True,Gene
10462,51693,gene,0.0,True,Gene
10463,51696,gene,0.0,True,Gene
10464,51699,gene,0.0,True,Gene
10465,517,gene,0.0,True,Gene
10466,5170,gene,0.0,True,Gene
10467,51700,gene,0.0,True,Gene
10468,51701,gene,0.0,True,Gene
10469,51702,gene,0.0,True,Gene
10470,51703,gene,0.0,True,Gene
10471,51704,gene,0.0,True,Gene
10472,51705,gene,0.0,True,Gene
10473,51706,gene,0.0,True,Gene
10474,51710,gene,0.0,True,Gene
10475,51714,gene,0.0,True,Gene
10476,51715,gene,0.0,True,Gene
10477,51719,gene,0.0,True,Gene
10478,5172,gene,0.0,True,Gene
10479,51720,gene,0.0,True,Gene
10480,51725,gene,0.0,True,Gene
10481,51726,gene,0.0,True,Gene
10482,51727,gene,0.0,True,Gene
10483,51728,gene,0.0,True,Gene
10484,51729,gene,0.0,True,Gene
10485,5173,gene,0.0,True,Gene
10486,51733,gene,0.0,True,Gene
10487,51734,gene,0.0,True,Gene
10488,51735,gene,0.0,True,Gene
10489,51738,gene,0.0,True,Gene
10490,5174,gene,0.0,True,Gene
10491,51741,gene,0.0,True,Gene
10492,51742,gene,0.0,True,Gene
10493,51744,gene,0.0,True,Gene
10494,51747,gene,0.0,True,Gene
10495,5175,gene,0.0,True,Gene
10496,51750,gene,0.0,True,Gene
10497,51751,gene,0.0,True,Gene
10498,51752,gene,0.0,True,Gene
10499,51754,gene,0.0,True,Gene
10500,51755,gene,0.0,True,Gene
10501,51759,gene,0.0,True,Gene
10502,5176,gene,0.0,True,Gene
10503,51760,gene,0.0,True,Gene
10504,51761,gene,0.0,True,Gene
10505,51762,gene,0.0,True,Gene
10506,51763,gene,0.0,True,Gene
10507,51764,gene,0.0,True,Gene
10508,51765,gene,0.0,True,Gene
10509,51768,gene,0.0,True,Gene
10510,51773,gene,0.0,True,Gene
10511,51776,gene,0.0,True,Gene
10512,51778,gene,0.0,True,Gene
10513,5178,gene,0.0,True,Gene
10514,51780,gene,0.0,True,Gene
10515,5179,gene,0.0,True,Gene
10516,518,gene,0.0,True,Gene
10517,51802,gene,0.0,True,Gene
10518,51804,gene,0.0,True,Gene
10519,51805,gene,0.0,True,Gene
10520,51806,gene,0.0,True,Gene
10521,51807,gene,0.0,True,Gene
10522,51808,gene,0.0,True,Gene
10523,51809,gene,0.0,True,Gene
10524,51816,gene,0.0,True,Gene
10525,5184,gene,0.0,True,Gene
10526,5187,gene,0.0,True,Gene
10527,5188,gene,0.0,True,Gene
10528,5189,gene,0.0,True,Gene
10529,5190,gene,0.0,True,Gene
10530,5191,gene,0.0,True,Gene
10531,5192,gene,0.0,True,Gene
10532,5193,gene,0.0,True,Gene
10533,5194,gene,0.0,True,Gene
10534,5195,gene,0.0,True,Gene
10535,5196,gene,0.0,True,Gene
10536,5197,gene,0.0,True,Gene
10537,5198,gene,0.0,True,Gene
10538,5199,gene,0.0,True,Gene
10539,52,gene,0.0,True,Gene
10540,5201,gene,0.0,True,Gene
10541,5202,gene,0.0,True,Gene
10542,5203,gene,0.0,True,Gene
10543,5204,gene,0.0,True,Gene
10544,5205,gene,0.0,True,Gene
10545,5207,gene,0.0,True,Gene
10546,5208,gene,0.0,True,Gene
10547,5209,gene,0.0,True,Gene
10548,521,gene,0.0,True,Gene
10549,5210,gene,0.0,True,Gene
10550,5211,gene,0.0,True,Gene
10551,5212,gene,0.0,True,Gene
10552,5213,gene,0.0,True,Gene
10553,5214,gene,0.0,True,Gene
10554,5216,gene,0.0,True,Gene
10555,5217,gene,0.0,True,Gene
10556,5218,gene,0.0,True,Gene
10557,522,gene,0.0,True,Gene
10558,5222,gene,0.0,True,Gene
10559,5223,gene,0.0,True,Gene
10560,5224,gene,0.0,True,Gene
10561,5225,gene,0.0,True,Gene
10562,5226,gene,0.0,True,Gene
10563,5228,gene,0.0,True,Gene
10564,5229,gene,0.0,True,Gene
10565,523,gene,0.0,True,Gene
10566,5230,gene,0.0,True,Gene
10567,5232,gene,0.0,True,Gene
10568,5236,gene,0.0,True,Gene
10569,5238,gene,0.0,True,Gene
10570,5239,gene,0.0,True,Gene
10571,5241,gene,0.0,True,Gene
10572,5243,gene,0.0,True,Gene
10573,5244,gene,0.0,True,Gene
10574,5245,gene,0.0,True,Gene
10575,525,gene,0.0,True,Gene
10576,5250,gene,0.0,True,Gene
10577,5251,gene,0.0,True,Gene
10578,5252,gene,0.0,True,Gene
10579,5253,gene,0.0,True,Gene
10580,5255,gene,0.0,True,Gene
10581,5256,gene,0.0,True,Gene
10582,5257,gene,0.0,True,Gene
10583,526,gene,0.0,True,Gene
10584,5260,gene,0.0,True,Gene
10585,5261,gene,0.0,True,Gene
10586,5264,gene,0.0,True,Gene
10587,5265,gene,0.0,True,Gene
10588,5266,gene,0.0,True,Gene
10589,5267,gene,0.0,True,Gene
10590,5268,gene,0.0,True,Gene
10591,5269,gene,0.0,True,Gene
10592,527,gene,0.0,True,Gene
10593,5270,gene,0.0,True,Gene
10594,5271,gene,0.0,True,Gene
10595,5272,gene,0.0,True,Gene
10596,5273,gene,0.0,True,Gene
10597,5274,gene,0.0,True,Gene
10598,5275,gene,0.0,True,Gene
10599,5276,gene,0.0,True,Gene
10600,5277,gene,0.0,True,Gene
10601,5279,gene,0.0,True,Gene
10602,528,gene,0.0,True,Gene
10603,5281,gene,0.0,True,Gene
10604,5283,gene,0.0,True,Gene
10605,5284,gene,0.0,True,Gene
10606,5286,gene,0.0,True,Gene
10607,5287,gene,0.0,True,Gene
10608,5288,gene,0.0,True,Gene
10609,5289,gene,0.0,True,Gene
10610,529,gene,0.0,True,Gene
10611,5290,gene,0.0,True,Gene
10612,5291,gene,0.0,True,Gene
10613,5292,gene,0.0,True,Gene
10614,5293,gene,0.0,True,Gene
10615,5294,gene,0.0,True,Gene
10616,5295,gene,0.0,True,Gene
10617,5296,gene,0.0,True,Gene
10618,5297,gene,0.0,True,Gene
10619,5298,gene,0.0,True,Gene
10620,53,gene,0.0,True,Gene
10621,5300,gene,0.0,True,Gene
10622,5303,gene,0.0,True,Gene
10623,5304,gene,0.0,True,Gene
10624,5305,gene,0.0,True,Gene
10625,5306,gene,0.0,True,Gene
10626,5307,gene,0.0,True,Gene
10627,5308,gene,0.0,True,Gene
10628,5309,gene,0.0,True,Gene
10629,5310,gene,0.0,True,Gene
10630,5311,gene,0.0,True,Gene
10631,5313,gene,0.0,True,Gene
10632,5314,gene,0.0,True,Gene
10633,5315,gene,0.0,True,Gene
10634,5316,gene,0.0,True,Gene
10635,5317,gene,0.0,True,Gene
10636,5318,gene,0.0,True,Gene
10637,5319,gene,0.0,True,Gene
10638,5320,gene,0.0,True,Gene
10639,5321,gene,0.0,True,Gene
10640,5322,gene,0.0,True,Gene
10641,5324,gene,0.0,True,Gene
10642,5325,gene,0.0,True,Gene
10643,5326,gene,0.0,True,Gene
10644,5327,gene,0.0,True,Gene
10645,5328,gene,0.0,True,Gene
10646,5329,gene,0.0,True,Gene
10647,533,gene,0.0,True,Gene
10648,5330,gene,0.0,True,Gene
10649,5331,gene,0.0,True,Gene
10650,5332,gene,0.0,True,Gene
10651,5333,gene,0.0,True,Gene
10652,53335,gene,0.0,True,Gene
10653,53336,gene,0.0,True,Gene
10654,53339,gene,0.0,True,Gene
10655,5334,gene,0.0,True,Gene
10656,53340,gene,0.0,True,Gene
10657,53342,gene,0.0,True,Gene
10658,53343,gene,0.0,True,Gene
10659,53344,gene,0.0,True,Gene
10660,53345,gene,0.0,True,Gene
10661,53346,gene,0.0,True,Gene
10662,53347,gene,0.0,True,Gene
10663,53349,gene,0.0,True,Gene
10664,5335,gene,0.0,True,Gene
10665,53353,gene,0.0,True,Gene
10666,53354,gene,0.0,True,Gene
10667,53358,gene,0.0,True,Gene
10668,5336,gene,0.0,True,Gene
10669,5337,gene,0.0,True,Gene
10670,53371,gene,0.0,True,Gene
10671,53373,gene,0.0,True,Gene
10672,5338,gene,0.0,True,Gene
10673,5339,gene,0.0,True,Gene
10674,534,gene,0.0,True,Gene
10675,5340,gene,0.0,True,Gene
10676,53405,gene,0.0,True,Gene
10677,53407,gene,0.0,True,Gene
10678,5341,gene,0.0,True,Gene
10679,5342,gene,0.0,True,Gene
10680,5343,gene,0.0,True,Gene
10681,5345,gene,0.0,True,Gene
10682,5346,gene,0.0,True,Gene
10683,5347,gene,0.0,True,Gene
10684,5348,gene,0.0,True,Gene
10685,5349,gene,0.0,True,Gene
10686,535,gene,0.0,True,Gene
10687,5350,gene,0.0,True,Gene
10688,5351,gene,0.0,True,Gene
10689,5352,gene,0.0,True,Gene
10690,5354,gene,0.0,True,Gene
10691,5355,gene,0.0,True,Gene
10692,5356,gene,0.0,True,Gene
10693,5357,gene,0.0,True,Gene
10694,5358,gene,0.0,True,Gene
10695,5359,gene,0.0,True,Gene
10696,5360,gene,0.0,True,Gene
10697,5361,gene,0.0,True,Gene
10698,53615,gene,0.0,True,Gene
10699,53616,gene,0.0,True,Gene
10700,5362,gene,0.0,True,Gene
10701,53630,gene,0.0,True,Gene
10702,53632,gene,0.0,True,Gene
10703,53635,gene,0.0,True,Gene
10704,53637,gene,0.0,True,Gene
10705,5364,gene,0.0,True,Gene
10706,5365,gene,0.0,True,Gene
10707,5366,gene,0.0,True,Gene
10708,5367,gene,0.0,True,Gene
10709,5368,gene,0.0,True,Gene
10710,537,gene,0.0,True,Gene
10711,5371,gene,0.0,True,Gene
10712,5372,gene,0.0,True,Gene
10713,5373,gene,0.0,True,Gene
10714,5375,gene,0.42872614,True,Gene
10715,5376,gene,0.0,True,Gene
10716,5378,gene,0.0,True,Gene
10717,538,gene,0.0,True,Gene
10718,53820,gene,0.0,True,Gene
10719,53822,gene,0.0,True,Gene
10720,53826,gene,0.0,True,Gene
10721,53827,gene,0.0,True,Gene
10722,53828,gene,0.0,True,Gene
10723,53829,gene,0.0,True,Gene
10724,53831,gene,0.0,True,Gene
10725,53832,gene,0.0,True,Gene
10726,53833,gene,0.0,True,Gene
10727,53834,gene,0.0,True,Gene
10728,53836,gene,0.0,True,Gene
10729,53838,gene,0.0,True,Gene
10730,53840,gene,0.0,True,Gene
10731,53841,gene,0.0,True,Gene
10732,53842,gene,0.0,True,Gene
10733,539,gene,0.0,True,Gene
10734,53904,gene,0.0,True,Gene
10735,53905,gene,0.0,True,Gene
10736,53916,gene,0.0,True,Gene
10737,53917,gene,0.0,True,Gene
10738,53918,gene,0.0,True,Gene
10739,53919,gene,0.0,True,Gene
10740,5393,gene,0.0,True,Gene
10741,53938,gene,0.0,True,Gene
10742,5394,gene,0.0,True,Gene
10743,53942,gene,0.0,True,Gene
10744,53944,gene,0.0,True,Gene
10745,53947,gene,0.0,True,Gene
10746,5395,gene,0.0,True,Gene
10747,5396,gene,0.0,True,Gene
10748,53981,gene,0.0,True,Gene
10749,54,gene,0.0,True,Gene
10750,540,gene,0.0,True,Gene
10751,54014,gene,0.0,True,Gene
10752,54020,gene,0.0,True,Gene
10753,54033,gene,0.0,True,Gene
10754,54039,gene,0.0,True,Gene
10755,54058,gene,0.0,True,Gene
10756,54059,gene,0.0,True,Gene
10757,54065,gene,0.0,True,Gene
10758,54069,gene,0.0,True,Gene
10759,5407,gene,0.0,True,Gene
10760,5408,gene,0.0,True,Gene
10761,54084,gene,0.0,True,Gene
10762,5409,gene,0.0,True,Gene
10763,54093,gene,0.0,True,Gene
10764,54097,gene,0.0,True,Gene
10765,54101,gene,0.0,True,Gene
10766,54102,gene,0.0,True,Gene
10767,54103,gene,0.0,True,Gene
10768,54106,gene,0.0,True,Gene
10769,54107,gene,0.0,True,Gene
10770,54108,gene,0.0,True,Gene
10771,5411,gene,0.0,True,Gene
10772,54112,gene,0.0,True,Gene
10773,5412,gene,0.0,True,Gene
10774,5413,gene,0.0,True,Gene
10775,5414,gene,0.0,True,Gene
10776,54145,gene,0.0,True,Gene
10777,541465,gene,0.0,True,Gene
10778,541466,gene,0.0,True,Gene
10779,541468,gene,0.0,True,Gene
10780,54148,gene,0.0,True,Gene
10781,54149,gene,0.0,True,Gene
10782,541565,gene,0.0,True,Gene
10783,541578,gene,0.0,True,Gene
10784,54165,gene,0.0,True,Gene
10785,54187,gene,0.0,True,Gene
10786,5420,gene,0.0,True,Gene
10787,54205,gene,0.0,True,Gene
10788,54206,gene,0.0,True,Gene
10789,54207,gene,0.0,True,Gene
10790,54209,gene,0.0,True,Gene
10791,54210,gene,0.0,True,Gene
10792,54212,gene,0.0,True,Gene
10793,5422,gene,0.0,True,Gene
10794,54221,gene,0.0,True,Gene
10795,5423,gene,0.0,True,Gene
10796,5424,gene,0.0,True,Gene
10797,5425,gene,0.0,True,Gene
10798,5426,gene,0.0,True,Gene
10799,5427,gene,0.0,True,Gene
10800,5428,gene,0.0,True,Gene
10801,5429,gene,0.0,True,Gene
10802,5430,gene,0.0,True,Gene
10803,5431,gene,0.0,True,Gene
10804,5432,gene,0.0,True,Gene
10805,54328,gene,0.0,True,Gene
10806,54329,gene,0.0,True,Gene
10807,5433,gene,0.0,True,Gene
10808,54331,gene,0.0,True,Gene
10809,54332,gene,0.0,True,Gene
10810,5434,gene,0.0,True,Gene
10811,54344,gene,0.0,True,Gene
10812,54345,gene,0.0,True,Gene
10813,54346,gene,0.0,True,Gene
10814,5435,gene,0.0,True,Gene
10815,5436,gene,0.0,True,Gene
10816,54360,gene,0.0,True,Gene
10817,54361,gene,0.0,True,Gene
10818,54363,gene,0.0,True,Gene
10819,5437,gene,0.0,True,Gene
10820,5438,gene,0.0,True,Gene
10821,54386,gene,0.0,True,Gene
10822,5439,gene,0.0,True,Gene
10823,5440,gene,0.0,True,Gene
10824,54407,gene,0.0,True,Gene
10825,5441,gene,0.0,True,Gene
10826,54413,gene,0.0,True,Gene
10827,54414,gene,0.0,True,Gene
10828,5442,gene,0.0,True,Gene
10829,54429,gene,0.0,True,Gene
10830,5443,gene,0.0,True,Gene
10831,54431,gene,0.0,True,Gene
10832,54432,gene,0.0,True,Gene
10833,54433,gene,0.0,True,Gene
10834,54434,gene,0.0,True,Gene
10835,54436,gene,0.0,True,Gene
10836,54437,gene,0.0,True,Gene
10837,54438,gene,0.0,True,Gene
10838,54439,gene,0.0,True,Gene
10839,5444,gene,0.0,True,Gene
10840,54440,gene,0.0,True,Gene
10841,54442,gene,0.0,True,Gene
10842,54443,gene,0.0,True,Gene
10843,5445,gene,0.0,True,Gene
10844,54453,gene,0.0,True,Gene
10845,54454,gene,0.0,True,Gene
10846,54455,gene,0.0,True,Gene
10847,54456,gene,0.0,True,Gene
10848,54457,gene,0.0,True,Gene
10849,54458,gene,0.0,True,Gene
10850,5446,gene,0.0,True,Gene
10851,54460,gene,0.0,True,Gene
10852,54461,gene,0.0,True,Gene
10853,54462,gene,0.0,True,Gene
10854,54463,gene,0.0,True,Gene
10855,54464,gene,0.0,True,Gene
10856,54465,gene,0.0,True,Gene
10857,54466,gene,0.0,True,Gene
10858,54467,gene,0.0,True,Gene
10859,54468,gene,0.0,True,Gene
10860,54469,gene,0.0,True,Gene
10861,5447,gene,0.0,True,Gene
10862,54470,gene,0.0,True,Gene
10863,54471,gene,0.0,True,Gene
10864,54472,gene,0.0,True,Gene
10865,54474,gene,0.0,True,Gene
10866,54475,gene,0.0,True,Gene
10867,54476,gene,0.0,True,Gene
10868,54477,gene,0.0,True,Gene
10869,54478,gene,0.0,True,Gene
10870,54480,gene,0.0,True,Gene
10871,54482,gene,0.0,True,Gene
10872,54487,gene,0.0,True,Gene
10873,5449,gene,0.0,True,Gene
10874,54490,gene,0.0,True,Gene
10875,54491,gene,0.0,True,Gene
10876,54492,gene,0.0,True,Gene
10877,54494,gene,0.0,True,Gene
10878,54495,gene,0.0,True,Gene
10879,54496,gene,0.0,True,Gene
10880,54497,gene,0.0,True,Gene
10881,54498,gene,0.0,True,Gene
10882,54499,gene,0.0,True,Gene
10883,545,gene,0.0,True,Gene
10884,5450,gene,0.0,True,Gene
10885,54502,gene,0.0,True,Gene
10886,54503,gene,0.0,True,Gene
10887,54504,gene,0.0,True,Gene
10888,54505,gene,0.0,True,Gene
10889,54507,gene,0.0,True,Gene
10890,54509,gene,0.0,True,Gene
10891,5451,gene,0.0,True,Gene
10892,54510,gene,0.0,True,Gene
10893,54511,gene,0.0,True,Gene
10894,54512,gene,0.0,True,Gene
10895,54514,gene,0.0,True,Gene
10896,54516,gene,0.0,True,Gene
10897,54517,gene,0.0,True,Gene
10898,54518,gene,0.0,True,Gene
10899,5452,gene,0.0,True,Gene
10900,54520,gene,0.0,True,Gene
10901,54521,gene,0.0,True,Gene
10902,54522,gene,0.0,True,Gene
10903,54529,gene,0.0,True,Gene
10904,5453,gene,0.0,True,Gene
10905,54531,gene,1.3959689,True,Gene
10906,54532,gene,0.0,True,Gene
10907,54534,gene,0.0,True,Gene
10908,54535,gene,0.0,True,Gene
10909,54536,gene,0.0,True,Gene
10910,54537,gene,0.0,True,Gene
10911,54538,gene,0.0,True,Gene
10912,54539,gene,0.0,True,Gene
10913,5454,gene,0.0,True,Gene
10914,54540,gene,0.0,True,Gene
10915,54541,gene,0.0,True,Gene
10916,54542,gene,0.0,True,Gene
10917,54543,gene,0.0,True,Gene
10918,54544,gene,0.0,True,Gene
10919,54545,gene,0.0,True,Gene
10920,54546,gene,0.0,True,Gene
10921,54549,gene,0.0,True,Gene
10922,5455,gene,0.0,True,Gene
10923,54550,gene,0.0,True,Gene
10924,54551,gene,0.0,True,Gene
10925,54552,gene,0.0,True,Gene
10926,54554,gene,0.0,True,Gene
10927,54555,gene,0.0,True,Gene
10928,54556,gene,0.0,True,Gene
10929,54557,gene,0.0,True,Gene
10930,54558,gene,0.0,True,Gene
10931,5456,gene,0.0,True,Gene
10932,54566,gene,0.0,True,Gene
10933,54567,gene,0.0,True,Gene
10934,5457,gene,0.0,True,Gene
10935,54575,gene,0.0,True,Gene
10936,54576,gene,0.0,True,Gene
10937,54577,gene,0.0,True,Gene
10938,54578,gene,0.0,True,Gene
10939,54579,gene,0.0,True,Gene
10940,54583,gene,0.0,True,Gene
10941,54584,gene,0.0,True,Gene
10942,54585,gene,0.0,True,Gene
10943,54586,gene,0.0,True,Gene
10944,54587,gene,0.0,True,Gene
10945,5459,gene,0.0,True,Gene
10946,54596,gene,0.0,True,Gene
10947,546,gene,0.0,True,Gene
10948,5460,gene,0.0,True,Gene
10949,54602,gene,0.0,True,Gene
10950,54606,gene,0.0,True,Gene
10951,54617,gene,0.0,True,Gene
10952,54619,gene,0.0,True,Gene
10953,5462,gene,0.0,True,Gene
10954,54620,gene,0.0,True,Gene
10955,54621,gene,0.0,True,Gene
10956,54622,gene,0.0,True,Gene
10957,54623,gene,0.0,True,Gene
10958,54625,gene,0.0,True,Gene
10959,54626,gene,0.0,True,Gene
10960,54627,gene,0.0,True,Gene
10961,54629,gene,0.0,True,Gene
10962,5463,gene,0.0,True,Gene
10963,5464,gene,0.0,True,Gene
10964,5465,gene,0.0,True,Gene
10965,54658,gene,0.0,True,Gene
10966,54659,gene,0.0,True,Gene
10967,54662,gene,0.0,True,Gene
10968,54663,gene,0.0,True,Gene
10969,54664,gene,0.0,True,Gene
10970,54665,gene,0.0,True,Gene
10971,5467,gene,0.0,True,Gene
10972,54674,gene,0.0,True,Gene
10973,54675,gene,0.0,True,Gene
10974,54676,gene,0.0,True,Gene
10975,54677,gene,0.0,True,Gene
10976,5468,gene,0.0,True,Gene
10977,54680,gene,0.0,True,Gene
10978,54681,gene,0.0,True,Gene
10979,54682,gene,0.0,True,Gene
10980,5469,gene,0.0,True,Gene
10981,547,gene,0.0,True,Gene
10982,5470,gene,0.0,True,Gene
10983,54700,gene,0.0,True,Gene
10984,54704,gene,0.0,True,Gene
10985,54707,gene,0.0,True,Gene
10986,54708,gene,0.0,True,Gene
10987,5471,gene,0.0,True,Gene
10988,54714,gene,0.0,True,Gene
10989,54715,gene,0.0,True,Gene
10990,54716,gene,0.0,True,Gene
10991,54726,gene,0.0,True,Gene
10992,54729,gene,0.0,True,Gene
10993,5473,gene,0.0,True,Gene
10994,54732,gene,0.0,True,Gene
10995,54733,gene,0.0,True,Gene
10996,54734,gene,0.0,True,Gene
10997,54737,gene,0.0,True,Gene
10998,54738,gene,0.0,True,Gene
10999,54739,gene,0.0,True,Gene
11000,54741,gene,0.0,True,Gene
11001,54742,gene,0.0,True,Gene
11002,54749,gene,0.0,True,Gene
11003,5475,gene,0.0,True,Gene
11004,54751,gene,0.0,True,Gene
11005,54752,gene,0.0,True,Gene
11006,54753,gene,0.0,True,Gene
11007,54754,gene,0.0,True,Gene
11008,54756,gene,0.0,True,Gene
11009,54757,gene,0.0,True,Gene
11010,54758,gene,0.0,True,Gene
11011,5476,gene,0.0,True,Gene
11012,54760,gene,0.0,True,Gene
11013,54762,gene,0.0,True,Gene
11014,54763,gene,0.0,True,Gene
11015,54764,gene,0.0,True,Gene
11016,54765,gene,0.0,True,Gene
11017,54766,gene,0.0,True,Gene
11018,54768,gene,0.0,True,Gene
11019,54769,gene,0.0,True,Gene
11020,54776,gene,0.0,True,Gene
11021,54777,gene,0.0,True,Gene
11022,54778,gene,0.0,True,Gene
11023,5478,gene,0.0,True,Gene
11024,54780,gene,0.0,True,Gene
11025,54784,gene,0.0,True,Gene
11026,54785,gene,0.0,True,Gene
11027,54788,gene,0.0,True,Gene
11028,5479,gene,0.0,True,Gene
11029,54790,gene,0.0,True,Gene
11030,54793,gene,0.0,True,Gene
11031,54795,gene,0.0,True,Gene
11032,54796,gene,0.0,True,Gene
11033,54797,gene,0.0,True,Gene
11034,54798,gene,0.0,True,Gene
11035,54799,gene,0.0,True,Gene
11036,5480,gene,0.0,True,Gene
11037,54800,gene,0.0,True,Gene
11038,54801,gene,0.0,True,Gene
11039,54802,gene,0.0,True,Gene
11040,54805,gene,0.0,True,Gene
11041,54806,gene,0.0,True,Gene
11042,54807,gene,0.0,True,Gene
11043,54808,gene,0.0,True,Gene
11044,54809,gene,0.0,True,Gene
11045,5481,gene,0.0,True,Gene
11046,54810,gene,0.0,True,Gene
11047,54811,gene,0.0,True,Gene
11048,54812,gene,0.0,True,Gene
11049,54813,gene,0.0,True,Gene
11050,54814,gene,0.0,True,Gene
11051,54815,gene,0.0,True,Gene
11052,54816,gene,0.0,True,Gene
11053,54819,gene,0.0,True,Gene
11054,54820,gene,0.0,True,Gene
11055,54821,gene,0.0,True,Gene
11056,54822,gene,0.0,True,Gene
11057,54823,gene,0.0,True,Gene
11058,54825,gene,0.0,True,Gene
11059,54826,gene,0.0,True,Gene
11060,54827,gene,0.0,True,Gene
11061,54828,gene,0.0,True,Gene
11062,54829,gene,0.0,True,Gene
11063,54830,gene,0.0,True,Gene
11064,54831,gene,0.0,True,Gene
11065,548313,gene,0.0,True,Gene
11066,54832,gene,0.0,True,Gene
11067,54834,gene,0.0,True,Gene
11068,54836,gene,0.0,True,Gene
11069,54838,gene,0.0,True,Gene
11070,54839,gene,0.0,True,Gene
11071,54840,gene,0.0,True,Gene
11072,54841,gene,0.0,True,Gene
11073,54842,gene,0.0,True,Gene
11074,54843,gene,0.0,True,Gene
11075,54845,gene,0.0,True,Gene
11076,54847,gene,0.0,True,Gene
11077,54848,gene,0.0,True,Gene
11078,54849,gene,0.0,True,Gene
11079,54850,gene,0.0,True,Gene
11080,54851,gene,0.0,True,Gene
11081,54852,gene,0.0,True,Gene
11082,54853,gene,0.0,True,Gene
11083,54854,gene,0.0,True,Gene
11084,54855,gene,0.0,True,Gene
11085,54856,gene,0.0,True,Gene
11086,54857,gene,0.0,True,Gene
11087,54858,gene,0.0,True,Gene
11088,54859,gene,0.0,True,Gene
11089,548593,gene,0.0,True,Gene
11090,548596,gene,0.0,True,Gene
11091,54861,gene,0.0,True,Gene
11092,54862,gene,0.0,True,Gene
11093,54863,gene,0.0,True,Gene
11094,548644,gene,0.0,True,Gene
11095,548645,gene,0.0,True,Gene
11096,54865,gene,0.0,True,Gene
11097,54866,gene,0.0,True,Gene
11098,54867,gene,0.0,True,Gene
11099,54868,gene,0.0,True,Gene
11100,54869,gene,0.0,True,Gene
11101,54870,gene,0.0,True,Gene
11102,54872,gene,0.0,True,Gene
11103,54873,gene,0.0,True,Gene
11104,54874,gene,0.0,True,Gene
11105,54875,gene,0.0,True,Gene
11106,54876,gene,0.0,True,Gene
11107,54877,gene,0.0,True,Gene
11108,54878,gene,0.0,True,Gene
11109,54879,gene,0.0,True,Gene
11110,54880,gene,0.0,True,Gene
11111,54881,gene,0.0,True,Gene
11112,54882,gene,0.0,True,Gene
11113,54883,gene,0.0,True,Gene
11114,54884,gene,0.0,True,Gene
11115,54885,gene,0.0,True,Gene
11116,54886,gene,0.0,True,Gene
11117,54887,gene,0.0,True,Gene
11118,54888,gene,0.0,True,Gene
11119,54890,gene,0.0,True,Gene
11120,54891,gene,0.0,True,Gene
11121,54892,gene,0.0,True,Gene
11122,54893,gene,0.0,True,Gene
11123,54894,gene,0.0,True,Gene
11124,54896,gene,0.0,True,Gene
11125,54897,gene,0.0,True,Gene
11126,54898,gene,0.0,True,Gene
11127,54899,gene,0.0,True,Gene
11128,549,gene,0.0,True,Gene
11129,54900,gene,0.0,True,Gene
11130,54901,gene,0.0,True,Gene
11131,54902,gene,0.0,True,Gene
11132,54903,gene,0.0,True,Gene
11133,54904,gene,0.0,True,Gene
11134,54905,gene,0.0,True,Gene
11135,54906,gene,0.0,True,Gene
11136,54908,gene,0.0,True,Gene
11137,54910,gene,0.0,True,Gene
11138,54913,gene,0.0,True,Gene
11139,54914,gene,0.0,True,Gene
11140,54915,gene,0.0,True,Gene
11141,54916,gene,0.0,True,Gene
11142,54918,gene,0.0,True,Gene
11143,54919,gene,0.0,True,Gene
11144,54920,gene,0.0,True,Gene
11145,54921,gene,0.0,True,Gene
11146,54922,gene,0.0,True,Gene
11147,54923,gene,0.0,True,Gene
11148,54925,gene,0.0,True,Gene
11149,54926,gene,0.0,True,Gene
11150,54927,gene,0.0,True,Gene
11151,54928,gene,0.0,True,Gene
11152,54929,gene,0.0,True,Gene
11153,5493,gene,0.0,True,Gene
11154,54930,gene,0.0,True,Gene
11155,54931,gene,0.0,True,Gene
11156,54932,gene,0.0,True,Gene
11157,54933,gene,0.0,True,Gene
11158,54934,gene,0.0,True,Gene
11159,54935,gene,0.0,True,Gene
11160,54936,gene,0.0,True,Gene
11161,54937,gene,0.0,True,Gene
11162,54938,gene,0.0,True,Gene
11163,54939,gene,0.0,True,Gene
11164,5494,gene,0.0,True,Gene
11165,54940,gene,0.0,True,Gene
11166,54941,gene,0.0,True,Gene
11167,54942,gene,0.0,True,Gene
11168,54943,gene,0.0,True,Gene
11169,54946,gene,0.0,True,Gene
11170,54947,gene,0.0,True,Gene
11171,54948,gene,0.0,True,Gene
11172,54949,gene,0.0,True,Gene
11173,5495,gene,0.0,True,Gene
11174,54951,gene,0.0,True,Gene
11175,54952,gene,0.0,True,Gene
11176,54953,gene,0.0,True,Gene
11177,54954,gene,0.0,True,Gene
11178,54955,gene,0.0,True,Gene
11179,54956,gene,0.0,True,Gene
11180,54957,gene,0.0,True,Gene
11181,54958,gene,0.0,True,Gene
11182,54959,gene,0.0,True,Gene
11183,5496,gene,0.0,True,Gene
11184,54960,gene,0.0,True,Gene
11185,54961,gene,0.0,True,Gene
11186,54962,gene,0.0,True,Gene
11187,54963,gene,0.0,True,Gene
11188,54964,gene,0.0,True,Gene
11189,54965,gene,0.0,True,Gene
11190,54967,gene,0.0,True,Gene
11191,54968,gene,0.0,True,Gene
11192,54969,gene,0.0,True,Gene
11193,54970,gene,0.0,True,Gene
11194,54971,gene,0.0,True,Gene
11195,54972,gene,0.0,True,Gene
11196,54973,gene,0.0,True,Gene
11197,54974,gene,0.0,True,Gene
11198,54976,gene,0.0,True,Gene
11199,54977,gene,0.0,True,Gene
11200,54978,gene,0.0,True,Gene
11201,54979,gene,0.0,True,Gene
11202,5498,gene,0.0,True,Gene
11203,54980,gene,0.0,True,Gene
11204,54981,gene,0.0,True,Gene
11205,54982,gene,0.0,True,Gene
11206,54984,gene,0.0,True,Gene
11207,54985,gene,0.0,True,Gene
11208,54986,gene,0.0,True,Gene
11209,54987,gene,0.0,True,Gene
11210,54988,gene,0.0,True,Gene
11211,54989,gene,0.0,True,Gene
11212,5499,gene,0.0,True,Gene
11213,54991,gene,0.0,True,Gene
11214,54993,gene,0.0,True,Gene
11215,54994,gene,0.0,True,Gene
11216,54995,gene,0.0,True,Gene
11217,54996,gene,0.0,True,Gene
11218,54997,gene,0.0,True,Gene
11219,54998,gene,0.0,True,Gene
11220,55,gene,0.0,True,Gene
11221,550,gene,0.0,True,Gene
11222,5500,gene,0.0,True,Gene
11223,55000,gene,0.0,True,Gene
11224,55001,gene,0.0,True,Gene
11225,55002,gene,0.0,True,Gene
11226,55003,gene,0.0,True,Gene
11227,55004,gene,0.0,True,Gene
11228,55005,gene,0.0,True,Gene
11229,55006,gene,0.0,True,Gene
11230,55007,gene,0.0,True,Gene
11231,55008,gene,0.0,True,Gene
11232,55009,gene,0.0,True,Gene
11233,5501,gene,0.0,True,Gene
11234,55010,gene,0.0,True,Gene
11235,55011,gene,0.0,True,Gene
11236,55012,gene,0.0,True,Gene
11237,55013,gene,0.0,True,Gene
11238,55014,gene,0.0,True,Gene
11239,55015,gene,0.0,True,Gene
11240,55016,gene,0.0,True,Gene
11241,55017,gene,0.0,True,Gene
11242,55018,gene,0.0,True,Gene
11243,5502,gene,0.0,True,Gene
11244,55020,gene,0.0,True,Gene
11245,55022,gene,0.0,True,Gene
11246,55023,gene,0.0,True,Gene
11247,55024,gene,0.0,True,Gene
11248,55026,gene,0.0,True,Gene
11249,55027,gene,0.0,True,Gene
11250,55028,gene,0.0,True,Gene
11251,55030,gene,0.0,True,Gene
11252,55031,gene,0.0,True,Gene
11253,55032,gene,0.0,True,Gene
11254,55033,gene,0.0,True,Gene
11255,55034,gene,0.0,True,Gene
11256,55035,gene,0.0,True,Gene
11257,55036,gene,0.0,True,Gene
11258,55037,gene,0.0,True,Gene
11259,55038,gene,0.0,True,Gene
11260,55039,gene,0.0,True,Gene
11261,5504,gene,0.0,True,Gene
11262,55040,gene,0.0,True,Gene
11263,55041,gene,0.0,True,Gene
11264,55048,gene,0.0,True,Gene
11265,55049,gene,0.0,True,Gene
11266,55051,gene,0.0,True,Gene
11267,55052,gene,0.0,True,Gene
11268,55054,gene,0.0,True,Gene
11269,55055,gene,0.0,True,Gene
11270,55057,gene,0.0,True,Gene
11271,55061,gene,0.0,True,Gene
11272,55062,gene,0.0,True,Gene
11273,55063,gene,0.0,True,Gene
11274,550631,gene,0.0,True,Gene
11275,55064,gene,0.0,True,Gene
11276,550643,gene,0.0,True,Gene
11277,55065,gene,0.0,True,Gene
11278,55066,gene,0.0,True,Gene
11279,55068,gene,0.0,True,Gene
11280,55069,gene,0.0,True,Gene
11281,5507,gene,0.0,True,Gene
11282,55070,gene,0.0,True,Gene
11283,55071,gene,0.0,True,Gene
11284,55072,gene,0.0,True,Gene
11285,55074,gene,0.0,True,Gene
11286,55075,gene,0.0,True,Gene
11287,55076,gene,0.0,True,Gene
11288,55079,gene,0.0,True,Gene
11289,55080,gene,0.0,True,Gene
11290,55081,gene,0.0,True,Gene
11291,55082,gene,0.0,True,Gene
11292,55083,gene,0.0,True,Gene
11293,55084,gene,0.0,True,Gene
11294,55086,gene,0.0,True,Gene
11295,55088,gene,0.0,True,Gene
11296,55089,gene,0.0,True,Gene
11297,5509,gene,0.0,True,Gene
11298,55090,gene,0.0,True,Gene
11299,55092,gene,0.0,True,Gene
11300,55093,gene,0.0,True,Gene
11301,55094,gene,0.0,True,Gene
11302,55095,gene,0.0,True,Gene
11303,55096,gene,0.0,True,Gene
11304,551,gene,0.0,True,Gene
11305,5510,gene,0.0,True,Gene
11306,55100,gene,0.0,True,Gene
11307,55101,gene,0.0,True,Gene
11308,55102,gene,0.0,True,Gene
11309,55103,gene,0.0,True,Gene
11310,55105,gene,0.0,True,Gene
11311,55106,gene,0.0,True,Gene
11312,55107,gene,0.0,True,Gene
11313,55108,gene,0.0,True,Gene
11314,55109,gene,0.0,True,Gene
11315,5511,gene,0.0,True,Gene
11316,55110,gene,0.0,True,Gene
11317,55111,gene,0.0,True,Gene
11318,55112,gene,0.0,True,Gene
11319,55113,gene,0.0,True,Gene
11320,55114,gene,0.0,True,Gene
11321,55116,gene,0.0,True,Gene
11322,55117,gene,0.0,True,Gene
11323,55118,gene,0.0,True,Gene
11324,55119,gene,0.0,True,Gene
11325,55120,gene,0.0,True,Gene
11326,55122,gene,0.0,True,Gene
11327,55124,gene,0.0,True,Gene
11328,55125,gene,0.0,True,Gene
11329,55127,gene,0.0,True,Gene
11330,55128,gene,0.0,True,Gene
11331,55129,gene,0.0,True,Gene
11332,55130,gene,0.0,True,Gene
11333,55131,gene,0.0,True,Gene
11334,55132,gene,0.0,True,Gene
11335,55133,gene,0.0,True,Gene
11336,55135,gene,0.0,True,Gene
11337,55137,gene,0.0,True,Gene
11338,55138,gene,0.0,True,Gene
11339,55139,gene,0.0,True,Gene
11340,5514,gene,0.0,True,Gene
11341,55140,gene,0.0,True,Gene
11342,55142,gene,0.0,True,Gene
11343,55143,gene,0.0,True,Gene
11344,55144,gene,0.0,True,Gene
11345,55145,gene,0.0,True,Gene
11346,55146,gene,0.0,True,Gene
11347,55147,gene,0.0,True,Gene
11348,55148,gene,0.0,True,Gene
11349,55149,gene,0.0,True,Gene
11350,5515,gene,0.0,True,Gene
11351,55150,gene,0.0,True,Gene
11352,55151,gene,0.0,True,Gene
11353,55152,gene,0.0,True,Gene
11354,55153,gene,0.0,True,Gene
11355,55154,gene,0.0,True,Gene
11356,55156,gene,0.0,True,Gene
11357,55157,gene,0.0,True,Gene
11358,55159,gene,0.0,True,Gene
11359,5516,gene,0.0,True,Gene
11360,55160,gene,0.0,True,Gene
11361,55161,gene,0.0,True,Gene
11362,55163,gene,0.0,True,Gene
11363,55164,gene,0.0,True,Gene
11364,55165,gene,0.0,True,Gene
11365,55166,gene,0.0,True,Gene
11366,55167,gene,0.0,True,Gene
11367,55168,gene,0.0,True,Gene
11368,55170,gene,0.0,True,Gene
11369,55171,gene,0.0,True,Gene
11370,55172,gene,0.0,True,Gene
11371,55173,gene,0.0,True,Gene
11372,55174,gene,0.0,True,Gene
11373,55175,gene,0.0,True,Gene
11374,55176,gene,0.0,True,Gene
11375,55177,gene,0.0,True,Gene
11376,55178,gene,0.0,True,Gene
11377,55179,gene,0.0,True,Gene
11378,5518,gene,0.0,True,Gene
11379,55180,gene,0.0,True,Gene
11380,55181,gene,0.0,True,Gene
11381,55182,gene,0.0,True,Gene
11382,55183,gene,0.0,True,Gene
11383,55184,gene,0.0,True,Gene
11384,55186,gene,0.0,True,Gene
11385,55187,gene,0.0,True,Gene
11386,55188,gene,0.0,True,Gene
11387,5519,gene,0.0,True,Gene
11388,55190,gene,0.0,True,Gene
11389,55191,gene,0.0,True,Gene
11390,55192,gene,0.0,True,Gene
11391,55193,gene,0.0,True,Gene
11392,55194,gene,0.0,True,Gene
11393,55195,gene,0.0,True,Gene
11394,55196,gene,0.0,True,Gene
11395,55197,gene,0.0,True,Gene
11396,55198,gene,0.0,True,Gene
11397,552,gene,0.0,True,Gene
11398,5520,gene,0.0,True,Gene
11399,55200,gene,0.0,True,Gene
11400,55201,gene,0.0,True,Gene
11401,55203,gene,0.0,True,Gene
11402,55204,gene,0.0,True,Gene
11403,55205,gene,0.0,True,Gene
11404,55206,gene,0.0,True,Gene
11405,55207,gene,0.0,True,Gene
11406,55208,gene,0.0,True,Gene
11407,55209,gene,0.0,True,Gene
11408,5521,gene,0.0,True,Gene
11409,55210,gene,0.0,True,Gene
11410,55211,gene,0.0,True,Gene
11411,55212,gene,0.0,True,Gene
11412,55213,gene,0.0,True,Gene
11413,55214,gene,0.0,True,Gene
11414,55215,gene,0.0,True,Gene
11415,55216,gene,0.0,True,Gene
11416,55217,gene,0.0,True,Gene
11417,55218,gene,0.0,True,Gene
11418,55219,gene,0.0,True,Gene
11419,5522,gene,0.0,True,Gene
11420,55220,gene,0.0,True,Gene
11421,55222,gene,0.0,True,Gene
11422,55223,gene,0.0,True,Gene
11423,55224,gene,0.0,True,Gene
11424,55225,gene,0.0,True,Gene
11425,55226,gene,0.0,True,Gene
11426,55227,gene,0.0,True,Gene
11427,55228,gene,0.0,True,Gene
11428,55229,gene,0.0,True,Gene
11429,5523,gene,0.0,True,Gene
11430,55230,gene,0.0,True,Gene
11431,55231,gene,0.0,True,Gene
11432,55233,gene,0.0,True,Gene
11433,55234,gene,0.0,True,Gene
11434,55236,gene,0.0,True,Gene
11435,55237,gene,0.0,True,Gene
11436,55238,gene,0.0,True,Gene
11437,55239,gene,0.0,True,Gene
11438,5524,gene,0.0,True,Gene
11439,55240,gene,0.0,True,Gene
11440,55243,gene,0.0,True,Gene
11441,55244,gene,0.0,True,Gene
11442,55245,gene,0.0,True,Gene
11443,55246,gene,0.0,True,Gene
11444,55247,gene,0.0,True,Gene
11445,55248,gene,0.0,True,Gene
11446,55249,gene,0.0,True,Gene
11447,5525,gene,0.0,True,Gene
11448,55250,gene,0.0,True,Gene
11449,55251,gene,0.0,True,Gene
11450,55252,gene,0.0,True,Gene
11451,55253,gene,0.0,True,Gene
11452,55254,gene,0.0,True,Gene
11453,55255,gene,0.0,True,Gene
11454,55256,gene,0.0,True,Gene
11455,55257,gene,0.0,True,Gene
11456,55258,gene,0.0,True,Gene
11457,55259,gene,0.0,True,Gene
11458,5526,gene,0.0,True,Gene
11459,55260,gene,0.0,True,Gene
11460,55262,gene,0.0,True,Gene
11461,55266,gene,0.0,True,Gene
11462,55268,gene,0.0,True,Gene
11463,55269,gene,0.0,True,Gene
11464,5527,gene,0.0,True,Gene
11465,55270,gene,0.0,True,Gene
11466,55272,gene,0.0,True,Gene
11467,55273,gene,0.0,True,Gene
11468,55274,gene,0.0,True,Gene
11469,55275,gene,0.0,True,Gene
11470,55276,gene,0.0,True,Gene
11471,55277,gene,0.0,True,Gene
11472,55278,gene,0.0,True,Gene
11473,55279,gene,0.0,True,Gene
11474,5528,gene,0.0,True,Gene
11475,55280,gene,0.0,True,Gene
11476,55281,gene,0.0,True,Gene
11477,55282,gene,0.0,True,Gene
11478,55283,gene,0.0,True,Gene
11479,55284,gene,0.0,True,Gene
11480,55285,gene,0.0,True,Gene
11481,55286,gene,0.0,True,Gene
11482,55287,gene,0.0,True,Gene
11483,55288,gene,0.0,True,Gene
11484,552889,gene,0.0,True,Gene
11485,55289,gene,0.0,True,Gene
11486,552891,gene,0.0,True,Gene
11487,5529,gene,0.0,True,Gene
11488,55290,gene,0.0,True,Gene
11489,552900,gene,0.0,True,Gene
11490,55291,gene,0.0,True,Gene
11491,55293,gene,0.0,True,Gene
11492,55294,gene,0.0,True,Gene
11493,55295,gene,0.0,True,Gene
11494,55296,gene,0.0,True,Gene
11495,55297,gene,0.0,True,Gene
11496,55298,gene,0.0,True,Gene
11497,55299,gene,0.0,True,Gene
11498,553,gene,0.0,True,Gene
11499,5530,gene,0.0,True,Gene
11500,55300,gene,0.0,True,Gene
11501,55301,gene,0.0,True,Gene
11502,55303,gene,0.0,True,Gene
11503,55304,gene,0.0,True,Gene
11504,55308,gene,0.0,True,Gene
11505,5531,gene,0.0,True,Gene
11506,55311,gene,0.0,True,Gene
11507,553115,gene,0.0,True,Gene
11508,55312,gene,0.0,True,Gene
11509,55313,gene,0.0,True,Gene
11510,55314,gene,0.0,True,Gene
11511,55315,gene,0.0,True,Gene
11512,553158,gene,0.0,True,Gene
11513,55316,gene,0.0,True,Gene
11514,55317,gene,0.0,True,Gene
11515,55319,gene,0.0,True,Gene
11516,5532,gene,0.0,True,Gene
11517,55320,gene,0.0,True,Gene
11518,55321,gene,0.0,True,Gene
11519,55322,gene,0.0,True,Gene
11520,55323,gene,0.0,True,Gene
11521,55324,gene,0.0,True,Gene
11522,55325,gene,0.0,True,Gene
11523,55326,gene,0.0,True,Gene
11524,55327,gene,0.0,True,Gene
11525,55328,gene,0.0,True,Gene
11526,55329,gene,0.0,True,Gene
11527,5533,gene,0.0,True,Gene
11528,55330,gene,0.0,True,Gene
11529,55331,gene,0.0,True,Gene
11530,55332,gene,0.0,True,Gene
11531,55333,gene,0.0,True,Gene
11532,55334,gene,0.0,True,Gene
11533,55335,gene,0.0,True,Gene
11534,55336,gene,0.0,True,Gene
11535,55337,gene,0.0,True,Gene
11536,55339,gene,0.0,True,Gene
11537,5534,gene,0.0,True,Gene
11538,55340,gene,0.0,True,Gene
11539,55341,gene,0.0,True,Gene
11540,55342,gene,0.0,True,Gene
11541,55343,gene,0.0,True,Gene
11542,55344,gene,0.0,True,Gene
11543,55345,gene,0.0,True,Gene
11544,55346,gene,0.0,True,Gene
11545,55347,gene,0.0,True,Gene
11546,55349,gene,0.0,True,Gene
11547,5535,gene,0.0,True,Gene
11548,55351,gene,0.0,True,Gene
11549,55352,gene,0.0,True,Gene
11550,55353,gene,0.0,True,Gene
11551,55355,gene,0.0,True,Gene
11552,55356,gene,0.0,True,Gene
11553,55357,gene,0.0,True,Gene
11554,55359,gene,0.0,True,Gene
11555,5536,gene,0.0,True,Gene
11556,55361,gene,0.0,True,Gene
11557,55362,gene,0.0,True,Gene
11558,55363,gene,0.0,True,Gene
11559,55364,gene,0.0,True,Gene
11560,55365,gene,0.0,True,Gene
11561,55366,gene,0.0,True,Gene
11562,55367,gene,0.0,True,Gene
11563,5537,gene,0.0,True,Gene
11564,55374,gene,0.0,True,Gene
11565,55379,gene,0.0,True,Gene
11566,5538,gene,0.0,True,Gene
11567,55388,gene,0.0,True,Gene
11568,5539,gene,0.0,True,Gene
11569,554,gene,0.0,True,Gene
11570,5540,gene,0.0,True,Gene
11571,55421,gene,0.0,True,Gene
11572,55422,gene,0.0,True,Gene
11573,554226,gene,0.0,True,Gene
11574,55423,gene,0.0,True,Gene
11575,554235,gene,0.0,True,Gene
11576,55425,gene,0.0,True,Gene
11577,554251,gene,0.0,True,Gene
11578,554282,gene,0.0,True,Gene
11579,554313,gene,0.0,True,Gene
11580,55432,gene,0.0,True,Gene
11581,55435,gene,0.0,True,Gene
11582,55437,gene,0.0,True,Gene
11583,5544,gene,0.0,True,Gene
11584,5545,gene,0.0,True,Gene
11585,55450,gene,0.0,True,Gene
11586,55454,gene,0.0,True,Gene
11587,5546,gene,0.0,True,Gene
11588,55466,gene,0.0,True,Gene
11589,5547,gene,0.0,True,Gene
11590,55471,gene,0.0,True,Gene
11591,55486,gene,0.0,True,Gene
11592,5549,gene,0.0,True,Gene
11593,5550,gene,0.0,True,Gene
11594,55500,gene,0.0,True,Gene
11595,55501,gene,0.0,True,Gene
11596,55502,gene,0.0,True,Gene
11597,55503,gene,0.0,True,Gene
11598,55504,gene,0.0,True,Gene
11599,55505,gene,0.0,True,Gene
11600,55506,gene,0.0,True,Gene
11601,55507,gene,0.0,True,Gene
11602,55508,gene,0.0,True,Gene
11603,55509,gene,0.0,True,Gene
11604,5551,gene,0.0,True,Gene
11605,55510,gene,0.0,True,Gene
11606,55511,gene,0.0,True,Gene
11607,55512,gene,0.0,True,Gene
11608,55515,gene,0.0,True,Gene
11609,5552,gene,0.0,True,Gene
11610,55520,gene,0.0,True,Gene
11611,55521,gene,0.0,True,Gene
11612,55526,gene,0.0,True,Gene
11613,55527,gene,0.0,True,Gene
11614,55529,gene,0.0,True,Gene
11615,5553,gene,0.0,True,Gene
11616,55530,gene,0.0,True,Gene
11617,55531,gene,0.0,True,Gene
11618,55532,gene,0.0,True,Gene
11619,55534,gene,0.0,True,Gene
11620,55536,gene,0.0,True,Gene
11621,5554,gene,0.0,True,Gene
11622,55540,gene,0.0,True,Gene
11623,55544,gene,0.0,True,Gene
11624,5555,gene,0.0,True,Gene
11625,55552,gene,0.0,True,Gene
11626,55553,gene,0.0,True,Gene
11627,55554,gene,0.0,True,Gene
11628,55556,gene,0.0,True,Gene
11629,55558,gene,0.0,True,Gene
11630,55559,gene,0.0,True,Gene
11631,55561,gene,0.0,True,Gene
11632,55565,gene,0.0,True,Gene
11633,55567,gene,0.0,True,Gene
11634,55568,gene,0.0,True,Gene
11635,5557,gene,0.0,True,Gene
11636,55571,gene,0.0,True,Gene
11637,55572,gene,0.0,True,Gene
11638,55573,gene,0.0,True,Gene
11639,55576,gene,0.0,True,Gene
11640,55577,gene,0.0,True,Gene
11641,55578,gene,0.0,True,Gene
11642,5558,gene,0.0,True,Gene
11643,55582,gene,0.0,True,Gene
11644,55584,gene,0.0,True,Gene
11645,55585,gene,0.0,True,Gene
11646,55586,gene,0.0,True,Gene
11647,55588,gene,0.0,True,Gene
11648,55589,gene,0.0,True,Gene
11649,55591,gene,0.0,True,Gene
11650,55593,gene,0.0,True,Gene
11651,55596,gene,0.0,True,Gene
11652,55599,gene,0.0,True,Gene
11653,55600,gene,0.0,True,Gene
11654,55601,gene,0.0,True,Gene
11655,55602,gene,0.0,True,Gene
11656,55603,gene,0.0,True,Gene
11657,55604,gene,0.0,True,Gene
11658,55605,gene,0.0,True,Gene
11659,55607,gene,0.0,True,Gene
11660,55608,gene,0.0,True,Gene
11661,55609,gene,0.0,True,Gene
11662,55610,gene,0.0,True,Gene
11663,55611,gene,0.0,True,Gene
11664,55612,gene,0.0,True,Gene
11665,55613,gene,0.0,True,Gene
11666,55614,gene,0.0,True,Gene
11667,55615,gene,0.0,True,Gene
11668,55616,gene,0.0,True,Gene
11669,55617,gene,0.0,True,Gene
11670,55619,gene,1.240111,True,Gene
11671,5562,gene,0.0,True,Gene
11672,55620,gene,0.0,True,Gene
11673,55621,gene,0.0,True,Gene
11674,55622,gene,0.0,True,Gene
11675,55623,gene,0.0,True,Gene
11676,55624,gene,0.0,True,Gene
11677,55625,gene,0.0,True,Gene
11678,55626,gene,0.0,True,Gene
11679,55627,gene,0.0,True,Gene
11680,55628,gene,0.0,True,Gene
11681,55629,gene,0.0,True,Gene
11682,5563,gene,0.0,True,Gene
11683,55630,gene,0.0,True,Gene
11684,55631,gene,0.0,True,Gene
11685,55632,gene,0.0,True,Gene
11686,55633,gene,0.0,True,Gene
11687,55634,gene,0.0,True,Gene
11688,55635,gene,0.0,True,Gene
11689,55636,gene,0.0,True,Gene
11690,55638,gene,0.0,True,Gene
11691,5564,gene,0.0,True,Gene
11692,55640,gene,0.0,True,Gene
11693,55643,gene,0.0,True,Gene
11694,55644,gene,0.0,True,Gene
11695,55646,gene,0.0,True,Gene
11696,55647,gene,0.0,True,Gene
11697,5565,gene,0.0,True,Gene
11698,55650,gene,0.0,True,Gene
11699,55651,gene,0.0,True,Gene
11700,55652,gene,0.0,True,Gene
11701,55653,gene,0.0,True,Gene
11702,55654,gene,0.0,True,Gene
11703,55655,gene,0.0,True,Gene
11704,55656,gene,0.0,True,Gene
11705,55657,gene,0.0,True,Gene
11706,55658,gene,0.0,True,Gene
11707,55659,gene,0.0,True,Gene
11708,5566,gene,0.0,True,Gene
11709,55660,gene,0.0,True,Gene
11710,55661,gene,0.0,True,Gene
11711,55662,gene,0.0,True,Gene
11712,55663,gene,0.0,True,Gene
11713,55664,gene,0.0,True,Gene
11714,55665,gene,0.0,True,Gene
11715,55666,gene,0.0,True,Gene
11716,55667,gene,0.0,True,Gene
11717,55668,gene,0.0,True,Gene
11718,55669,gene,0.0,True,Gene
11719,5567,gene,0.0,True,Gene
11720,55670,gene,0.0,True,Gene
11721,55671,gene,0.0,True,Gene
11722,55672,gene,0.0,True,Gene
11723,55676,gene,0.0,True,Gene
11724,55677,gene,0.0,True,Gene
11725,55679,gene,0.0,True,Gene
11726,55680,gene,0.0,True,Gene
11727,55681,gene,0.0,True,Gene
11728,55683,gene,0.0,True,Gene
11729,55684,gene,0.0,True,Gene
11730,55686,gene,0.0,True,Gene
11731,55687,gene,0.0,True,Gene
11732,55689,gene,0.0,True,Gene
11733,5569,gene,0.0,True,Gene
11734,55690,gene,0.0,True,Gene
11735,55691,gene,0.0,True,Gene
11736,55692,gene,0.0,True,Gene
11737,55693,gene,0.0,True,Gene
11738,55695,gene,0.0,True,Gene
11739,55696,gene,0.0,True,Gene
11740,55697,gene,0.0,True,Gene
11741,55698,gene,0.0,True,Gene
11742,55699,gene,0.0,True,Gene
11743,5570,gene,0.0,True,Gene
11744,55700,gene,0.0,True,Gene
11745,55701,gene,0.0,True,Gene
11746,55702,gene,0.0,True,Gene
11747,55703,gene,0.0,True,Gene
11748,55704,gene,0.0,True,Gene
11749,55705,gene,0.0,True,Gene
11750,55706,gene,0.0,True,Gene
11751,55707,gene,0.0,True,Gene
11752,55709,gene,0.0,True,Gene
11753,5571,gene,0.0,True,Gene
11754,55711,gene,0.0,True,Gene
11755,55713,gene,0.0,True,Gene
11756,55714,gene,0.0,True,Gene
11757,55715,gene,0.0,True,Gene
11758,55716,gene,0.0,True,Gene
11759,55717,gene,0.0,True,Gene
11760,55718,gene,0.0,True,Gene
11761,55719,gene,0.0,True,Gene
11762,55720,gene,0.0,True,Gene
11763,55721,gene,0.0,True,Gene
11764,55722,gene,0.0,True,Gene
11765,55723,gene,0.0,True,Gene
11766,55726,gene,0.0,True,Gene
11767,55727,gene,0.0,True,Gene
11768,55728,gene,0.0,True,Gene
11769,55729,gene,0.0,True,Gene
11770,5573,gene,0.0,True,Gene
11771,55731,gene,0.0,True,Gene
11772,55732,gene,0.0,True,Gene
11773,55733,gene,0.0,True,Gene
11774,55734,gene,0.0,True,Gene
11775,55735,gene,0.0,True,Gene
11776,55737,gene,0.0,True,Gene
11777,55738,gene,0.0,True,Gene
11778,55739,gene,0.0,True,Gene
11779,55740,gene,0.0,True,Gene
11780,55741,gene,0.0,True,Gene
11781,55742,gene,0.0,True,Gene
11782,55743,gene,0.0,True,Gene
11783,55744,gene,0.0,True,Gene
11784,55745,gene,0.0,True,Gene
11785,55746,gene,0.0,True,Gene
11786,55748,gene,0.0,True,Gene
11787,55749,gene,0.0,True,Gene
11788,5575,gene,0.0,True,Gene
11789,55750,gene,0.0,True,Gene
11790,55751,gene,0.0,True,Gene
11791,55752,gene,0.0,True,Gene
11792,55753,gene,0.0,True,Gene
11793,55754,gene,0.0,True,Gene
11794,55755,gene,0.0,True,Gene
11795,55756,gene,0.0,True,Gene
11796,55757,gene,0.0,True,Gene
11797,55758,gene,0.0,True,Gene
11798,55759,gene,0.0,True,Gene
11799,5576,gene,0.0,True,Gene
11800,55760,gene,0.0,True,Gene
11801,55761,gene,0.0,True,Gene
11802,55762,gene,0.0,True,Gene
11803,55763,gene,0.0,True,Gene
11804,55764,gene,0.0,True,Gene
11805,55765,gene,0.0,True,Gene
11806,55766,gene,0.0,True,Gene
11807,55768,gene,0.0,True,Gene
11808,55769,gene,0.0,True,Gene
11809,5577,gene,0.0,True,Gene
11810,55770,gene,0.0,True,Gene
11811,55771,gene,0.0,True,Gene
11812,55773,gene,0.0,True,Gene
11813,55775,gene,0.0,True,Gene
11814,55776,gene,0.0,True,Gene
11815,55777,gene,0.0,True,Gene
11816,55778,gene,0.0,True,Gene
11817,55779,gene,0.0,True,Gene
11818,5578,gene,0.0,True,Gene
11819,55780,gene,0.0,True,Gene
11820,55781,gene,0.0,True,Gene
11821,55783,gene,0.0,True,Gene
11822,55784,gene,0.0,True,Gene
11823,55785,gene,0.0,True,Gene
11824,55786,gene,0.0,True,Gene
11825,55787,gene,0.0,True,Gene
11826,55788,gene,0.0,True,Gene
11827,55789,gene,0.0,True,Gene
11828,5579,gene,0.0,True,Gene
11829,55790,gene,0.0,True,Gene
11830,55791,gene,0.0,True,Gene
11831,55793,gene,0.0,True,Gene
11832,55794,gene,0.0,True,Gene
11833,55795,gene,0.0,True,Gene
11834,55796,gene,0.0,True,Gene
11835,55798,gene,0.0,True,Gene
11836,55799,gene,0.0,True,Gene
11837,558,gene,0.0,True,Gene
11838,5580,gene,0.0,True,Gene
11839,55800,gene,0.0,True,Gene
11840,55801,gene,0.0,True,Gene
11841,55802,gene,0.0,True,Gene
11842,55803,gene,0.0,True,Gene
11843,55805,gene,0.0,True,Gene
11844,55806,gene,0.0,True,Gene
11845,55808,gene,0.0,True,Gene
11846,55809,gene,0.0,True,Gene
11847,5581,gene,0.0,True,Gene
11848,55810,gene,0.0,True,Gene
11849,55811,gene,0.0,True,Gene
11850,55812,gene,0.0,True,Gene
11851,55813,gene,0.0,True,Gene
11852,55814,gene,0.0,True,Gene
11853,55815,gene,0.0,True,Gene
11854,55816,gene,0.0,True,Gene
11855,55818,gene,0.0,True,Gene
11856,55819,gene,0.0,True,Gene
11857,5582,gene,0.0,True,Gene
11858,55821,gene,0.0,True,Gene
11859,55823,gene,0.0,True,Gene
11860,55824,gene,0.0,True,Gene
11861,55825,gene,0.0,True,Gene
11862,55827,gene,0.0,True,Gene
11863,55829,gene,0.0,True,Gene
11864,5583,gene,0.0,True,Gene
11865,55830,gene,0.0,True,Gene
11866,55831,gene,0.0,True,Gene
11867,55832,gene,0.0,True,Gene
11868,55833,gene,0.0,True,Gene
11869,55835,gene,0.0,True,Gene
11870,55837,gene,0.0,True,Gene
11871,55839,gene,0.0,True,Gene
11872,5584,gene,0.0,True,Gene
11873,55840,gene,0.0,True,Gene
11874,55841,gene,0.0,True,Gene
11875,55843,gene,0.0,True,Gene
11876,55844,gene,0.0,True,Gene
11877,55845,gene,0.0,True,Gene
11878,55846,gene,0.0,True,Gene
11879,55847,gene,0.0,True,Gene
11880,55848,gene,0.0,True,Gene
11881,5585,gene,0.0,True,Gene
11882,55850,gene,0.0,True,Gene
11883,55851,gene,0.0,True,Gene
11884,55852,gene,0.0,True,Gene
11885,55854,gene,0.0,True,Gene
11886,55856,gene,0.0,True,Gene
11887,55857,gene,0.0,True,Gene
11888,55858,gene,0.0,True,Gene
11889,55859,gene,0.0,True,Gene
11890,5586,gene,0.0,True,Gene
11891,55860,gene,0.0,True,Gene
11892,55861,gene,0.0,True,Gene
11893,55862,gene,0.0,True,Gene
11894,55863,gene,0.0,True,Gene
11895,55867,gene,0.0,True,Gene
11896,55869,gene,0.0,True,Gene
11897,5587,gene,0.0,True,Gene
11898,55870,gene,0.0,True,Gene
11899,55871,gene,0.0,True,Gene
11900,55872,gene,0.0,True,Gene
11901,55876,gene,0.0,True,Gene
11902,55879,gene,0.0,True,Gene
11903,5588,gene,0.0,True,Gene
11904,55884,gene,0.0,True,Gene
11905,55885,gene,0.0,True,Gene
11906,55888,gene,0.0,True,Gene
11907,55889,gene,0.0,True,Gene
11908,5589,gene,0.0,True,Gene
11909,55890,gene,0.0,True,Gene
11910,55891,gene,0.0,True,Gene
11911,55892,gene,0.0,True,Gene
11912,55893,gene,0.0,True,Gene
11913,55894,gene,0.0,True,Gene
11914,55897,gene,0.0,True,Gene
11915,55898,gene,0.0,True,Gene
11916,5590,gene,0.0,True,Gene
11917,55900,gene,0.0,True,Gene
11918,55901,gene,0.0,True,Gene
11919,55902,gene,0.0,True,Gene
11920,55904,gene,0.0,True,Gene
11921,55905,gene,0.0,True,Gene
11922,55906,gene,0.0,True,Gene
11923,55907,gene,0.0,True,Gene
11924,55908,gene,0.0,True,Gene
11925,55909,gene,0.0,True,Gene
11926,5591,gene,0.0,True,Gene
11927,55911,gene,0.0,True,Gene
11928,55914,gene,0.0,True,Gene
11929,55915,gene,0.0,True,Gene
11930,55916,gene,0.0,True,Gene
11931,55917,gene,0.0,True,Gene
11932,5592,gene,0.0,True,Gene
11933,55920,gene,0.0,True,Gene
11934,55922,gene,0.0,True,Gene
11935,55924,gene,0.0,True,Gene
11936,55929,gene,0.0,True,Gene
11937,5593,gene,0.0,True,Gene
11938,55930,gene,0.0,True,Gene
11939,55937,gene,0.0,True,Gene
11940,5594,gene,0.0,True,Gene
11941,5595,gene,0.0,True,Gene
11942,55954,gene,0.0,True,Gene
11943,55957,gene,0.0,True,Gene
11944,55958,gene,0.0,True,Gene
11945,55959,gene,0.0,True,Gene
11946,5596,gene,0.0,True,Gene
11947,55964,gene,0.0,True,Gene
11948,55966,gene,0.0,True,Gene
11949,55967,gene,0.0,True,Gene
11950,55968,gene,0.0,True,Gene
11951,55969,gene,0.0,True,Gene
11952,5597,gene,0.0,True,Gene
11953,55970,gene,0.0,True,Gene
11954,55971,gene,0.0,True,Gene
11955,55972,gene,0.0,True,Gene
11956,55973,gene,0.0,True,Gene
11957,55974,gene,0.0,True,Gene
11958,55975,gene,0.0,True,Gene
11959,5598,gene,0.0,True,Gene
11960,5599,gene,0.0,True,Gene
11961,56,gene,0.0,True,Gene
11962,5600,gene,0.0,True,Gene
11963,56000,gene,0.0,True,Gene
11964,56001,gene,0.0,True,Gene
11965,56005,gene,0.0,True,Gene
11966,56006,gene,0.0,True,Gene
11967,5601,gene,0.0,True,Gene
11968,5602,gene,0.0,True,Gene
11969,5603,gene,0.0,True,Gene
11970,56033,gene,0.0,True,Gene
11971,56034,gene,0.0,True,Gene
11972,5604,gene,0.0,True,Gene
11973,5605,gene,0.0,True,Gene
11974,56052,gene,0.0,True,Gene
11975,5606,gene,0.0,True,Gene
11976,56061,gene,0.0,True,Gene
11977,56062,gene,0.0,True,Gene
11978,56063,gene,0.0,True,Gene
11979,5607,gene,0.0,True,Gene
11980,5608,gene,0.0,True,Gene
11981,5609,gene,0.0,True,Gene
11982,56097,gene,0.0,True,Gene
11983,56098,gene,0.0,True,Gene
11984,56099,gene,0.0,True,Gene
11985,5610,gene,0.0,True,Gene
11986,56100,gene,0.0,True,Gene
11987,56101,gene,0.0,True,Gene
11988,56102,gene,0.0,True,Gene
11989,56103,gene,0.0,True,Gene
11990,56104,gene,0.0,True,Gene
11991,56105,gene,0.0,True,Gene
11992,56106,gene,0.0,True,Gene
11993,56107,gene,0.0,True,Gene
11994,56108,gene,0.0,True,Gene
11995,56109,gene,0.0,True,Gene
11996,5611,gene,0.0,True,Gene
11997,56110,gene,0.0,True,Gene
11998,56111,gene,0.0,True,Gene
11999,56112,gene,0.0,True,Gene
12000,56113,gene,0.0,True,Gene
12001,56114,gene,0.0,True,Gene
12002,5612,gene,0.0,True,Gene
12003,56121,gene,0.0,True,Gene
12004,56122,gene,0.0,True,Gene
12005,56123,gene,0.0,True,Gene
12006,56124,gene,0.0,True,Gene
12007,56125,gene,0.0,True,Gene
12008,56126,gene,0.0,True,Gene
12009,56127,gene,0.0,True,Gene
12010,56128,gene,0.0,True,Gene
12011,56129,gene,0.0,True,Gene
12012,5613,gene,0.0,True,Gene
12013,56130,gene,0.0,True,Gene
12014,56131,gene,0.0,True,Gene
12015,56132,gene,0.0,True,Gene
12016,56133,gene,0.0,True,Gene
12017,56134,gene,0.0,True,Gene
12018,56135,gene,0.0,True,Gene
12019,56136,gene,0.0,True,Gene
12020,56137,gene,0.0,True,Gene
12021,56138,gene,0.0,True,Gene
12022,56139,gene,0.0,True,Gene
12023,56140,gene,0.0,True,Gene
12024,56141,gene,0.0,True,Gene
12025,56142,gene,0.0,True,Gene
12026,56143,gene,0.0,True,Gene
12027,56144,gene,0.0,True,Gene
12028,56145,gene,0.0,True,Gene
12029,56146,gene,0.0,True,Gene
12030,56147,gene,0.0,True,Gene
12031,56154,gene,0.0,True,Gene
12032,56155,gene,0.0,True,Gene
12033,56156,gene,0.0,True,Gene
12034,56157,gene,0.0,True,Gene
12035,56158,gene,0.0,True,Gene
12036,56159,gene,0.0,True,Gene
12037,56160,gene,0.0,True,Gene
12038,56163,gene,0.0,True,Gene
12039,56164,gene,0.0,True,Gene
12040,56165,gene,0.0,True,Gene
12041,56169,gene,0.0,True,Gene
12042,5617,gene,0.0,True,Gene
12043,56171,gene,0.59003675,True,Gene
12044,56172,gene,0.0,True,Gene
12045,5618,gene,0.0,True,Gene
12046,56180,gene,0.0,True,Gene
12047,56181,gene,0.0,True,Gene
12048,5619,gene,0.0,True,Gene
12049,5620,gene,0.0,True,Gene
12050,56203,gene,0.0,True,Gene
12051,56204,gene,0.0,True,Gene
12052,5621,gene,0.0,True,Gene
12053,5623,gene,0.0,True,Gene
12054,5624,gene,0.0,True,Gene
12055,56241,gene,0.0,True,Gene
12056,56242,gene,0.0,True,Gene
12057,56243,gene,0.0,True,Gene
12058,56244,gene,0.0,True,Gene
12059,56245,gene,0.0,True,Gene
12060,56246,gene,0.0,True,Gene
12061,5625,gene,0.0,True,Gene
12062,56252,gene,0.0,True,Gene
12063,56253,gene,0.0,True,Gene
12064,56254,gene,0.0,True,Gene
12065,56255,gene,0.0,True,Gene
12066,56256,gene,0.0,True,Gene
12067,56257,gene,0.0,True,Gene
12068,56259,gene,0.0,True,Gene
12069,5626,gene,0.0,True,Gene
12070,56261,gene,0.0,True,Gene
12071,56262,gene,0.0,True,Gene
12072,56265,gene,0.0,True,Gene
12073,56267,gene,0.0,True,Gene
12074,56269,gene,0.0,True,Gene
12075,5627,gene,0.0,True,Gene
12076,56270,gene,0.0,True,Gene
12077,56271,gene,0.0,True,Gene
12078,56287,gene,0.0,True,Gene
12079,56288,gene,0.0,True,Gene
12080,5629,gene,0.0,True,Gene
12081,563,gene,0.0,True,Gene
12082,5630,gene,0.0,True,Gene
12083,56300,gene,0.0,True,Gene
12084,56301,gene,0.0,True,Gene
12085,56302,gene,0.0,True,Gene
12086,5631,gene,0.0,True,Gene
12087,56311,gene,0.0,True,Gene
12088,56339,gene,0.0,True,Gene
12089,5634,gene,0.0,True,Gene
12090,56341,gene,0.0,True,Gene
12091,56342,gene,0.0,True,Gene
12092,56344,gene,0.0,True,Gene
12093,5635,gene,0.0,True,Gene
12094,5636,gene,0.0,True,Gene
12095,5638,gene,0.0,True,Gene
12096,5639,gene,0.0,True,Gene
12097,5641,gene,0.0,True,Gene
12098,56413,gene,0.0,True,Gene
12099,5644,gene,0.0,True,Gene
12100,5645,gene,0.0,True,Gene
12101,5646,gene,0.0,True,Gene
12102,56474,gene,0.0,True,Gene
12103,56475,gene,0.0,True,Gene
12104,56477,gene,0.0,True,Gene
12105,56478,gene,0.0,True,Gene
12106,56479,gene,0.0,True,Gene
12107,5648,gene,0.0,True,Gene
12108,5649,gene,0.0,True,Gene
12109,5650,gene,0.0,True,Gene
12110,5651,gene,0.0,True,Gene
12111,5652,gene,0.0,True,Gene
12112,56521,gene,0.0,True,Gene
12113,5653,gene,0.0,True,Gene
12114,5654,gene,0.0,True,Gene
12115,56547,gene,0.0,True,Gene
12116,56548,gene,0.0,True,Gene
12117,5655,gene,0.0,True,Gene
12118,5657,gene,0.0,True,Gene
12119,566,gene,0.0,True,Gene
12120,5660,gene,0.0,True,Gene
12121,56603,gene,0.0,True,Gene
12122,56605,gene,0.0,True,Gene
12123,56606,gene,0.0,True,Gene
12124,56616,gene,0.0,True,Gene
12125,5662,gene,0.0,True,Gene
12126,56623,gene,0.0,True,Gene
12127,56624,gene,0.0,True,Gene
12128,5663,gene,0.0,True,Gene
12129,5664,gene,0.0,True,Gene
12130,56647,gene,0.0,True,Gene
12131,56648,gene,0.0,True,Gene
12132,56649,gene,0.0,True,Gene
12133,56650,gene,0.0,True,Gene
12134,56652,gene,0.0,True,Gene
12135,56654,gene,0.0,True,Gene
12136,56655,gene,0.0,True,Gene
12137,56658,gene,0.0,True,Gene
12138,56659,gene,0.0,True,Gene
12139,56660,gene,0.0,True,Gene
12140,56666,gene,0.0,True,Gene
12141,56667,gene,0.0,True,Gene
12142,56670,gene,0.0,True,Gene
12143,56672,gene,0.0,True,Gene
12144,56673,gene,0.0,True,Gene
12145,56674,gene,0.0,True,Gene
12146,56675,gene,0.0,True,Gene
12147,56676,gene,0.0,True,Gene
12148,56681,gene,0.0,True,Gene
12149,56683,gene,0.0,True,Gene
12150,5669,gene,0.0,True,Gene
12151,567,gene,0.0,True,Gene
12152,56704,gene,0.0,True,Gene
12153,5671,gene,0.0,True,Gene
12154,5672,gene,0.0,True,Gene
12155,56729,gene,0.0,True,Gene
12156,5673,gene,0.0,True,Gene
12157,56731,gene,0.0,True,Gene
12158,5675,gene,0.0,True,Gene
12159,56751,gene,0.0,True,Gene
12160,5676,gene,0.0,True,Gene
12161,56776,gene,0.0,True,Gene
12162,5678,gene,0.0,True,Gene
12163,5680,gene,0.0,True,Gene
12164,5681,gene,0.0,True,Gene
12165,5682,gene,0.0,True,Gene
12166,56829,gene,0.0,True,Gene
12167,5683,gene,0.0,True,Gene
12168,56832,gene,0.0,True,Gene
12169,56833,gene,0.0,True,Gene
12170,56834,gene,0.0,True,Gene
12171,5684,gene,0.0,True,Gene
12172,56848,gene,0.0,True,Gene
12173,56849,gene,0.0,True,Gene
12174,5685,gene,0.0,True,Gene
12175,56850,gene,0.0,True,Gene
12176,56851,gene,0.0,True,Gene
12177,56852,gene,0.0,True,Gene
12178,56853,gene,0.0,True,Gene
12179,5686,gene,0.0,True,Gene
12180,5687,gene,0.0,True,Gene
12181,5688,gene,0.0,True,Gene
12182,56882,gene,0.0,True,Gene
12183,56884,gene,0.0,True,Gene
12184,56886,gene,0.0,True,Gene
12185,56888,gene,0.0,True,Gene
12186,56889,gene,0.0,True,Gene
12187,5689,gene,0.0,True,Gene
12188,56890,gene,0.0,True,Gene
12189,56891,gene,0.0,True,Gene
12190,56892,gene,0.0,True,Gene
12191,56893,gene,0.0,True,Gene
12192,56894,gene,0.0,True,Gene
12193,56895,gene,0.0,True,Gene
12194,56896,gene,0.0,True,Gene
12195,56897,gene,0.0,True,Gene
12196,56898,gene,0.0,True,Gene
12197,56899,gene,0.0,True,Gene
12198,5690,gene,0.0,True,Gene
12199,56900,gene,0.0,True,Gene
12200,56901,gene,0.0,True,Gene
12201,56902,gene,0.0,True,Gene
12202,56903,gene,0.0,True,Gene
12203,56904,gene,0.0,True,Gene
12204,56905,gene,0.0,True,Gene
12205,56906,gene,0.0,True,Gene
12206,56907,gene,0.0,True,Gene
12207,5691,gene,0.0,True,Gene
12208,56910,gene,0.0,True,Gene
12209,56911,gene,0.0,True,Gene
12210,56912,gene,0.0,True,Gene
12211,56913,gene,0.0,True,Gene
12212,56914,gene,0.0,True,Gene
12213,56915,gene,0.0,True,Gene
12214,56916,gene,0.0,True,Gene
12215,56917,gene,0.0,True,Gene
12216,56919,gene,0.0,True,Gene
12217,5692,gene,0.0,True,Gene
12218,56920,gene,0.0,True,Gene
12219,56922,gene,0.0,True,Gene
12220,56923,gene,0.0,True,Gene
12221,56924,gene,0.0,True,Gene
12222,56925,gene,0.0,True,Gene
12223,56926,gene,0.0,True,Gene
12224,56927,gene,0.0,True,Gene
12225,56928,gene,0.0,True,Gene
12226,56929,gene,0.0,True,Gene
12227,5693,gene,0.0,True,Gene
12228,56931,gene,0.0,True,Gene
12229,56934,gene,0.0,True,Gene
12230,56935,gene,0.0,True,Gene
12231,56936,gene,0.0,True,Gene
12232,56937,gene,0.0,True,Gene
12233,56938,gene,0.0,True,Gene
12234,5694,gene,0.0,True,Gene
12235,56940,gene,0.0,True,Gene
12236,56941,gene,0.0,True,Gene
12237,56942,gene,0.0,True,Gene
12238,56943,gene,0.0,True,Gene
12239,56944,gene,0.0,True,Gene
12240,56945,gene,0.0,True,Gene
12241,56946,gene,0.0,True,Gene
12242,56947,gene,0.0,True,Gene
12243,56948,gene,0.0,True,Gene
12244,56949,gene,0.0,True,Gene
12245,5695,gene,0.0,True,Gene
12246,56950,gene,0.0,True,Gene
12247,56951,gene,0.0,True,Gene
12248,56952,gene,0.0,True,Gene
12249,56953,gene,0.0,True,Gene
12250,56954,gene,0.0,True,Gene
12251,56955,gene,0.0,True,Gene
12252,56956,gene,0.0,True,Gene
12253,56957,gene,0.0,True,Gene
12254,5696,gene,0.0,True,Gene
12255,56961,gene,0.0,True,Gene
12256,56963,gene,0.0,True,Gene
12257,56964,gene,0.0,True,Gene
12258,56965,gene,0.0,True,Gene
12259,56967,gene,0.0,True,Gene
12260,5697,gene,0.0,True,Gene
12261,56970,gene,0.0,True,Gene
12262,56971,gene,0.0,True,Gene
12263,56975,gene,0.0,True,Gene
12264,56977,gene,0.0,True,Gene
12265,56978,gene,0.0,True,Gene
12266,56979,gene,0.0,True,Gene
12267,5698,gene,0.0,True,Gene
12268,56980,gene,0.0,True,Gene
12269,56981,gene,0.0,True,Gene
12270,56983,gene,0.0,True,Gene
12271,56984,gene,0.0,True,Gene
12272,56985,gene,0.0,True,Gene
12273,56986,gene,0.0,True,Gene
12274,56987,gene,0.0,True,Gene
12275,5699,gene,0.0,True,Gene
12276,56990,gene,0.0,True,Gene
12277,56992,gene,0.0,True,Gene
12278,56993,gene,0.0,True,Gene
12279,56994,gene,0.0,True,Gene
12280,56995,gene,0.0,True,Gene
12281,56996,gene,0.0,True,Gene
12282,56997,gene,0.0,True,Gene
12283,56998,gene,0.0,True,Gene
12284,56999,gene,0.0,True,Gene
12285,570,gene,0.0,True,Gene
12286,5700,gene,0.0,True,Gene
12287,57001,gene,0.0,True,Gene
12288,57002,gene,0.0,True,Gene
12289,57003,gene,0.0,True,Gene
12290,57007,gene,0.0,True,Gene
12291,5701,gene,0.0,True,Gene
12292,57010,gene,0.0,True,Gene
12293,57016,gene,0.0,True,Gene
12294,57017,gene,0.0,True,Gene
12295,57018,gene,0.0,True,Gene
12296,57019,gene,0.0,True,Gene
12297,5702,gene,0.0,True,Gene
12298,57020,gene,0.0,True,Gene
12299,57026,gene,0.0,True,Gene
12300,57030,gene,0.0,True,Gene
12301,57035,gene,0.0,True,Gene
12302,57037,gene,0.0,True,Gene
12303,57038,gene,0.0,True,Gene
12304,5704,gene,0.0,True,Gene
12305,57045,gene,0.0,True,Gene
12306,57047,gene,0.0,True,Gene
12307,57048,gene,0.0,True,Gene
12308,5705,gene,0.0,True,Gene
12309,57050,gene,0.0,True,Gene
12310,57053,gene,0.0,True,Gene
12311,57054,gene,0.0,True,Gene
12312,57055,gene,0.0,True,Gene
12313,57057,gene,0.0,True,Gene
12314,5706,gene,0.0,True,Gene
12315,57060,gene,0.0,True,Gene
12316,57062,gene,0.0,True,Gene
12317,5707,gene,0.0,True,Gene
12318,5708,gene,0.0,True,Gene
12319,57082,gene,0.0,True,Gene
12320,57084,gene,0.0,True,Gene
12321,57085,gene,0.0,True,Gene
12322,57088,gene,0.0,True,Gene
12323,57089,gene,0.0,True,Gene
12324,5709,gene,0.0,True,Gene
12325,57091,gene,0.0,True,Gene
12326,57092,gene,0.0,True,Gene
12327,57093,gene,0.0,True,Gene
12328,57094,gene,0.0,True,Gene
12329,57095,gene,0.0,True,Gene
12330,57096,gene,0.0,True,Gene
12331,57097,gene,0.0,True,Gene
12332,57099,gene,0.0,True,Gene
12333,571,gene,0.0,True,Gene
12334,5710,gene,0.0,True,Gene
12335,57101,gene,0.0,True,Gene
12336,57102,gene,0.0,True,Gene
12337,57103,gene,0.0,True,Gene
12338,57104,gene,0.0,True,Gene
12339,57105,gene,0.0,True,Gene
12340,57106,gene,0.0,True,Gene
12341,57107,gene,0.0,True,Gene
12342,57109,gene,0.0,True,Gene
12343,5711,gene,0.0,True,Gene
12344,57110,gene,0.0,True,Gene
12345,57111,gene,0.0,True,Gene
12346,57113,gene,0.0,True,Gene
12347,57115,gene,0.0,True,Gene
12348,57116,gene,0.0,True,Gene
12349,57117,gene,0.0,True,Gene
12350,57118,gene,0.0,True,Gene
12351,57119,gene,0.0,True,Gene
12352,57120,gene,0.0,True,Gene
12353,57121,gene,0.0,True,Gene
12354,57122,gene,0.0,True,Gene
12355,57124,gene,0.0,True,Gene
12356,57125,gene,0.0,True,Gene
12357,57126,gene,0.0,True,Gene
12358,57127,gene,0.0,True,Gene
12359,57128,gene,0.0,True,Gene
12360,57129,gene,0.0,True,Gene
12361,5713,gene,0.0,True,Gene
12362,57130,gene,0.0,True,Gene
12363,57132,gene,0.0,True,Gene
12364,57134,gene,0.0,True,Gene
12365,57135,gene,0.0,True,Gene
12366,57136,gene,0.0,True,Gene
12367,57139,gene,0.0,True,Gene
12368,5714,gene,0.0,True,Gene
12369,57140,gene,0.0,True,Gene
12370,57142,gene,0.0,True,Gene
12371,57143,gene,0.0,True,Gene
12372,57144,gene,0.0,True,Gene
12373,57146,gene,0.0,True,Gene
12374,57147,gene,0.0,True,Gene
12375,57148,gene,0.0,True,Gene
12376,57149,gene,0.0,True,Gene
12377,5715,gene,0.0,True,Gene
12378,57150,gene,0.0,True,Gene
12379,57152,gene,0.0,True,Gene
12380,57153,gene,0.0,True,Gene
12381,57154,gene,0.0,True,Gene
12382,57156,gene,0.0,True,Gene
12383,57157,gene,0.0,True,Gene
12384,57158,gene,0.0,True,Gene
12385,57159,gene,0.0,True,Gene
12386,5716,gene,0.0,True,Gene
12387,57161,gene,0.0,True,Gene
12388,57162,gene,0.0,True,Gene
12389,57165,gene,0.0,True,Gene
12390,57167,gene,0.0,True,Gene
12391,57168,gene,0.0,True,Gene
12392,57169,gene,0.0,True,Gene
12393,5717,gene,0.0,True,Gene
12394,57171,gene,0.0,True,Gene
12395,57172,gene,0.0,True,Gene
12396,57175,gene,0.0,True,Gene
12397,57176,gene,0.0,True,Gene
12398,57178,gene,0.0,True,Gene
12399,57179,gene,0.0,True,Gene
12400,5718,gene,0.0,True,Gene
12401,57180,gene,0.0,True,Gene
12402,57181,gene,0.0,True,Gene
12403,57182,gene,0.0,True,Gene
12404,57184,gene,0.0,True,Gene
12405,57185,gene,0.0,True,Gene
12406,57186,gene,0.0,True,Gene
12407,57187,gene,0.0,True,Gene
12408,57188,gene,0.0,True,Gene
12409,57189,gene,0.0,True,Gene
12410,5719,gene,0.0,True,Gene
12411,57190,gene,0.0,True,Gene
12412,57191,gene,0.0,True,Gene
12413,57192,gene,0.0,True,Gene
12414,57194,gene,0.0,True,Gene
12415,57198,gene,0.0,True,Gene
12416,572,gene,0.0,True,Gene
12417,5720,gene,0.0,True,Gene
12418,57205,gene,0.0,True,Gene
12419,57209,gene,0.0,True,Gene
12420,5721,gene,0.0,True,Gene
12421,57210,gene,0.0,True,Gene
12422,57211,gene,0.0,True,Gene
12423,57213,gene,0.0,True,Gene
12424,57214,gene,0.0,True,Gene
12425,57215,gene,0.0,True,Gene
12426,57216,gene,0.0,True,Gene
12427,57217,gene,0.0,True,Gene
12428,57221,gene,0.0,True,Gene
12429,57222,gene,0.0,True,Gene
12430,57223,gene,0.0,True,Gene
12431,57224,gene,0.0,True,Gene
12432,57226,gene,0.0,True,Gene
12433,57228,gene,0.0,True,Gene
12434,5723,gene,0.0,True,Gene
12435,57231,gene,0.0,True,Gene
12436,57232,gene,0.0,True,Gene
12437,5724,gene,0.0,True,Gene
12438,5725,gene,0.0,True,Gene
12439,5726,gene,0.0,True,Gene
12440,5727,gene,0.0,True,Gene
12441,5728,gene,0.0,True,Gene
12442,57282,gene,0.0,True,Gene
12443,5729,gene,0.0,True,Gene
12444,573,gene,0.0,True,Gene
12445,5730,gene,0.0,True,Gene
12446,5731,gene,0.0,True,Gene
12447,5732,gene,0.0,True,Gene
12448,57325,gene,0.0,True,Gene
12449,57326,gene,0.0,True,Gene
12450,5733,gene,0.0,True,Gene
12451,57332,gene,0.0,True,Gene
12452,57333,gene,0.0,True,Gene
12453,57335,gene,0.0,True,Gene
12454,57336,gene,0.0,True,Gene
12455,57337,gene,0.0,True,Gene
12456,57338,gene,0.0,True,Gene
12457,5734,gene,0.0,True,Gene
12458,57343,gene,0.0,True,Gene
12459,57348,gene,0.0,True,Gene
12460,5737,gene,0.0,True,Gene
12461,57379,gene,0.0,True,Gene
12462,5738,gene,0.0,True,Gene
12463,57380,gene,0.0,True,Gene
12464,57381,gene,0.0,True,Gene
12465,5739,gene,0.0,True,Gene
12466,57393,gene,0.0,True,Gene
12467,57396,gene,0.0,True,Gene
12468,5740,gene,0.0,True,Gene
12469,57402,gene,0.0,True,Gene
12470,57403,gene,0.0,True,Gene
12471,57404,gene,0.0,True,Gene
12472,57405,gene,0.0,True,Gene
12473,57406,gene,0.0,True,Gene
12474,57407,gene,0.0,True,Gene
12475,57408,gene,0.0,True,Gene
12476,57409,gene,0.0,True,Gene
12477,57410,gene,0.0,True,Gene
12478,57412,gene,0.0,True,Gene
12479,57413,gene,0.0,True,Gene
12480,57414,gene,0.0,True,Gene
12481,57415,gene,0.0,True,Gene
12482,57418,gene,0.0,True,Gene
12483,57419,gene,0.0,True,Gene
12484,5742,gene,0.0,True,Gene
12485,5743,gene,0.0,True,Gene
12486,5744,gene,0.0,True,Gene
12487,574414,gene,0.0,True,Gene
12488,57446,gene,0.0,True,Gene
12489,57447,gene,0.0,True,Gene
12490,57448,gene,0.0,True,Gene
12491,57449,gene,0.0,True,Gene
12492,5745,gene,0.0,True,Gene
12493,57451,gene,0.0,True,Gene
12494,57452,gene,0.0,True,Gene
12495,57453,gene,0.0,True,Gene
12496,574537,gene,0.0,True,Gene
12497,57455,gene,0.0,True,Gene
12498,57456,gene,0.0,True,Gene
12499,57458,gene,0.0,True,Gene
12500,57459,gene,0.0,True,Gene
12501,5746,gene,0.0,True,Gene
12502,57460,gene,0.0,True,Gene
12503,57461,gene,0.0,True,Gene
12504,57462,gene,0.0,True,Gene
12505,57463,gene,0.0,True,Gene
12506,57464,gene,0.0,True,Gene
12507,57465,gene,0.0,True,Gene
12508,57466,gene,0.0,True,Gene
12509,57467,gene,0.0,True,Gene
12510,57468,gene,0.0,True,Gene
12511,57469,gene,0.0,True,Gene
12512,5747,gene,0.0,True,Gene
12513,57470,gene,0.0,True,Gene
12514,57471,gene,0.0,True,Gene
12515,57472,gene,0.0,True,Gene
12516,57473,gene,0.0,True,Gene
12517,57474,gene,0.0,True,Gene
12518,57475,gene,0.0,True,Gene
12519,57476,gene,0.0,True,Gene
12520,57477,gene,0.0,True,Gene
12521,57478,gene,0.0,True,Gene
12522,57479,gene,0.0,True,Gene
12523,57480,gene,0.0,True,Gene
12524,57481,gene,0.0,True,Gene
12525,57482,gene,0.0,True,Gene
12526,57484,gene,0.0,True,Gene
12527,57486,gene,0.0,True,Gene
12528,57488,gene,0.0,True,Gene
12529,57489,gene,0.0,True,Gene
12530,57491,gene,0.0,True,Gene
12531,57492,gene,0.0,True,Gene
12532,57493,gene,0.0,True,Gene
12533,57494,gene,0.0,True,Gene
12534,57495,gene,0.0,True,Gene
12535,57496,gene,0.0,True,Gene
12536,57497,gene,0.0,True,Gene
12537,57498,gene,0.0,True,Gene
12538,575,gene,0.0,True,Gene
12539,57501,gene,0.0,True,Gene
12540,57502,gene,0.0,True,Gene
12541,57504,gene,0.0,True,Gene
12542,57505,gene,0.0,True,Gene
12543,57506,gene,0.0,True,Gene
12544,57507,gene,0.0,True,Gene
12545,57508,gene,0.0,True,Gene
12546,57509,gene,0.0,True,Gene
12547,57510,gene,0.0,True,Gene
12548,57511,gene,0.0,True,Gene
12549,57512,gene,0.0,True,Gene
12550,57513,gene,0.0,True,Gene
12551,57514,gene,0.0,True,Gene
12552,57515,gene,0.0,True,Gene
12553,57519,gene,0.0,True,Gene
12554,57520,gene,0.0,True,Gene
12555,57521,gene,0.0,True,Gene
12556,57522,gene,0.0,True,Gene
12557,57523,gene,0.0,True,Gene
12558,57524,gene,0.0,True,Gene
12559,57526,gene,0.0,True,Gene
12560,57528,gene,0.0,True,Gene
12561,57529,gene,0.0,True,Gene
12562,5753,gene,0.0,True,Gene
12563,57530,gene,0.0,True,Gene
12564,57531,gene,0.0,True,Gene
12565,57532,gene,0.0,True,Gene
12566,57533,gene,0.0,True,Gene
12567,57534,gene,0.0,True,Gene
12568,57535,gene,0.0,True,Gene
12569,57536,gene,0.0,True,Gene
12570,57537,gene,0.0,True,Gene
12571,57538,gene,0.0,True,Gene
12572,57539,gene,0.0,True,Gene
12573,5754,gene,0.0,True,Gene
12574,57540,gene,0.0,True,Gene
12575,57541,gene,0.0,True,Gene
12576,57542,gene,0.0,True,Gene
12577,57544,gene,0.0,True,Gene
12578,57545,gene,0.0,True,Gene
12579,57546,gene,0.0,True,Gene
12580,57547,gene,0.0,True,Gene
12581,57549,gene,0.0,True,Gene
12582,57551,gene,0.0,True,Gene
12583,57552,gene,0.0,True,Gene
12584,57553,gene,0.0,True,Gene
12585,57554,gene,0.0,True,Gene
12586,57555,gene,0.0,True,Gene
12587,57556,gene,0.0,True,Gene
12588,57558,gene,0.0,True,Gene
12589,57559,gene,0.0,True,Gene
12590,5756,gene,0.0,True,Gene
12591,57560,gene,0.0,True,Gene
12592,57561,gene,0.0,True,Gene
12593,57562,gene,0.0,True,Gene
12594,57563,gene,0.0,True,Gene
12595,57565,gene,0.0,True,Gene
12596,57567,gene,0.0,True,Gene
12597,57568,gene,0.0,True,Gene
12598,57569,gene,0.0,True,Gene
12599,5757,gene,0.0,True,Gene
12600,57570,gene,0.0,True,Gene
12601,57571,gene,0.0,True,Gene
12602,57572,gene,0.0,True,Gene
12603,57573,gene,0.0,True,Gene
12604,57574,gene,0.0,True,Gene
12605,57575,gene,0.0,True,Gene
12606,57576,gene,0.0,True,Gene
12607,57577,gene,0.0,True,Gene
12608,57578,gene,0.0,True,Gene
12609,57579,gene,0.0,True,Gene
12610,57580,gene,0.0,True,Gene
12611,57582,gene,0.0,True,Gene
12612,57583,gene,0.0,True,Gene
12613,57584,gene,0.0,True,Gene
12614,57585,gene,0.0,True,Gene
12615,57586,gene,0.0,True,Gene
12616,57587,gene,0.0,True,Gene
12617,57589,gene,0.0,True,Gene
12618,57590,gene,0.0,True,Gene
12619,57591,gene,0.0,True,Gene
12620,57592,gene,0.0,True,Gene
12621,57593,gene,0.0,True,Gene
12622,57594,gene,0.0,True,Gene
12623,57595,gene,0.0,True,Gene
12624,57596,gene,0.0,True,Gene
12625,57597,gene,0.0,True,Gene
12626,57599,gene,0.0,True,Gene
12627,576,gene,0.0,True,Gene
12628,57600,gene,0.0,True,Gene
12629,57602,gene,0.0,True,Gene
12630,57604,gene,0.0,True,Gene
12631,57605,gene,0.0,True,Gene
12632,57606,gene,0.0,True,Gene
12633,57608,gene,0.0,True,Gene
12634,57609,gene,0.0,True,Gene
12635,57610,gene,0.0,True,Gene
12636,57611,gene,0.0,True,Gene
12637,57613,gene,0.0,True,Gene
12638,57614,gene,0.0,True,Gene
12639,57615,gene,0.0,True,Gene
12640,57616,gene,0.0,True,Gene
12641,57617,gene,0.0,True,Gene
12642,57619,gene,0.0,True,Gene
12643,57620,gene,0.0,True,Gene
12644,57621,gene,0.0,True,Gene
12645,57622,gene,0.0,True,Gene
12646,57623,gene,0.0,True,Gene
12647,57624,gene,0.0,True,Gene
12648,57626,gene,0.0,True,Gene
12649,57628,gene,0.0,True,Gene
12650,5763,gene,0.0,True,Gene
12651,57630,gene,0.0,True,Gene
12652,57631,gene,0.0,True,Gene
12653,57633,gene,0.0,True,Gene
12654,57634,gene,0.0,True,Gene
12655,57636,gene,0.0,True,Gene
12656,57639,gene,0.0,True,Gene
12657,5764,gene,0.0,True,Gene
12658,57642,gene,0.0,True,Gene
12659,57643,gene,0.0,True,Gene
12660,57644,gene,0.0,True,Gene
12661,57645,gene,0.0,True,Gene
12662,57646,gene,0.0,True,Gene
12663,57647,gene,0.0,True,Gene
12664,57648,gene,0.0,True,Gene
12665,57649,gene,0.0,True,Gene
12666,57650,gene,0.0,True,Gene
12667,57654,gene,0.0,True,Gene
12668,57655,gene,0.0,True,Gene
12669,57657,gene,0.0,True,Gene
12670,57658,gene,0.0,True,Gene
12671,57659,gene,0.0,True,Gene
12672,57661,gene,0.0,True,Gene
12673,57662,gene,0.0,True,Gene
12674,57664,gene,0.0,True,Gene
12675,57665,gene,0.0,True,Gene
12676,57666,gene,0.0,True,Gene
12677,57669,gene,0.0,True,Gene
12678,57670,gene,0.0,True,Gene
12679,57673,gene,0.0,True,Gene
12680,57674,gene,0.0,True,Gene
12681,57677,gene,0.0,True,Gene
12682,57678,gene,0.0,True,Gene
12683,57679,gene,0.0,True,Gene
12684,5768,gene,0.0,True,Gene
12685,57680,gene,0.0,True,Gene
12686,57683,gene,0.0,True,Gene
12687,57684,gene,0.0,True,Gene
12688,57685,gene,0.0,True,Gene
12689,57687,gene,0.0,True,Gene
12690,57688,gene,0.0,True,Gene
12691,57689,gene,0.0,True,Gene
12692,57690,gene,0.0,True,Gene
12693,57691,gene,0.0,True,Gene
12694,57692,gene,0.0,True,Gene
12695,57693,gene,0.0,True,Gene
12696,57695,gene,0.0,True,Gene
12697,57696,gene,0.0,True,Gene
12698,57697,gene,0.0,True,Gene
12699,57698,gene,0.0,True,Gene
12700,57699,gene,0.0,True,Gene
12701,577,gene,0.0,True,Gene
12702,5770,gene,0.0,True,Gene
12703,57700,gene,0.0,True,Gene
12704,57701,gene,0.0,True,Gene
12705,57703,gene,0.0,True,Gene
12706,57704,gene,0.0,True,Gene
12707,57705,gene,0.0,True,Gene
12708,57706,gene,0.0,True,Gene
12709,57707,gene,0.0,True,Gene
12710,57708,gene,0.0,True,Gene
12711,57709,gene,0.0,True,Gene
12712,5771,gene,0.0,True,Gene
12713,57710,gene,0.0,True,Gene
12714,57711,gene,0.0,True,Gene
12715,57713,gene,0.0,True,Gene
12716,57715,gene,0.0,True,Gene
12717,57716,gene,0.0,True,Gene
12718,57717,gene,0.0,True,Gene
12719,57718,gene,0.0,True,Gene
12720,57719,gene,0.0,True,Gene
12721,57720,gene,0.0,True,Gene
12722,57721,gene,0.0,True,Gene
12723,57722,gene,0.0,True,Gene
12724,57724,gene,0.0,True,Gene
12725,57727,gene,0.0,True,Gene
12726,57728,gene,0.0,True,Gene
12727,57730,gene,0.0,True,Gene
12728,57731,gene,0.0,True,Gene
12729,57732,gene,0.0,True,Gene
12730,57733,gene,0.0,True,Gene
12731,5774,gene,0.0,True,Gene
12732,5775,gene,0.0,True,Gene
12733,57758,gene,0.0,True,Gene
12734,57761,gene,0.0,True,Gene
12735,57763,gene,0.0,True,Gene
12736,5777,gene,0.0,True,Gene
12737,5778,gene,0.0,True,Gene
12738,57786,gene,0.0,True,Gene
12739,57787,gene,0.0,True,Gene
12740,57794,gene,0.0,True,Gene
12741,57795,gene,0.0,True,Gene
12742,57798,gene,0.0,True,Gene
12743,57799,gene,0.0,True,Gene
12744,578,gene,0.0,True,Gene
12745,5780,gene,0.0,True,Gene
12746,57801,gene,0.0,True,Gene
12747,57804,gene,0.0,True,Gene
12748,57805,gene,0.0,True,Gene
12749,5781,gene,0.0,True,Gene
12750,57817,gene,0.0,True,Gene
12751,57818,gene,0.0,True,Gene
12752,57819,gene,0.0,True,Gene
12753,5782,gene,0.0,True,Gene
12754,57820,gene,0.0,True,Gene
12755,57821,gene,0.0,True,Gene
12756,57822,gene,0.0,True,Gene
12757,57823,gene,0.0,True,Gene
12758,57824,gene,0.0,True,Gene
12759,57826,gene,0.0,True,Gene
12760,57827,gene,0.0,True,Gene
12761,57828,gene,0.0,True,Gene
12762,57829,gene,0.0,True,Gene
12763,5783,gene,0.0,True,Gene
12764,57830,gene,0.0,True,Gene
12765,57834,gene,0.0,True,Gene
12766,57835,gene,0.0,True,Gene
12767,5784,gene,0.0,True,Gene
12768,5786,gene,0.0,True,Gene
12769,57862,gene,0.0,True,Gene
12770,57863,gene,0.0,True,Gene
12771,57864,gene,0.0,True,Gene
12772,5787,gene,0.0,True,Gene
12773,5788,gene,0.0,True,Gene
12774,5789,gene,0.0,True,Gene
12775,579,gene,0.0,True,Gene
12776,5790,gene,0.0,True,Gene
12777,5791,gene,0.0,True,Gene
12778,5792,gene,0.0,True,Gene
12779,5793,gene,0.0,True,Gene
12780,5794,gene,0.0,True,Gene
12781,5795,gene,0.0,True,Gene
12782,5796,gene,0.0,True,Gene
12783,5797,gene,0.0,True,Gene
12784,5798,gene,0.0,True,Gene
12785,5799,gene,0.0,True,Gene
12786,58,gene,0.0,True,Gene
12787,580,gene,0.0,True,Gene
12788,5800,gene,0.0,True,Gene
12789,5801,gene,0.0,True,Gene
12790,5802,gene,0.0,True,Gene
12791,5803,gene,0.0,True,Gene
12792,5805,gene,0.0,True,Gene
12793,5806,gene,0.0,True,Gene
12794,581,gene,0.0,True,Gene
12795,5810,gene,0.0,True,Gene
12796,5813,gene,0.0,True,Gene
12797,5814,gene,0.0,True,Gene
12798,58155,gene,0.0,True,Gene
12799,58157,gene,0.0,True,Gene
12800,5816,gene,0.0,True,Gene
12801,5817,gene,0.0,True,Gene
12802,5818,gene,0.0,True,Gene
12803,58189,gene,0.0,True,Gene
12804,5819,gene,0.0,True,Gene
12805,58190,gene,0.0,True,Gene
12806,58191,gene,0.0,True,Gene
12807,582,gene,0.0,True,Gene
12808,5822,gene,0.0,True,Gene
12809,5824,gene,0.0,True,Gene
12810,5825,gene,0.0,True,Gene
12811,5826,gene,0.0,True,Gene
12812,5827,gene,0.0,True,Gene
12813,5828,gene,0.0,True,Gene
12814,5829,gene,0.0,True,Gene
12815,583,gene,0.0,True,Gene
12816,5830,gene,0.0,True,Gene
12817,5831,gene,0.0,True,Gene
12818,5832,gene,0.0,True,Gene
12819,5833,gene,0.0,True,Gene
12820,5834,gene,0.0,True,Gene
12821,5836,gene,0.0,True,Gene
12822,5837,gene,0.0,True,Gene
12823,58472,gene,0.0,True,Gene
12824,58473,gene,0.0,True,Gene
12825,58475,gene,0.0,True,Gene
12826,58476,gene,0.0,True,Gene
12827,58477,gene,0.0,True,Gene
12828,58478,gene,0.0,True,Gene
12829,58480,gene,0.0,True,Gene
12830,58484,gene,0.0,True,Gene
12831,58485,gene,0.0,True,Gene
12832,58486,gene,0.0,True,Gene
12833,58487,gene,0.0,True,Gene
12834,58488,gene,0.0,True,Gene
12835,58489,gene,0.0,True,Gene
12836,58490,gene,0.0,True,Gene
12837,58491,gene,0.0,True,Gene
12838,58492,gene,0.0,True,Gene
12839,58493,gene,0.0,True,Gene
12840,58494,gene,0.0,True,Gene
12841,58495,gene,0.0,True,Gene
12842,58496,gene,0.0,True,Gene
12843,58497,gene,0.0,True,Gene
12844,58498,gene,0.0,True,Gene
12845,58499,gene,0.0,True,Gene
12846,585,gene,0.0,True,Gene
12847,58500,gene,0.0,True,Gene
12848,58503,gene,0.0,True,Gene
12849,58504,gene,0.0,True,Gene
12850,58505,gene,0.0,True,Gene
12851,58506,gene,0.0,True,Gene
12852,58508,gene,0.0,True,Gene
12853,58509,gene,0.0,True,Gene
12854,58510,gene,0.0,True,Gene
12855,58511,gene,0.0,True,Gene
12856,58512,gene,0.0,True,Gene
12857,58513,gene,0.0,True,Gene
12858,58515,gene,0.0,True,Gene
12859,58516,gene,0.0,True,Gene
12860,58517,gene,0.0,True,Gene
12861,58524,gene,0.0,True,Gene
12862,58525,gene,0.0,True,Gene
12863,58526,gene,0.0,True,Gene
12864,58527,gene,0.0,True,Gene
12865,58528,gene,0.0,True,Gene
12866,58529,gene,0.0,True,Gene
12867,58530,gene,0.0,True,Gene
12868,58531,gene,0.0,True,Gene
12869,58533,gene,0.0,True,Gene
12870,58538,gene,0.0,True,Gene
12871,5858,gene,0.0,True,Gene
12872,5859,gene,0.0,True,Gene
12873,586,gene,0.0,True,Gene
12874,5860,gene,0.0,True,Gene
12875,5861,gene,0.0,True,Gene
12876,5862,gene,0.0,True,Gene
12877,5863,gene,0.0,True,Gene
12878,5864,gene,0.0,True,Gene
12879,5865,gene,0.0,True,Gene
12880,5866,gene,0.0,True,Gene
12881,5867,gene,0.0,True,Gene
12882,5868,gene,0.0,True,Gene
12883,5869,gene,0.0,True,Gene
12884,587,gene,0.0,True,Gene
12885,5870,gene,0.0,True,Gene
12886,5871,gene,0.0,True,Gene
12887,5872,gene,0.0,True,Gene
12888,5873,gene,0.0,True,Gene
12889,5874,gene,0.0,True,Gene
12890,5875,gene,0.0,True,Gene
12891,5876,gene,0.0,True,Gene
12892,5877,gene,0.0,True,Gene
12893,5878,gene,0.0,True,Gene
12894,5879,gene,0.0,True,Gene
12895,5880,gene,0.0,True,Gene
12896,5881,gene,0.0,True,Gene
12897,5883,gene,0.0,True,Gene
12898,5884,gene,0.0,True,Gene
12899,5885,gene,0.0,True,Gene
12900,5886,gene,0.0,True,Gene
12901,5887,gene,0.0,True,Gene
12902,5888,gene,0.0,True,Gene
12903,5889,gene,0.0,True,Gene
12904,5890,gene,0.0,True,Gene
12905,5891,gene,0.0,True,Gene
12906,5892,gene,0.0,True,Gene
12907,5893,gene,0.0,True,Gene
12908,5894,gene,0.0,True,Gene
12909,5896,gene,0.0,True,Gene
12910,5897,gene,0.0,True,Gene
12911,5898,gene,0.0,True,Gene
12912,58985,gene,0.0,True,Gene
12913,58986,gene,0.0,True,Gene
12914,5899,gene,0.0,True,Gene
12915,59,gene,0.0,True,Gene
12916,590,gene,0.0,True,Gene
12917,5900,gene,0.0,True,Gene
12918,5901,gene,0.0,True,Gene
12919,5902,gene,0.0,True,Gene
12920,5903,gene,0.0,True,Gene
12921,5905,gene,0.0,True,Gene
12922,5906,gene,0.0,True,Gene
12923,59067,gene,0.0,True,Gene
12924,5908,gene,0.0,True,Gene
12925,59082,gene,0.0,True,Gene
12926,59084,gene,0.0,True,Gene
12927,5909,gene,0.0,True,Gene
12928,5910,gene,0.0,True,Gene
12929,5911,gene,0.0,True,Gene
12930,5912,gene,0.0,True,Gene
12931,5913,gene,0.0,True,Gene
12932,5914,gene,0.0,True,Gene
12933,5915,gene,0.0,True,Gene
12934,5916,gene,0.0,True,Gene
12935,5917,gene,0.0,True,Gene
12936,5918,gene,0.0,True,Gene
12937,5919,gene,0.0,True,Gene
12938,5920,gene,0.0,True,Gene
12939,5921,gene,0.0,True,Gene
12940,5922,gene,0.0,True,Gene
12941,5923,gene,0.0,True,Gene
12942,5924,gene,0.0,True,Gene
12943,5925,gene,0.0,True,Gene
12944,5926,gene,0.0,True,Gene
12945,59269,gene,0.0,True,Gene
12946,5927,gene,0.0,True,Gene
12947,59271,gene,0.0,True,Gene
12948,59272,gene,0.0,True,Gene
12949,59274,gene,0.0,True,Gene
12950,59277,gene,0.0,True,Gene
12951,5928,gene,0.0,True,Gene
12952,59283,gene,0.0,True,Gene
12953,59284,gene,0.0,True,Gene
12954,59285,gene,0.0,True,Gene
12955,59286,gene,0.0,True,Gene
12956,5929,gene,0.0,True,Gene
12957,593,gene,0.0,True,Gene
12958,5930,gene,0.0,True,Gene
12959,59307,gene,0.0,True,Gene
12960,5931,gene,0.0,True,Gene
12961,5932,gene,0.0,True,Gene
12962,5933,gene,0.0,True,Gene
12963,59335,gene,0.0,True,Gene
12964,59336,gene,0.0,True,Gene
12965,59338,gene,0.0,True,Gene
12966,59339,gene,0.0,True,Gene
12967,5934,gene,0.0,True,Gene
12968,59340,gene,0.0,True,Gene
12969,59341,gene,0.0,True,Gene
12970,59342,gene,0.0,True,Gene
12971,59343,gene,0.0,True,Gene
12972,59344,gene,0.0,True,Gene
12973,59345,gene,0.0,True,Gene
12974,59348,gene,0.0,True,Gene
12975,59349,gene,0.0,True,Gene
12976,5935,gene,0.0,True,Gene
12977,59350,gene,0.0,True,Gene
12978,59351,gene,0.0,True,Gene
12979,59352,gene,0.0,True,Gene
12980,59353,gene,0.0,True,Gene
12981,5936,gene,0.0,True,Gene
12982,5937,gene,0.0,True,Gene
12983,5939,gene,0.0,True,Gene
12984,594,gene,0.0,True,Gene
12985,5940,gene,0.0,True,Gene
12986,5947,gene,0.0,True,Gene
12987,5948,gene,0.0,True,Gene
12988,594855,gene,0.0,True,Gene
12989,594857,gene,0.0,True,Gene
12990,5949,gene,0.0,True,Gene
12991,595,gene,0.0,True,Gene
12992,5950,gene,0.0,True,Gene
12993,5954,gene,0.0,True,Gene
12994,5955,gene,0.0,True,Gene
12995,5956,gene,0.0,True,Gene
12996,5957,gene,0.0,True,Gene
12997,5959,gene,0.0,True,Gene
12998,596,gene,0.0,True,Gene
12999,5961,gene,0.0,True,Gene
13000,5962,gene,0.0,True,Gene
13001,5965,gene,0.0,True,Gene
13002,5966,gene,0.0,True,Gene
13003,5967,gene,0.0,True,Gene
13004,597,gene,0.0,True,Gene
13005,5970,gene,0.0,True,Gene
13006,5971,gene,0.0,True,Gene
13007,5972,gene,0.0,True,Gene
13008,5973,gene,0.0,True,Gene
13009,5976,gene,0.0,True,Gene
13010,5977,gene,0.0,True,Gene
13011,5978,gene,0.0,True,Gene
13012,5979,gene,0.0,True,Gene
13013,598,gene,0.0,True,Gene
13014,5980,gene,0.0,True,Gene
13015,5981,gene,0.0,True,Gene
13016,5982,gene,0.0,True,Gene
13017,5983,gene,0.0,True,Gene
13018,5984,gene,0.0,True,Gene
13019,5985,gene,0.0,True,Gene
13020,5986,gene,0.0,True,Gene
13021,5987,gene,0.0,True,Gene
13022,5989,gene,0.0,True,Gene
13023,599,gene,0.0,True,Gene
13024,5990,gene,0.0,True,Gene
13025,5991,gene,0.0,True,Gene
13026,5992,gene,0.0,True,Gene
13027,5993,gene,0.0,True,Gene
13028,5994,gene,0.0,True,Gene
13029,5995,gene,0.0,True,Gene
13030,5996,gene,0.0,True,Gene
13031,5997,gene,0.0,True,Gene
13032,5998,gene,0.0,True,Gene
13033,5999,gene,0.0,True,Gene
13034,60,gene,0.0,True,Gene
13035,6000,gene,0.0,True,Gene
13036,6001,gene,0.0,True,Gene
13037,6002,gene,0.0,True,Gene
13038,6003,gene,0.0,True,Gene
13039,6004,gene,0.0,True,Gene
13040,6005,gene,0.0,True,Gene
13041,6006,gene,0.0,True,Gene
13042,6007,gene,0.0,True,Gene
13043,6009,gene,0.0,True,Gene
13044,6010,gene,0.0,True,Gene
13045,6011,gene,0.0,True,Gene
13046,6013,gene,0.0,True,Gene
13047,6014,gene,0.0,True,Gene
13048,6015,gene,0.0,True,Gene
13049,6016,gene,0.0,True,Gene
13050,6017,gene,0.0,True,Gene
13051,6018,gene,0.0,True,Gene
13052,6019,gene,0.0,True,Gene
13053,602,gene,0.0,True,Gene
13054,60312,gene,0.0,True,Gene
13055,60313,gene,0.0,True,Gene
13056,60314,gene,0.0,True,Gene
13057,60343,gene,0.0,True,Gene
13058,6035,gene,0.0,True,Gene
13059,6036,gene,0.0,True,Gene
13060,6037,gene,0.0,True,Gene
13061,60370,gene,0.0,True,Gene
13062,6038,gene,0.0,True,Gene
13063,60385,gene,0.0,True,Gene
13064,60386,gene,0.0,True,Gene
13065,6039,gene,0.0,True,Gene
13066,604,gene,0.0,True,Gene
13067,60401,gene,0.0,True,Gene
13068,6041,gene,0.0,True,Gene
13069,60412,gene,0.0,True,Gene
13070,60436,gene,0.0,True,Gene
13071,60437,gene,0.0,True,Gene
13072,6045,gene,0.0,True,Gene
13073,6046,gene,0.0,True,Gene
13074,60468,gene,0.0,True,Gene
13075,6047,gene,0.0,True,Gene
13076,6048,gene,0.0,True,Gene
13077,60481,gene,0.0,True,Gene
13078,60482,gene,0.0,True,Gene
13079,60484,gene,0.0,True,Gene
13080,60485,gene,0.0,True,Gene
13081,60487,gene,0.0,True,Gene
13082,60488,gene,0.0,True,Gene
13083,60489,gene,0.0,True,Gene
13084,6049,gene,0.0,True,Gene
13085,60490,gene,0.0,True,Gene
13086,60491,gene,0.0,True,Gene
13087,60492,gene,0.0,True,Gene
13088,60493,gene,0.0,True,Gene
13089,60494,gene,0.0,True,Gene
13090,60495,gene,0.0,True,Gene
13091,60496,gene,0.0,True,Gene
13092,605,gene,0.0,True,Gene
13093,6050,gene,0.0,True,Gene
13094,60506,gene,0.0,True,Gene
13095,60509,gene,0.0,True,Gene
13096,6051,gene,0.0,True,Gene
13097,60526,gene,0.0,True,Gene
13098,60528,gene,0.0,True,Gene
13099,60529,gene,0.0,True,Gene
13100,60558,gene,0.0,True,Gene
13101,60559,gene,0.0,True,Gene
13102,60560,gene,0.0,True,Gene
13103,60561,gene,0.0,True,Gene
13104,6059,gene,0.0,True,Gene
13105,60592,gene,0.0,True,Gene
13106,60598,gene,0.0,True,Gene
13107,60625,gene,0.0,True,Gene
13108,60626,gene,0.0,True,Gene
13109,606495,gene,0.0,True,Gene
13110,60672,gene,0.0,True,Gene
13111,60673,gene,0.0,True,Gene
13112,60675,gene,0.0,True,Gene
13113,60676,gene,0.0,True,Gene
13114,60677,gene,0.0,True,Gene
13115,60678,gene,0.0,True,Gene
13116,60680,gene,0.0,True,Gene
13117,60681,gene,0.0,True,Gene
13118,60682,gene,0.0,True,Gene
13119,60684,gene,0.0,True,Gene
13120,60685,gene,0.0,True,Gene
13121,60686,gene,0.0,True,Gene
13122,607,gene,0.0,True,Gene
13123,608,gene,0.0,True,Gene
13124,6091,gene,0.0,True,Gene
13125,6092,gene,0.0,True,Gene
13126,6093,gene,0.0,True,Gene
13127,6094,gene,0.0,True,Gene
13128,6095,gene,0.0,True,Gene
13129,6096,gene,0.0,True,Gene
13130,6097,gene,0.0,True,Gene
13131,6098,gene,0.0,True,Gene
13132,610,gene,0.0,True,Gene
13133,6100,gene,0.0,True,Gene
13134,6101,gene,0.0,True,Gene
13135,6102,gene,0.0,True,Gene
13136,6103,gene,0.0,True,Gene
13137,611,gene,0.0,True,Gene
13138,6117,gene,0.0,True,Gene
13139,6118,gene,0.0,True,Gene
13140,6119,gene,0.0,True,Gene
13141,6120,gene,0.0,True,Gene
13142,6121,gene,0.0,True,Gene
13143,6122,gene,0.0,True,Gene
13144,6123,gene,0.0,True,Gene
13145,6124,gene,0.0,True,Gene
13146,6125,gene,0.0,True,Gene
13147,6128,gene,0.0,True,Gene
13148,6129,gene,0.0,True,Gene
13149,613,gene,0.0,True,Gene
13150,6130,gene,0.0,True,Gene
13151,613037,gene,0.0,True,Gene
13152,6132,gene,0.0,True,Gene
13153,613209,gene,0.0,True,Gene
13154,613210,gene,0.0,True,Gene
13155,613211,gene,0.0,True,Gene
13156,613212,gene,0.0,True,Gene
13157,613227,gene,0.0,True,Gene
13158,6133,gene,0.0,True,Gene
13159,6134,gene,0.0,True,Gene
13160,6135,gene,0.0,True,Gene
13161,6136,gene,0.0,True,Gene
13162,6137,gene,0.0,True,Gene
13163,6138,gene,0.0,True,Gene
13164,6139,gene,0.0,True,Gene
13165,6141,gene,0.0,True,Gene
13166,6142,gene,0.0,True,Gene
13167,6143,gene,0.0,True,Gene
13168,6144,gene,0.0,True,Gene
13169,6146,gene,0.0,True,Gene
13170,6147,gene,0.0,True,Gene
13171,6150,gene,0.0,True,Gene
13172,6152,gene,0.0,True,Gene
13173,6154,gene,0.0,True,Gene
13174,6155,gene,0.0,True,Gene
13175,6156,gene,0.0,True,Gene
13176,6157,gene,0.0,True,Gene
13177,6158,gene,0.0,True,Gene
13178,6159,gene,0.0,True,Gene
13179,6160,gene,0.0,True,Gene
13180,6161,gene,0.0,True,Gene
13181,6164,gene,0.0,True,Gene
13182,6165,gene,0.0,True,Gene
13183,6166,gene,0.0,True,Gene
13184,6167,gene,0.0,True,Gene
13185,6168,gene,0.0,True,Gene
13186,6169,gene,0.0,True,Gene
13187,617,gene,0.0,True,Gene
13188,6170,gene,0.0,True,Gene
13189,6171,gene,0.0,True,Gene
13190,6173,gene,0.0,True,Gene
13191,6175,gene,0.0,True,Gene
13192,6176,gene,0.0,True,Gene
13193,6181,gene,0.0,True,Gene
13194,6182,gene,0.0,True,Gene
13195,6183,gene,0.0,True,Gene
13196,6184,gene,0.0,True,Gene
13197,6185,gene,0.0,True,Gene
13198,6187,gene,0.0,True,Gene
13199,6188,gene,0.0,True,Gene
13200,6189,gene,0.0,True,Gene
13201,6191,gene,0.0,True,Gene
13202,619189,gene,0.0,True,Gene
13203,6192,gene,0.0,True,Gene
13204,619207,gene,0.0,True,Gene
13205,619208,gene,0.0,True,Gene
13206,619279,gene,0.40173015,True,Gene
13207,6193,gene,0.0,True,Gene
13208,619373,gene,0.0,True,Gene
13209,6194,gene,0.0,True,Gene
13210,6195,gene,0.0,True,Gene
13211,6196,gene,0.0,True,Gene
13212,6197,gene,0.0,True,Gene
13213,6198,gene,0.0,True,Gene
13214,6199,gene,0.0,True,Gene
13215,6201,gene,0.0,True,Gene
13216,6202,gene,0.0,True,Gene
13217,6203,gene,0.0,True,Gene
13218,6204,gene,0.0,True,Gene
13219,6205,gene,0.0,True,Gene
13220,6206,gene,0.0,True,Gene
13221,6207,gene,0.0,True,Gene
13222,6208,gene,0.0,True,Gene
13223,6209,gene,0.0,True,Gene
13224,6210,gene,0.0,True,Gene
13225,6217,gene,0.0,True,Gene
13226,6218,gene,0.0,True,Gene
13227,622,gene,0.0,True,Gene
13228,6222,gene,0.0,True,Gene
13229,6223,gene,0.0,True,Gene
13230,6224,gene,0.0,True,Gene
13231,6227,gene,0.0,True,Gene
13232,6228,gene,0.0,True,Gene
13233,6229,gene,0.0,True,Gene
13234,623,gene,0.0,True,Gene
13235,6230,gene,0.0,True,Gene
13236,6231,gene,0.0,True,Gene
13237,6232,gene,0.0,True,Gene
13238,6233,gene,0.0,True,Gene
13239,6234,gene,0.0,True,Gene
13240,6235,gene,0.0,True,Gene
13241,6236,gene,0.0,True,Gene
13242,6237,gene,0.0,True,Gene
13243,6238,gene,0.0,True,Gene
13244,6239,gene,0.0,True,Gene
13245,624,gene,0.0,True,Gene
13246,6240,gene,0.0,True,Gene
13247,6241,gene,0.0,True,Gene
13248,6242,gene,0.0,True,Gene
13249,6247,gene,0.0,True,Gene
13250,6248,gene,0.0,True,Gene
13251,6249,gene,0.0,True,Gene
13252,6251,gene,0.0,True,Gene
13253,6252,gene,0.0,True,Gene
13254,6253,gene,0.0,True,Gene
13255,6256,gene,0.0,True,Gene
13256,6257,gene,0.0,True,Gene
13257,6258,gene,0.0,True,Gene
13258,6259,gene,0.0,True,Gene
13259,6261,gene,0.7328133,True,Gene
13260,6262,gene,0.0,True,Gene
13261,6263,gene,0.0,True,Gene
13262,627,gene,0.0,True,Gene
13263,6271,gene,0.0,True,Gene
13264,6272,gene,0.0,True,Gene
13265,6273,gene,0.0,True,Gene
13266,6274,gene,0.0,True,Gene
13267,6275,gene,0.0,True,Gene
13268,6276,gene,0.0,True,Gene
13269,6277,gene,0.0,True,Gene
13270,6278,gene,0.0,True,Gene
13271,6279,gene,0.0,True,Gene
13272,6280,gene,0.0,True,Gene
13273,6281,gene,0.0,True,Gene
13274,6282,gene,0.0,True,Gene
13275,6283,gene,0.0,True,Gene
13276,6284,gene,0.0,True,Gene
13277,6285,gene,0.0,True,Gene
13278,6286,gene,0.0,True,Gene
13279,6288,gene,0.0,True,Gene
13280,6289,gene,0.0,True,Gene
13281,629,gene,0.0,True,Gene
13282,6291,gene,0.0,True,Gene
13283,6293,gene,0.0,True,Gene
13284,6294,gene,0.0,True,Gene
13285,6295,gene,0.0,True,Gene
13286,6296,gene,0.0,True,Gene
13287,6297,gene,0.0,True,Gene
13288,6299,gene,0.0,True,Gene
13289,6300,gene,0.0,True,Gene
13290,6301,gene,0.0,True,Gene
13291,6302,gene,0.0,True,Gene
13292,63027,gene,0.0,True,Gene
13293,6303,gene,0.0,True,Gene
13294,63035,gene,0.0,True,Gene
13295,63036,gene,0.0,True,Gene
13296,6304,gene,0.0,True,Gene
13297,6305,gene,0.0,True,Gene
13298,6307,gene,0.0,True,Gene
13299,6309,gene,0.0,True,Gene
13300,631,gene,0.0,True,Gene
13301,6310,gene,0.0,True,Gene
13302,6311,gene,0.0,True,Gene
13303,6314,gene,0.0,True,Gene
13304,6317,gene,0.0,True,Gene
13305,6318,gene,0.0,True,Gene
13306,6319,gene,0.0,True,Gene
13307,632,gene,0.0,True,Gene
13308,6320,gene,0.0,True,Gene
13309,6322,gene,0.0,True,Gene
13310,6323,gene,0.0,True,Gene
13311,6324,gene,0.0,True,Gene
13312,6326,gene,0.0,True,Gene
13313,6327,gene,0.0,True,Gene
13314,6328,gene,0.0,True,Gene
13315,6329,gene,0.0,True,Gene
13316,633,gene,0.0,True,Gene
13317,6330,gene,0.0,True,Gene
13318,6331,gene,0.0,True,Gene
13319,6332,gene,0.0,True,Gene
13320,6334,gene,0.0,True,Gene
13321,6335,gene,0.0,True,Gene
13322,6336,gene,1.5913363,True,Gene
13323,6337,gene,0.0,True,Gene
13324,6338,gene,0.0,True,Gene
13325,6339,gene,0.0,True,Gene
13326,634,gene,0.0,True,Gene
13327,6340,gene,0.0,True,Gene
13328,6341,gene,0.0,True,Gene
13329,6342,gene,0.0,True,Gene
13330,6343,gene,0.0,True,Gene
13331,6344,gene,0.0,True,Gene
13332,6345,gene,0.0,True,Gene
13333,6346,gene,0.0,True,Gene
13334,6347,gene,0.0,True,Gene
13335,6348,gene,0.0,True,Gene
13336,635,gene,0.0,True,Gene
13337,6351,gene,0.0,True,Gene
13338,6352,gene,0.0,True,Gene
13339,6354,gene,0.0,True,Gene
13340,6355,gene,0.0,True,Gene
13341,6356,gene,0.0,True,Gene
13342,6357,gene,0.0,True,Gene
13343,6358,gene,0.0,True,Gene
13344,6359,gene,0.0,True,Gene
13345,636,gene,0.0,True,Gene
13346,6360,gene,0.0,True,Gene
13347,6361,gene,0.0,True,Gene
13348,6362,gene,0.0,True,Gene
13349,6363,gene,0.0,True,Gene
13350,6364,gene,0.0,True,Gene
13351,6366,gene,0.0,True,Gene
13352,6367,gene,0.0,True,Gene
13353,6368,gene,0.0,True,Gene
13354,6369,gene,0.0,True,Gene
13355,637,gene,0.0,True,Gene
13356,6370,gene,0.0,True,Gene
13357,6372,gene,0.0,True,Gene
13358,6373,gene,0.0,True,Gene
13359,6374,gene,0.0,True,Gene
13360,6375,gene,0.0,True,Gene
13361,6376,gene,0.0,True,Gene
13362,638,gene,0.0,True,Gene
13363,6382,gene,0.0,True,Gene
13364,63826,gene,0.0,True,Gene
13365,63827,gene,0.0,True,Gene
13366,6383,gene,0.0,True,Gene
13367,6385,gene,0.0,True,Gene
13368,6386,gene,0.0,True,Gene
13369,6387,gene,0.0,True,Gene
13370,63874,gene,0.0,True,Gene
13371,63875,gene,0.0,True,Gene
13372,63876,gene,0.0,True,Gene
13373,63877,gene,0.0,True,Gene
13374,6388,gene,0.0,True,Gene
13375,6389,gene,0.0,True,Gene
13376,63891,gene,0.0,True,Gene
13377,63892,gene,0.0,True,Gene
13378,63893,gene,0.0,True,Gene
13379,63894,gene,0.0,True,Gene
13380,63895,gene,0.0,True,Gene
13381,63897,gene,0.0,True,Gene
13382,63898,gene,0.0,True,Gene
13383,63899,gene,0.0,True,Gene
13384,639,gene,0.0,True,Gene
13385,6390,gene,0.0,True,Gene
13386,63901,gene,0.0,True,Gene
13387,63904,gene,0.0,True,Gene
13388,63905,gene,0.0,True,Gene
13389,63906,gene,0.0,True,Gene
13390,63908,gene,0.0,True,Gene
13391,6391,gene,0.0,True,Gene
13392,63910,gene,0.0,True,Gene
13393,63915,gene,0.0,True,Gene
13394,63916,gene,0.0,True,Gene
13395,63917,gene,0.0,True,Gene
13396,6392,gene,0.0,True,Gene
13397,63920,gene,0.0,True,Gene
13398,63922,gene,0.0,True,Gene
13399,63923,gene,0.0,True,Gene
13400,63924,gene,0.0,True,Gene
13401,63925,gene,0.0,True,Gene
13402,63926,gene,0.0,True,Gene
13403,63928,gene,0.0,True,Gene
13404,63929,gene,0.0,True,Gene
13405,63931,gene,0.0,True,Gene
13406,63932,gene,0.0,True,Gene
13407,63933,gene,0.0,True,Gene
13408,63934,gene,0.0,True,Gene
13409,63935,gene,0.0,True,Gene
13410,63939,gene,0.0,True,Gene
13411,63940,gene,0.0,True,Gene
13412,63941,gene,0.0,True,Gene
13413,63943,gene,0.0,True,Gene
13414,63946,gene,0.0,True,Gene
13415,63950,gene,0.0,True,Gene
13416,63951,gene,0.0,True,Gene
13417,6396,gene,0.0,True,Gene
13418,63967,gene,0.0,True,Gene
13419,6397,gene,0.0,True,Gene
13420,63970,gene,0.0,True,Gene
13421,63971,gene,0.0,True,Gene
13422,63973,gene,0.0,True,Gene
13423,63974,gene,0.0,True,Gene
13424,63976,gene,0.0,True,Gene
13425,63977,gene,0.0,True,Gene
13426,63978,gene,0.0,True,Gene
13427,63979,gene,0.0,True,Gene
13428,6398,gene,0.0,True,Gene
13429,63982,gene,0.0,True,Gene
13430,6399,gene,0.0,True,Gene
13431,640,gene,0.0,True,Gene
13432,6400,gene,0.0,True,Gene
13433,64005,gene,0.0,True,Gene
13434,6401,gene,0.0,True,Gene
13435,6402,gene,0.0,True,Gene
13436,6403,gene,0.0,True,Gene
13437,6404,gene,0.0,True,Gene
13438,6405,gene,0.0,True,Gene
13439,64061,gene,0.0,True,Gene
13440,64062,gene,0.0,True,Gene
13441,64063,gene,0.0,True,Gene
13442,64064,gene,0.0,True,Gene
13443,64065,gene,0.0,True,Gene
13444,64066,gene,0.0,True,Gene
13445,64067,gene,0.0,True,Gene
13446,6407,gene,0.0,True,Gene
13447,64072,gene,0.0,True,Gene
13448,64073,gene,0.0,True,Gene
13449,64077,gene,0.0,True,Gene
13450,64078,gene,0.0,True,Gene
13451,64080,gene,0.0,True,Gene
13452,64081,gene,0.0,True,Gene
13453,64083,gene,0.0,True,Gene
13454,64084,gene,0.0,True,Gene
13455,64087,gene,0.0,True,Gene
13456,64089,gene,0.44150192,True,Gene
13457,64090,gene,0.0,True,Gene
13458,64091,gene,0.0,True,Gene
13459,64092,gene,0.0,True,Gene
13460,64093,gene,0.0,True,Gene
13461,64094,gene,0.0,True,Gene
13462,64097,gene,0.0,True,Gene
13463,64098,gene,0.0,True,Gene
13464,641,gene,0.0,True,Gene
13465,64101,gene,0.0,True,Gene
13466,64102,gene,0.0,True,Gene
13467,64105,gene,0.0,True,Gene
13468,64106,gene,0.0,True,Gene
13469,64108,gene,0.0,True,Gene
13470,64109,gene,0.0,True,Gene
13471,64110,gene,0.0,True,Gene
13472,64111,gene,0.0,True,Gene
13473,64112,gene,0.0,True,Gene
13474,64114,gene,0.0,True,Gene
13475,64115,gene,0.0,True,Gene
13476,64116,gene,0.0,True,Gene
13477,64118,gene,0.0,True,Gene
13478,64121,gene,0.0,True,Gene
13479,64122,gene,0.0,True,Gene
13480,64123,gene,0.0,True,Gene
13481,64127,gene,0.0,True,Gene
13482,64129,gene,0.0,True,Gene
13483,64130,gene,0.0,True,Gene
13484,64131,gene,0.0,True,Gene
13485,64132,gene,0.0,True,Gene
13486,641339,gene,0.0,True,Gene
13487,64135,gene,0.0,True,Gene
13488,64137,gene,0.0,True,Gene
13489,641371,gene,0.0,True,Gene
13490,641372,gene,0.0,True,Gene
13491,6414,gene,0.0,True,Gene
13492,64145,gene,0.0,True,Gene
13493,641455,gene,0.0,True,Gene
13494,64146,gene,0.0,True,Gene
13495,64147,gene,0.0,True,Gene
13496,64149,gene,0.0,True,Gene
13497,6415,gene,0.0,True,Gene
13498,64151,gene,0.0,True,Gene
13499,641517,gene,0.0,True,Gene
13500,6416,gene,0.0,True,Gene
13501,641649,gene,0.0,True,Gene
13502,641654,gene,0.0,True,Gene
13503,64167,gene,0.0,True,Gene
13504,64168,gene,0.0,True,Gene
13505,64170,gene,0.0,True,Gene
13506,641700,gene,0.0,True,Gene
13507,64172,gene,0.0,True,Gene
13508,64174,gene,0.0,True,Gene
13509,64175,gene,0.0,True,Gene
13510,641776,gene,0.0,True,Gene
13511,6418,gene,0.0,True,Gene
13512,64180,gene,0.0,True,Gene
13513,64184,gene,0.0,True,Gene
13514,6419,gene,0.0,True,Gene
13515,642,gene,0.0,True,Gene
13516,64207,gene,0.0,True,Gene
13517,64208,gene,0.0,True,Gene
13518,6421,gene,0.0,True,Gene
13519,64210,gene,0.0,True,Gene
13520,64211,gene,0.0,True,Gene
13521,64215,gene,0.0,True,Gene
13522,64216,gene,0.0,True,Gene
13523,64218,gene,0.0,True,Gene
13524,64219,gene,0.0,True,Gene
13525,6422,gene,0.0,True,Gene
13526,64220,gene,0.0,True,Gene
13527,64221,gene,0.0,True,Gene
13528,64222,gene,0.0,True,Gene
13529,64223,gene,0.0,True,Gene
13530,64224,gene,0.0,True,Gene
13531,64225,gene,0.0,True,Gene
13532,642273,gene,0.0,True,Gene
13533,6423,gene,0.0,True,Gene
13534,64231,gene,0.0,True,Gene
13535,64236,gene,0.0,True,Gene
13536,6424,gene,0.0,True,Gene
13537,64240,gene,0.0,True,Gene
13538,64241,gene,0.0,True,Gene
13539,642446,gene,0.0,True,Gene
13540,642475,gene,0.0,True,Gene
13541,642489,gene,0.0,True,Gene
13542,6425,gene,0.0,True,Gene
13543,642515,gene,0.0,True,Gene
13544,642517,gene,0.0,True,Gene
13545,642574,gene,0.0,True,Gene
13546,642597,gene,0.0,True,Gene
13547,6426,gene,0.0,True,Gene
13548,642612,gene,0.0,True,Gene
13549,642623,gene,0.0,True,Gene
13550,642636,gene,0.0,True,Gene
13551,642658,gene,0.0,True,Gene
13552,642659,gene,0.0,True,Gene
13553,6427,gene,0.0,True,Gene
13554,642778,gene,0.0,True,Gene
13555,642799,gene,0.0,True,Gene
13556,6428,gene,0.0,True,Gene
13557,642819,gene,0.0,True,Gene
13558,64282,gene,0.0,True,Gene
13559,64283,gene,0.0,True,Gene
13560,64284,gene,0.0,True,Gene
13561,642843,gene,0.0,True,Gene
13562,64285,gene,0.0,True,Gene
13563,64288,gene,0.0,True,Gene
13564,6429,gene,0.0,True,Gene
13565,642938,gene,0.0,True,Gene
13566,642968,gene,0.0,True,Gene
13567,642987,gene,0.0,True,Gene
13568,643,gene,0.0,True,Gene
13569,6430,gene,0.0,True,Gene
13570,643008,gene,0.0,True,Gene
13571,643037,gene,0.0,True,Gene
13572,6431,gene,0.0,True,Gene
13573,643136,gene,0.0,True,Gene
13574,643155,gene,0.0,True,Gene
13575,643161,gene,0.0,True,Gene
13576,64318,gene,0.0,True,Gene
13577,64319,gene,0.0,True,Gene
13578,6432,gene,0.0,True,Gene
13579,64320,gene,0.0,True,Gene
13580,64321,gene,0.0,True,Gene
13581,643226,gene,0.0,True,Gene
13582,643236,gene,0.0,True,Gene
13583,64324,gene,0.0,True,Gene
13584,643246,gene,0.0,True,Gene
13585,64326,gene,0.0,True,Gene
13586,64327,gene,0.0,True,Gene
13587,64328,gene,0.0,True,Gene
13588,6433,gene,0.0,True,Gene
13589,643311,gene,0.0,True,Gene
13590,64332,gene,0.0,True,Gene
13591,64333,gene,0.0,True,Gene
13592,643338,gene,0.0,True,Gene
13593,643376,gene,0.0,True,Gene
13594,643382,gene,0.0,True,Gene
13595,643394,gene,0.0,True,Gene
13596,6434,gene,0.0,True,Gene
13597,643414,gene,0.0,True,Gene
13598,643418,gene,0.0,True,Gene
13599,64342,gene,0.0,True,Gene
13600,64343,gene,0.0,True,Gene
13601,64344,gene,0.0,True,Gene
13602,64359,gene,0.0,True,Gene
13603,643596,gene,0.0,True,Gene
13604,643641,gene,0.0,True,Gene
13605,643664,gene,0.0,True,Gene
13606,643669,gene,0.0,True,Gene
13607,643677,gene,0.0,True,Gene
13608,643680,gene,0.0,True,Gene
13609,643699,gene,0.0,True,Gene
13610,643707,gene,0.0,True,Gene
13611,64374,gene,0.0,True,Gene
13612,64375,gene,0.0,True,Gene
13613,64376,gene,0.0,True,Gene
13614,64377,gene,0.0,True,Gene
13615,643803,gene,0.0,True,Gene
13616,643812,gene,0.0,True,Gene
13617,643836,gene,0.0,True,Gene
13618,643847,gene,0.0,True,Gene
13619,643853,gene,0.0,True,Gene
13620,643854,gene,0.0,True,Gene
13621,64386,gene,0.0,True,Gene
13622,643862,gene,0.0,True,Gene
13623,643866,gene,0.0,True,Gene
13624,64388,gene,0.0,True,Gene
13625,6439,gene,0.0,True,Gene
13626,643904,gene,0.0,True,Gene
13627,643909,gene,0.0,True,Gene
13628,64393,gene,0.0,True,Gene
13629,64395,gene,0.0,True,Gene
13630,64396,gene,0.0,True,Gene
13631,643965,gene,0.0,True,Gene
13632,64397,gene,0.0,True,Gene
13633,64398,gene,0.0,True,Gene
13634,643988,gene,0.0,True,Gene
13635,64399,gene,0.0,True,Gene
13636,644,gene,0.0,True,Gene
13637,6440,gene,0.0,True,Gene
13638,64400,gene,0.0,True,Gene
13639,644019,gene,0.0,True,Gene
13640,64403,gene,0.0,True,Gene
13641,644041,gene,0.0,True,Gene
13642,64405,gene,0.0,True,Gene
13643,644054,gene,0.0,True,Gene
13644,64407,gene,0.0,True,Gene
13645,644070,gene,0.0,True,Gene
13646,64409,gene,0.0,True,Gene
13647,644096,gene,0.0,True,Gene
13648,6441,gene,0.0,True,Gene
13649,64410,gene,0.0,True,Gene
13650,644100,gene,0.0,True,Gene
13651,64411,gene,0.0,True,Gene
13652,64412,gene,0.0,True,Gene
13653,644139,gene,0.0,True,Gene
13654,644145,gene,0.0,True,Gene
13655,644150,gene,0.0,True,Gene
13656,644168,gene,0.0,True,Gene
13657,64417,gene,0.0,True,Gene
13658,64418,gene,0.0,True,Gene
13659,644186,gene,0.0,True,Gene
13660,64419,gene,0.0,True,Gene
13661,6442,gene,0.0,True,Gene
13662,64420,gene,0.0,True,Gene
13663,64421,gene,0.0,True,Gene
13664,64422,gene,0.0,True,Gene
13665,64423,gene,0.0,True,Gene
13666,64425,gene,0.0,True,Gene
13667,64426,gene,0.0,True,Gene
13668,64427,gene,0.0,True,Gene
13669,64428,gene,0.0,True,Gene
13670,64429,gene,0.0,True,Gene
13671,6443,gene,0.0,True,Gene
13672,64430,gene,0.0,True,Gene
13673,64431,gene,0.0,True,Gene
13674,64432,gene,0.0,True,Gene
13675,64434,gene,0.0,True,Gene
13676,644353,gene,0.0,True,Gene
13677,6444,gene,0.0,True,Gene
13678,644414,gene,0.0,True,Gene
13679,64446,gene,0.0,True,Gene
13680,6445,gene,0.0,True,Gene
13681,644524,gene,0.0,True,Gene
13682,644538,gene,0.0,True,Gene
13683,644591,gene,0.0,True,Gene
13684,644596,gene,0.0,True,Gene
13685,6446,gene,0.0,True,Gene
13686,6447,gene,0.0,True,Gene
13687,64478,gene,0.0,True,Gene
13688,6448,gene,0.0,True,Gene
13689,644815,gene,0.0,True,Gene
13690,644844,gene,0.0,True,Gene
13691,644890,gene,0.0,True,Gene
13692,6449,gene,0.0,True,Gene
13693,644943,gene,0.0,True,Gene
13694,644974,gene,0.0,True,Gene
13695,64499,gene,0.0,True,Gene
13696,644994,gene,0.0,True,Gene
13697,645,gene,0.0,True,Gene
13698,6450,gene,0.0,True,Gene
13699,645027,gene,0.0,True,Gene
13700,645051,gene,0.0,True,Gene
13701,64506,gene,0.0,True,Gene
13702,645073,gene,0.0,True,Gene
13703,6451,gene,0.0,True,Gene
13704,645121,gene,0.0,True,Gene
13705,645142,gene,0.0,True,Gene
13706,64518,gene,0.0,True,Gene
13707,645191,gene,0.0,True,Gene
13708,6452,gene,0.0,True,Gene
13709,6453,gene,0.0,True,Gene
13710,645359,gene,0.0,True,Gene
13711,645369,gene,0.0,True,Gene
13712,645382,gene,0.0,True,Gene
13713,645402,gene,0.0,True,Gene
13714,645425,gene,0.0,True,Gene
13715,645426,gene,0.0,True,Gene
13716,645432,gene,0.0,True,Gene
13717,6455,gene,0.0,True,Gene
13718,645545,gene,0.0,True,Gene
13719,645558,gene,0.0,True,Gene
13720,645572,gene,0.0,True,Gene
13721,6456,gene,0.0,True,Gene
13722,645651,gene,0.0,True,Gene
13723,6457,gene,0.0,True,Gene
13724,645745,gene,0.0,True,Gene
13725,64577,gene,0.0,True,Gene
13726,64579,gene,0.0,True,Gene
13727,64581,gene,0.0,True,Gene
13728,645811,gene,0.0,True,Gene
13729,64582,gene,0.0,True,Gene
13730,645832,gene,0.0,True,Gene
13731,645836,gene,0.0,True,Gene
13732,645864,gene,0.0,True,Gene
13733,645879,gene,0.0,True,Gene
13734,64591,gene,0.0,True,Gene
13735,645961,gene,0.0,True,Gene
13736,645974,gene,0.0,True,Gene
13737,64598,gene,0.0,True,Gene
13738,64599,gene,0.0,True,Gene
13739,646,gene,0.0,True,Gene
13740,64600,gene,0.0,True,Gene
13741,646000,gene,0.0,True,Gene
13742,64601,gene,0.0,True,Gene
13743,646019,gene,0.0,True,Gene
13744,646066,gene,0.0,True,Gene
13745,6461,gene,0.0,True,Gene
13746,646103,gene,0.0,True,Gene
13747,646174,gene,0.0,True,Gene
13748,6462,gene,0.0,True,Gene
13749,646262,gene,0.0,True,Gene
13750,6464,gene,0.0,True,Gene
13751,64641,gene,0.0,True,Gene
13752,646424,gene,0.0,True,Gene
13753,64645,gene,0.0,True,Gene
13754,646457,gene,0.0,True,Gene
13755,646480,gene,0.43466213,True,Gene
13756,646486,gene,0.49923825,True,Gene
13757,646498,gene,0.0,True,Gene
13758,64651,gene,0.0,True,Gene
13759,646603,gene,0.0,True,Gene
13760,646627,gene,0.0,True,Gene
13761,646643,gene,0.0,True,Gene
13762,646658,gene,0.0,True,Gene
13763,646754,gene,0.0,True,Gene
13764,646799,gene,0.0,True,Gene
13765,6468,gene,0.0,True,Gene
13766,646817,gene,0.0,True,Gene
13767,64682,gene,0.0,True,Gene
13768,646851,gene,0.0,True,Gene
13769,646862,gene,0.0,True,Gene
13770,646864,gene,0.0,True,Gene
13771,64689,gene,0.0,True,Gene
13772,646892,gene,0.0,True,Gene
13773,6469,gene,0.0,True,Gene
13774,64693,gene,0.0,True,Gene
13775,646951,gene,0.0,True,Gene
13776,646960,gene,0.0,True,Gene
13777,646962,gene,0.0,True,Gene
13778,64699,gene,0.0,True,Gene
13779,6470,gene,0.0,True,Gene
13780,647024,gene,0.0,True,Gene
13781,647042,gene,0.0,True,Gene
13782,647060,gene,0.0,True,Gene
13783,64708,gene,0.0,True,Gene
13784,647087,gene,0.0,True,Gene
13785,64710,gene,0.0,True,Gene
13786,64711,gene,0.0,True,Gene
13787,647135,gene,0.0,True,Gene
13788,64714,gene,0.0,True,Gene
13789,647166,gene,0.0,True,Gene
13790,647174,gene,0.0,True,Gene
13791,64718,gene,0.0,True,Gene
13792,6472,gene,0.0,True,Gene
13793,647219,gene,0.0,True,Gene
13794,647264,gene,0.0,True,Gene
13795,6473,gene,0.0,True,Gene
13796,647309,gene,0.0,True,Gene
13797,647310,gene,0.0,True,Gene
13798,6474,gene,0.0,True,Gene
13799,64743,gene,0.0,True,Gene
13800,64744,gene,0.0,True,Gene
13801,64745,gene,0.0,True,Gene
13802,64746,gene,0.0,True,Gene
13803,64747,gene,0.0,True,Gene
13804,64748,gene,0.0,True,Gene
13805,64750,gene,0.0,True,Gene
13806,64753,gene,0.0,True,Gene
13807,64754,gene,0.0,True,Gene
13808,64755,gene,0.0,True,Gene
13809,64756,gene,0.0,True,Gene
13810,64757,gene,0.0,True,Gene
13811,647589,gene,0.0,True,Gene
13812,64759,gene,0.0,True,Gene
13813,6476,gene,0.0,True,Gene
13814,64760,gene,0.0,True,Gene
13815,64761,gene,0.0,True,Gene
13816,64762,gene,0.0,True,Gene
13817,64763,gene,0.0,True,Gene
13818,64764,gene,0.0,True,Gene
13819,64766,gene,0.0,True,Gene
13820,64768,gene,0.0,True,Gene
13821,64769,gene,0.0,True,Gene
13822,6477,gene,0.0,True,Gene
13823,64770,gene,0.0,True,Gene
13824,64771,gene,0.0,True,Gene
13825,64772,gene,0.0,True,Gene
13826,64773,gene,0.0,True,Gene
13827,64776,gene,0.0,True,Gene
13828,64777,gene,0.0,True,Gene
13829,64778,gene,0.0,True,Gene
13830,64779,gene,0.0,True,Gene
13831,6478,gene,0.0,True,Gene
13832,64780,gene,0.0,True,Gene
13833,64781,gene,0.0,True,Gene
13834,64782,gene,0.0,True,Gene
13835,64783,gene,0.0,True,Gene
13836,64784,gene,0.0,True,Gene
13837,64785,gene,0.0,True,Gene
13838,64786,gene,0.0,True,Gene
13839,64787,gene,0.0,True,Gene
13840,64788,gene,0.0,True,Gene
13841,64789,gene,0.0,True,Gene
13842,64792,gene,0.0,True,Gene
13843,64793,gene,0.0,True,Gene
13844,64794,gene,0.0,True,Gene
13845,64795,gene,0.0,True,Gene
13846,64798,gene,0.0,True,Gene
13847,64799,gene,0.0,True,Gene
13848,648,gene,0.0,True,Gene
13849,6480,gene,0.0,True,Gene
13850,64800,gene,0.0,True,Gene
13851,64801,gene,0.0,True,Gene
13852,64802,gene,0.0,True,Gene
13853,64805,gene,0.0,True,Gene
13854,64806,gene,0.0,True,Gene
13855,64816,gene,0.0,True,Gene
13856,6482,gene,0.0,True,Gene
13857,6483,gene,0.0,True,Gene
13858,64834,gene,0.0,True,Gene
13859,64837,gene,0.0,True,Gene
13860,64838,gene,0.0,True,Gene
13861,64839,gene,0.0,True,Gene
13862,6484,gene,0.0,True,Gene
13863,64840,gene,0.0,True,Gene
13864,64841,gene,0.0,True,Gene
13865,64843,gene,0.0,True,Gene
13866,64844,gene,0.0,True,Gene
13867,64847,gene,0.0,True,Gene
13868,64848,gene,0.0,True,Gene
13869,64849,gene,0.0,True,Gene
13870,64850,gene,0.0,True,Gene
13871,64852,gene,0.0,True,Gene
13872,64853,gene,0.0,True,Gene
13873,64854,gene,0.0,True,Gene
13874,64855,gene,0.0,True,Gene
13875,64856,gene,0.0,True,Gene
13876,64857,gene,0.0,True,Gene
13877,64858,gene,0.0,True,Gene
13878,64859,gene,0.0,True,Gene
13879,64860,gene,0.0,True,Gene
13880,64863,gene,0.0,True,Gene
13881,64864,gene,0.0,True,Gene
13882,64866,gene,0.0,True,Gene
13883,6487,gene,0.0,True,Gene
13884,648791,gene,0.0,True,Gene
13885,64881,gene,0.0,True,Gene
13886,6489,gene,0.0,True,Gene
13887,64895,gene,0.0,True,Gene
13888,64897,gene,0.0,True,Gene
13889,649,gene,0.0,True,Gene
13890,6490,gene,0.0,True,Gene
13891,64900,gene,0.0,True,Gene
13892,64901,gene,0.0,True,Gene
13893,64902,gene,0.0,True,Gene
13894,6491,gene,0.0,True,Gene
13895,649137,gene,0.0,True,Gene
13896,64919,gene,0.0,True,Gene
13897,6492,gene,0.0,True,Gene
13898,64921,gene,0.0,True,Gene
13899,64922,gene,0.0,True,Gene
13900,649238,gene,0.0,True,Gene
13901,64924,gene,0.0,True,Gene
13902,64925,gene,0.0,True,Gene
13903,64926,gene,0.0,True,Gene
13904,64927,gene,0.0,True,Gene
13905,64928,gene,0.0,True,Gene
13906,6493,gene,0.0,True,Gene
13907,6494,gene,0.0,True,Gene
13908,64943,gene,0.0,True,Gene
13909,64946,gene,0.0,True,Gene
13910,64949,gene,0.0,True,Gene
13911,6495,gene,0.0,True,Gene
13912,64951,gene,0.0,True,Gene
13913,6496,gene,0.0,True,Gene
13914,64960,gene,0.0,True,Gene
13915,64963,gene,0.0,True,Gene
13916,64965,gene,0.0,True,Gene
13917,64968,gene,0.0,True,Gene
13918,64969,gene,0.0,True,Gene
13919,6497,gene,0.0,True,Gene
13920,64975,gene,0.0,True,Gene
13921,64976,gene,0.0,True,Gene
13922,64978,gene,0.0,True,Gene
13923,64979,gene,0.0,True,Gene
13924,6498,gene,0.0,True,Gene
13925,64981,gene,0.0,True,Gene
13926,64983,gene,0.0,True,Gene
13927,6499,gene,0.0,True,Gene
13928,650,gene,0.0,True,Gene
13929,6500,gene,0.0,True,Gene
13930,65003,gene,0.0,True,Gene
13931,65005,gene,0.0,True,Gene
13932,65008,gene,0.0,True,Gene
13933,65009,gene,0.0,True,Gene
13934,65010,gene,0.0,True,Gene
13935,65018,gene,0.0,True,Gene
13936,6502,gene,0.0,True,Gene
13937,6503,gene,0.0,True,Gene
13938,6504,gene,0.0,True,Gene
13939,6505,gene,0.0,True,Gene
13940,65055,gene,0.0,True,Gene
13941,65056,gene,0.0,True,Gene
13942,65057,gene,0.0,True,Gene
13943,65059,gene,0.0,True,Gene
13944,6506,gene,0.0,True,Gene
13945,65061,gene,0.0,True,Gene
13946,65062,gene,0.0,True,Gene
13947,65065,gene,0.0,True,Gene
13948,6507,gene,0.0,True,Gene
13949,65078,gene,0.0,True,Gene
13950,6508,gene,0.0,True,Gene
13951,65080,gene,0.0,True,Gene
13952,65082,gene,0.0,True,Gene
13953,65083,gene,0.0,True,Gene
13954,65084,gene,0.0,True,Gene
13955,6509,gene,0.0,True,Gene
13956,65094,gene,0.0,True,Gene
13957,65095,gene,0.0,True,Gene
13958,651,gene,0.0,True,Gene
13959,6510,gene,0.0,True,Gene
13960,65108,gene,0.0,True,Gene
13961,65109,gene,0.0,True,Gene
13962,6511,gene,0.0,True,Gene
13963,65110,gene,0.0,True,Gene
13964,65117,gene,0.0,True,Gene
13965,6512,gene,0.0,True,Gene
13966,65121,gene,0.0,True,Gene
13967,65122,gene,0.0,True,Gene
13968,65123,gene,0.0,True,Gene
13969,65124,gene,0.0,True,Gene
13970,65125,gene,0.0,True,Gene
13971,6513,gene,0.0,True,Gene
13972,6514,gene,0.0,True,Gene
13973,6515,gene,0.0,True,Gene
13974,6517,gene,0.0,True,Gene
13975,651746,gene,0.0,True,Gene
13976,6518,gene,0.0,True,Gene
13977,6519,gene,0.0,True,Gene
13978,652,gene,0.0,True,Gene
13979,6520,gene,0.0,True,Gene
13980,6521,gene,0.0,True,Gene
13981,65217,gene,0.0,True,Gene
13982,6522,gene,0.0,True,Gene
13983,65220,gene,0.0,True,Gene
13984,6523,gene,0.0,True,Gene
13985,6524,gene,0.0,True,Gene
13986,65243,gene,0.0,True,Gene
13987,65244,gene,0.0,True,Gene
13988,65249,gene,0.0,True,Gene
13989,6525,gene,0.0,True,Gene
13990,65250,gene,0.0,True,Gene
13991,65251,gene,0.0,True,Gene
13992,65258,gene,0.0,True,Gene
13993,6526,gene,0.0,True,Gene
13994,65260,gene,0.0,True,Gene
13995,65263,gene,0.0,True,Gene
13996,65264,gene,0.0,True,Gene
13997,65265,gene,0.0,True,Gene
13998,65266,gene,0.0,True,Gene
13999,65267,gene,0.0,True,Gene
14000,65268,gene,0.0,True,Gene
14001,6527,gene,0.0,True,Gene
14002,6528,gene,0.0,True,Gene
14003,6529,gene,0.0,True,Gene
14004,652968,gene,0.0,True,Gene
14005,652991,gene,0.0,True,Gene
14006,653,gene,0.0,True,Gene
14007,6530,gene,0.0,True,Gene
14008,653061,gene,0.0,True,Gene
14009,653067,gene,0.0,True,Gene
14010,653075,gene,0.0,True,Gene
14011,653082,gene,0.0,True,Gene
14012,6531,gene,0.0,True,Gene
14013,653121,gene,0.0,True,Gene
14014,653125,gene,0.0,True,Gene
14015,653140,gene,0.0,True,Gene
14016,653145,gene,0.0,True,Gene
14017,653149,gene,0.0,True,Gene
14018,653192,gene,0.0,True,Gene
14019,6532,gene,0.0,True,Gene
14020,653220,gene,0.0,True,Gene
14021,653240,gene,0.0,True,Gene
14022,653247,gene,0.0,True,Gene
14023,653269,gene,0.0,True,Gene
14024,653275,gene,0.0,True,Gene
14025,653282,gene,0.0,True,Gene
14026,6533,gene,0.0,True,Gene
14027,653308,gene,0.0,True,Gene
14028,653319,gene,0.0,True,Gene
14029,653333,gene,0.0,True,Gene
14030,653361,gene,0.0,True,Gene
14031,6534,gene,0.0,True,Gene
14032,653404,gene,0.0,True,Gene
14033,653423,gene,0.0,True,Gene
14034,653427,gene,0.0,True,Gene
14035,653437,gene,0.0,True,Gene
14036,653464,gene,0.0,True,Gene
14037,653486,gene,0.0,True,Gene
14038,653489,gene,0.0,True,Gene
14039,653499,gene,0.0,True,Gene
14040,6535,gene,0.0,True,Gene
14041,653505,gene,0.0,True,Gene
14042,653509,gene,0.0,True,Gene
14043,653519,gene,0.0,True,Gene
14044,653550,gene,0.0,True,Gene
14045,653567,gene,0.0,True,Gene
14046,653583,gene,0.0,True,Gene
14047,653598,gene,0.0,True,Gene
14048,6536,gene,0.0,True,Gene
14049,653604,gene,0.0,True,Gene
14050,653619,gene,0.0,True,Gene
14051,653641,gene,0.0,True,Gene
14052,653643,gene,0.0,True,Gene
14053,653656,gene,0.0,True,Gene
14054,653657,gene,0.0,True,Gene
14055,653689,gene,0.0,True,Gene
14056,653720,gene,0.0,True,Gene
14057,653781,gene,0.0,True,Gene
14058,653784,gene,0.0,True,Gene
14059,6538,gene,0.0,True,Gene
14060,653808,gene,0.0,True,Gene
14061,653820,gene,0.0,True,Gene
14062,653857,gene,0.0,True,Gene
14063,6539,gene,0.0,True,Gene
14064,654,gene,0.0,True,Gene
14065,6540,gene,0.0,True,Gene
14066,6541,gene,0.0,True,Gene
14067,6542,gene,0.0,True,Gene
14068,654231,gene,0.0,True,Gene
14069,654254,gene,0.0,True,Gene
14070,6543,gene,0.0,True,Gene
14071,654346,gene,0.0,True,Gene
14072,654364,gene,0.0,True,Gene
14073,654429,gene,0.0,True,Gene
14074,654463,gene,0.0,True,Gene
14075,654483,gene,0.0,True,Gene
14076,6545,gene,0.0,True,Gene
14077,654502,gene,0.0,True,Gene
14078,6546,gene,0.0,True,Gene
14079,6547,gene,0.0,True,Gene
14080,654790,gene,0.0,True,Gene
14081,6548,gene,0.0,True,Gene
14082,6549,gene,0.0,True,Gene
14083,655,gene,0.0,True,Gene
14084,6550,gene,0.0,True,Gene
14085,6553,gene,0.0,True,Gene
14086,6554,gene,0.0,True,Gene
14087,6555,gene,0.0,True,Gene
14088,6556,gene,0.0,True,Gene
14089,6557,gene,0.0,True,Gene
14090,6558,gene,0.0,True,Gene
14091,6559,gene,0.0,True,Gene
14092,656,gene,0.0,True,Gene
14093,6560,gene,0.0,True,Gene
14094,6561,gene,0.0,True,Gene
14095,6563,gene,0.0,True,Gene
14096,6564,gene,0.0,True,Gene
14097,6565,gene,0.0,True,Gene
14098,6566,gene,0.0,True,Gene
14099,6567,gene,0.0,True,Gene
14100,6568,gene,0.0,True,Gene
14101,6569,gene,0.0,True,Gene
14102,657,gene,0.0,True,Gene
14103,6570,gene,0.0,True,Gene
14104,6571,gene,0.0,True,Gene
14105,6572,gene,0.0,True,Gene
14106,6573,gene,0.0,True,Gene
14107,6574,gene,0.0,True,Gene
14108,6575,gene,0.0,True,Gene
14109,6576,gene,0.0,True,Gene
14110,6578,gene,0.0,True,Gene
14111,6579,gene,0.0,True,Gene
14112,658,gene,0.0,True,Gene
14113,6580,gene,0.0,True,Gene
14114,6581,gene,0.0,True,Gene
14115,6582,gene,0.0,True,Gene
14116,6583,gene,0.0,True,Gene
14117,6584,gene,0.0,True,Gene
14118,6585,gene,0.0,True,Gene
14119,6586,gene,0.0,True,Gene
14120,6588,gene,0.0,True,Gene
14121,659,gene,0.0,True,Gene
14122,6590,gene,0.0,True,Gene
14123,6591,gene,0.0,True,Gene
14124,6594,gene,0.0,True,Gene
14125,6595,gene,0.0,True,Gene
14126,6596,gene,0.0,True,Gene
14127,6597,gene,0.0,True,Gene
14128,65975,gene,0.0,True,Gene
14129,65977,gene,0.0,True,Gene
14130,65979,gene,0.0,True,Gene
14131,6598,gene,0.0,True,Gene
14132,65980,gene,0.0,True,Gene
14133,65981,gene,0.0,True,Gene
14134,65982,gene,0.0,True,Gene
14135,65983,gene,0.0,True,Gene
14136,65985,gene,0.0,True,Gene
14137,65986,gene,0.48319954,True,Gene
14138,65987,gene,0.0,True,Gene
14139,65988,gene,0.0,True,Gene
14140,65989,gene,0.0,True,Gene
14141,6599,gene,0.0,True,Gene
14142,65990,gene,0.0,True,Gene
14143,65991,gene,0.0,True,Gene
14144,65992,gene,0.0,True,Gene
14145,65993,gene,0.0,True,Gene
14146,65997,gene,0.0,True,Gene
14147,65998,gene,0.0,True,Gene
14148,65999,gene,0.0,True,Gene
14149,660,gene,0.0,True,Gene
14150,66000,gene,0.0,True,Gene
14151,66002,gene,0.0,True,Gene
14152,66004,gene,0.0,True,Gene
14153,66005,gene,0.0,True,Gene
14154,66008,gene,0.0,True,Gene
14155,6601,gene,0.0,True,Gene
14156,6602,gene,0.0,True,Gene
14157,6603,gene,0.0,True,Gene
14158,66035,gene,0.0,True,Gene
14159,66036,gene,0.0,True,Gene
14160,66037,gene,0.0,True,Gene
14161,6604,gene,0.0,True,Gene
14162,6605,gene,0.0,True,Gene
14163,6606,gene,0.0,True,Gene
14164,6607,gene,0.0,True,Gene
14165,6608,gene,0.0,True,Gene
14166,6609,gene,0.0,True,Gene
14167,661,gene,0.0,True,Gene
14168,6610,gene,0.0,True,Gene
14169,6611,gene,0.0,True,Gene
14170,6612,gene,0.0,True,Gene
14171,6613,gene,0.0,True,Gene
14172,6614,gene,0.0,True,Gene
14173,6615,gene,0.0,True,Gene
14174,6616,gene,0.0,True,Gene
14175,6617,gene,0.0,True,Gene
14176,6618,gene,0.0,True,Gene
14177,6619,gene,0.0,True,Gene
14178,662,gene,0.0,True,Gene
14179,6620,gene,0.0,True,Gene
14180,6621,gene,0.0,True,Gene
14181,6622,gene,0.0,True,Gene
14182,6623,gene,0.0,True,Gene
14183,6624,gene,0.0,True,Gene
14184,6625,gene,0.0,True,Gene
14185,6626,gene,0.0,True,Gene
14186,6627,gene,0.0,True,Gene
14187,6628,gene,0.0,True,Gene
14188,6629,gene,0.0,True,Gene
14189,663,gene,0.0,True,Gene
14190,6631,gene,0.0,True,Gene
14191,6632,gene,0.0,True,Gene
14192,6633,gene,0.0,True,Gene
14193,6634,gene,0.0,True,Gene
14194,6635,gene,0.0,True,Gene
14195,6636,gene,0.0,True,Gene
14196,6637,gene,0.0,True,Gene
14197,6638,gene,0.0,True,Gene
14198,664,gene,0.0,True,Gene
14199,6640,gene,0.0,True,Gene
14200,6641,gene,0.0,True,Gene
14201,6642,gene,0.0,True,Gene
14202,6643,gene,0.0,True,Gene
14203,6645,gene,0.0,True,Gene
14204,6646,gene,0.0,True,Gene
14205,6647,gene,0.0,True,Gene
14206,6648,gene,0.0,True,Gene
14207,6649,gene,0.0,True,Gene
14208,665,gene,0.0,True,Gene
14209,6650,gene,0.0,True,Gene
14210,6651,gene,0.0,True,Gene
14211,6652,gene,0.0,True,Gene
14212,6653,gene,0.0,True,Gene
14213,6654,gene,0.0,True,Gene
14214,6655,gene,0.0,True,Gene
14215,6656,gene,0.0,True,Gene
14216,6657,gene,0.0,True,Gene
14217,6658,gene,0.0,True,Gene
14218,6659,gene,0.0,True,Gene
14219,666,gene,0.0,True,Gene
14220,6660,gene,0.0,True,Gene
14221,6662,gene,0.0,True,Gene
14222,6663,gene,0.0,True,Gene
14223,6664,gene,0.0,True,Gene
14224,6665,gene,0.0,True,Gene
14225,6666,gene,0.0,True,Gene
14226,6667,gene,0.0,True,Gene
14227,6668,gene,0.0,True,Gene
14228,667,gene,0.0,True,Gene
14229,6670,gene,0.0,True,Gene
14230,6671,gene,0.0,True,Gene
14231,6672,gene,0.0,True,Gene
14232,6674,gene,0.0,True,Gene
14233,6675,gene,0.0,True,Gene
14234,6676,gene,0.0,True,Gene
14235,6677,gene,0.0,True,Gene
14236,6678,gene,0.0,True,Gene
14237,668,gene,0.0,True,Gene
14238,6683,gene,0.0,True,Gene
14239,6687,gene,0.0,True,Gene
14240,6688,gene,0.0,True,Gene
14241,6689,gene,0.0,True,Gene
14242,669,gene,0.0,True,Gene
14243,6690,gene,0.0,True,Gene
14244,6691,gene,0.0,True,Gene
14245,6692,gene,0.0,True,Gene
14246,6693,gene,0.0,True,Gene
14247,6694,gene,0.0,True,Gene
14248,6695,gene,0.0,True,Gene
14249,6696,gene,0.0,True,Gene
14250,6697,gene,0.0,True,Gene
14251,6698,gene,0.0,True,Gene
14252,6699,gene,0.0,True,Gene
14253,670,gene,0.0,True,Gene
14254,6700,gene,0.0,True,Gene
14255,6703,gene,0.0,True,Gene
14256,6704,gene,0.0,True,Gene
14257,6705,gene,0.0,True,Gene
14258,6706,gene,0.0,True,Gene
14259,6707,gene,0.0,True,Gene
14260,6708,gene,0.0,True,Gene
14261,6709,gene,0.0,True,Gene
14262,671,gene,0.0,True,Gene
14263,6710,gene,0.0,True,Gene
14264,6711,gene,0.0,True,Gene
14265,6712,gene,0.0,True,Gene
14266,6713,gene,0.0,True,Gene
14267,6714,gene,0.0,True,Gene
14268,6715,gene,0.0,True,Gene
14269,6716,gene,0.0,True,Gene
14270,6717,gene,0.0,True,Gene
14271,6718,gene,0.0,True,Gene
14272,672,gene,0.0,True,Gene
14273,6720,gene,0.0,True,Gene
14274,6721,gene,0.0,True,Gene
14275,6722,gene,0.0,True,Gene
14276,6723,gene,0.0,True,Gene
14277,6725,gene,0.0,True,Gene
14278,6726,gene,0.0,True,Gene
14279,6727,gene,0.0,True,Gene
14280,6728,gene,0.0,True,Gene
14281,6729,gene,0.0,True,Gene
14282,673,gene,0.0,True,Gene
14283,6730,gene,0.0,True,Gene
14284,6731,gene,0.0,True,Gene
14285,6732,gene,0.0,True,Gene
14286,6733,gene,0.0,True,Gene
14287,6734,gene,0.0,True,Gene
14288,6737,gene,0.0,True,Gene
14289,6738,gene,0.0,True,Gene
14290,6741,gene,0.0,True,Gene
14291,6742,gene,0.0,True,Gene
14292,6744,gene,0.0,True,Gene
14293,6745,gene,0.0,True,Gene
14294,6746,gene,0.0,True,Gene
14295,6747,gene,0.0,True,Gene
14296,6748,gene,0.0,True,Gene
14297,6749,gene,0.0,True,Gene
14298,675,gene,0.0,True,Gene
14299,6750,gene,0.0,True,Gene
14300,6751,gene,0.0,True,Gene
14301,6752,gene,0.0,True,Gene
14302,6753,gene,0.0,True,Gene
14303,6754,gene,0.0,True,Gene
14304,6755,gene,0.0,True,Gene
14305,6756,gene,0.0,True,Gene
14306,6757,gene,0.0,True,Gene
14307,6758,gene,0.0,True,Gene
14308,6759,gene,0.0,True,Gene
14309,676,gene,0.0,True,Gene
14310,6760,gene,0.0,True,Gene
14311,6764,gene,0.0,True,Gene
14312,6767,gene,0.0,True,Gene
14313,6768,gene,0.0,True,Gene
14314,6769,gene,0.0,True,Gene
14315,677,gene,0.0,True,Gene
14316,6770,gene,0.0,True,Gene
14317,6772,gene,0.0,True,Gene
14318,6773,gene,0.0,True,Gene
14319,6774,gene,0.0,True,Gene
14320,6775,gene,0.0,True,Gene
14321,6776,gene,0.0,True,Gene
14322,6777,gene,0.0,True,Gene
14323,6778,gene,0.0,True,Gene
14324,6779,gene,0.0,True,Gene
14325,678,gene,0.0,True,Gene
14326,6780,gene,0.0,True,Gene
14327,6781,gene,0.0,True,Gene
14328,6782,gene,0.0,True,Gene
14329,6783,gene,0.0,True,Gene
14330,6785,gene,0.0,True,Gene
14331,6786,gene,0.0,True,Gene
14332,6787,gene,0.0,True,Gene
14333,6788,gene,0.0,True,Gene
14334,6789,gene,0.0,True,Gene
14335,6790,gene,0.0,True,Gene
14336,6792,gene,0.0,True,Gene
14337,6793,gene,0.0,True,Gene
14338,6794,gene,3.7365313,True,Gene
14339,6795,gene,0.0,True,Gene
14340,6799,gene,0.0,True,Gene
14341,680,gene,0.0,True,Gene
14342,6801,gene,0.0,True,Gene
14343,6804,gene,0.0,True,Gene
14344,6809,gene,0.0,True,Gene
14345,6810,gene,0.0,True,Gene
14346,6811,gene,0.0,True,Gene
14347,6812,gene,0.0,True,Gene
14348,6813,gene,0.0,True,Gene
14349,6814,gene,0.0,True,Gene
14350,6815,gene,0.0,True,Gene
14351,6817,gene,0.0,True,Gene
14352,6818,gene,0.0,True,Gene
14353,6819,gene,0.0,True,Gene
14354,682,gene,0.0,True,Gene
14355,6820,gene,0.0,True,Gene
14356,6821,gene,0.0,True,Gene
14357,6822,gene,0.0,True,Gene
14358,6827,gene,0.0,True,Gene
14359,6829,gene,0.0,True,Gene
14360,683,gene,0.0,True,Gene
14361,6830,gene,0.0,True,Gene
14362,6832,gene,0.0,True,Gene
14363,6833,gene,0.0,True,Gene
14364,6834,gene,0.0,True,Gene
14365,6835,gene,0.0,True,Gene
14366,6836,gene,0.0,True,Gene
14367,6837,gene,0.0,True,Gene
14368,6838,gene,0.0,True,Gene
14369,6839,gene,0.0,True,Gene
14370,684,gene,0.0,True,Gene
14371,6840,gene,0.0,True,Gene
14372,6843,gene,0.0,True,Gene
14373,6844,gene,0.0,True,Gene
14374,6845,gene,0.0,True,Gene
14375,6846,gene,0.0,True,Gene
14376,685,gene,0.0,True,Gene
14377,6850,gene,0.0,True,Gene
14378,6853,gene,0.0,True,Gene
14379,6854,gene,0.0,True,Gene
14380,6855,gene,0.0,True,Gene
14381,6856,gene,0.0,True,Gene
14382,6857,gene,0.0,True,Gene
14383,686,gene,0.0,True,Gene
14384,6860,gene,0.0,True,Gene
14385,6861,gene,0.0,True,Gene
14386,6862,gene,0.0,True,Gene
14387,6863,gene,0.0,True,Gene
14388,6865,gene,0.0,True,Gene
14389,6866,gene,0.0,True,Gene
14390,6867,gene,0.0,True,Gene
14391,6868,gene,0.0,True,Gene
14392,6869,gene,0.0,True,Gene
14393,687,gene,0.0,True,Gene
14394,6870,gene,0.0,True,Gene
14395,6871,gene,0.0,True,Gene
14396,6872,gene,0.0,True,Gene
14397,6873,gene,0.0,True,Gene
14398,6874,gene,0.0,True,Gene
14399,6875,gene,0.0,True,Gene
14400,6876,gene,0.0,True,Gene
14401,6877,gene,0.0,True,Gene
14402,6878,gene,0.0,True,Gene
14403,6879,gene,0.0,True,Gene
14404,688,gene,0.0,True,Gene
14405,6880,gene,0.0,True,Gene
14406,6881,gene,0.0,True,Gene
14407,6882,gene,0.0,True,Gene
14408,6883,gene,0.0,True,Gene
14409,6884,gene,0.0,True,Gene
14410,6885,gene,0.0,True,Gene
14411,6886,gene,0.0,True,Gene
14412,6887,gene,0.0,True,Gene
14413,6888,gene,0.0,True,Gene
14414,689,gene,0.0,True,Gene
14415,6890,gene,0.0,True,Gene
14416,6891,gene,0.0,True,Gene
14417,6892,gene,0.0,True,Gene
14418,6894,gene,0.0,True,Gene
14419,6895,gene,0.0,True,Gene
14420,6897,gene,0.0,True,Gene
14421,6898,gene,0.0,True,Gene
14422,6899,gene,0.0,True,Gene
14423,6900,gene,0.0,True,Gene
14424,6901,gene,0.0,True,Gene
14425,6902,gene,0.0,True,Gene
14426,6903,gene,0.0,True,Gene
14427,6904,gene,0.0,True,Gene
14428,6905,gene,0.0,True,Gene
14429,6906,gene,0.0,True,Gene
14430,6907,gene,0.0,True,Gene
14431,6908,gene,0.0,True,Gene
14432,6909,gene,0.0,True,Gene
14433,6910,gene,0.0,True,Gene
14434,6911,gene,0.0,True,Gene
14435,6913,gene,0.0,True,Gene
14436,6915,gene,0.0,True,Gene
14437,6916,gene,0.0,True,Gene
14438,6917,gene,0.0,True,Gene
14439,6919,gene,0.0,True,Gene
14440,6920,gene,0.0,True,Gene
14441,692094,gene,0.0,True,Gene
14442,6921,gene,0.0,True,Gene
14443,6923,gene,0.0,True,Gene
14444,692312,gene,0.0,True,Gene
14445,6924,gene,0.0,True,Gene
14446,6925,gene,0.0,True,Gene
14447,6926,gene,0.0,True,Gene
14448,6927,gene,0.0,True,Gene
14449,6928,gene,0.0,True,Gene
14450,6929,gene,0.0,True,Gene
14451,6932,gene,0.0,True,Gene
14452,6934,gene,0.0,True,Gene
14453,6935,gene,0.0,True,Gene
14454,6936,gene,0.0,True,Gene
14455,6938,gene,0.0,True,Gene
14456,6939,gene,0.0,True,Gene
14457,694,gene,0.0,True,Gene
14458,6940,gene,0.0,True,Gene
14459,6941,gene,0.0,True,Gene
14460,6942,gene,0.0,True,Gene
14461,6943,gene,0.0,True,Gene
14462,6944,gene,0.0,True,Gene
14463,6945,gene,0.0,True,Gene
14464,6947,gene,0.0,True,Gene
14465,6948,gene,0.0,True,Gene
14466,6949,gene,0.0,True,Gene
14467,695,gene,0.0,True,Gene
14468,6950,gene,0.0,True,Gene
14469,6954,gene,0.0,True,Gene
14470,696,gene,0.0,True,Gene
14471,6975,gene,0.0,True,Gene
14472,6988,gene,0.0,True,Gene
14473,699,gene,0.0,True,Gene
14474,6990,gene,0.0,True,Gene
14475,6991,gene,0.0,True,Gene
14476,6992,gene,0.0,True,Gene
14477,6993,gene,0.0,True,Gene
14478,6996,gene,0.0,True,Gene
14479,6997,gene,0.0,True,Gene
14480,6999,gene,0.0,True,Gene
14481,70,gene,0.0,True,Gene
14482,7001,gene,0.0,True,Gene
14483,7003,gene,0.0,True,Gene
14484,7004,gene,0.0,True,Gene
14485,7005,gene,0.0,True,Gene
14486,7006,gene,0.0,True,Gene
14487,7007,gene,0.0,True,Gene
14488,7008,gene,0.0,True,Gene
14489,7009,gene,0.0,True,Gene
14490,701,gene,0.0,True,Gene
14491,7010,gene,0.0,True,Gene
14492,7011,gene,0.0,True,Gene
14493,7013,gene,0.0,True,Gene
14494,7014,gene,0.0,True,Gene
14495,7015,gene,0.0,True,Gene
14496,7016,gene,0.0,True,Gene
14497,7018,gene,0.0,True,Gene
14498,7019,gene,0.0,True,Gene
14499,7020,gene,0.0,True,Gene
14500,7021,gene,0.0,True,Gene
14501,7022,gene,0.0,True,Gene
14502,7023,gene,0.0,True,Gene
14503,7024,gene,0.0,True,Gene
14504,7025,gene,0.0,True,Gene
14505,7026,gene,0.0,True,Gene
14506,7027,gene,0.0,True,Gene
14507,7029,gene,0.0,True,Gene
14508,7030,gene,0.0,True,Gene
14509,7031,gene,0.0,True,Gene
14510,7032,gene,0.0,True,Gene
14511,7033,gene,0.0,True,Gene
14512,7035,gene,0.0,True,Gene
14513,7036,gene,0.0,True,Gene
14514,7037,gene,0.0,True,Gene
14515,7038,gene,0.0,True,Gene
14516,7039,gene,0.0,True,Gene
14517,7040,gene,0.0,True,Gene
14518,7041,gene,0.0,True,Gene
14519,7042,gene,0.0,True,Gene
14520,7043,gene,0.0,True,Gene
14521,7044,gene,0.0,True,Gene
14522,7045,gene,0.0,True,Gene
14523,7046,gene,0.0,True,Gene
14524,7047,gene,0.0,True,Gene
14525,7048,gene,0.0,True,Gene
14526,7049,gene,0.0,True,Gene
14527,705,gene,0.0,True,Gene
14528,7050,gene,0.0,True,Gene
14529,7051,gene,0.0,True,Gene
14530,7052,gene,0.0,True,Gene
14531,7053,gene,0.0,True,Gene
14532,7054,gene,0.0,True,Gene
14533,7056,gene,0.0,True,Gene
14534,7057,gene,0.0,True,Gene
14535,7058,gene,0.0,True,Gene
14536,7059,gene,0.0,True,Gene
14537,706,gene,0.0,True,Gene
14538,7060,gene,0.0,True,Gene
14539,7062,gene,0.0,True,Gene
14540,7064,gene,0.0,True,Gene
14541,7066,gene,0.0,True,Gene
14542,7067,gene,0.0,True,Gene
14543,7068,gene,0.0,True,Gene
14544,7069,gene,0.0,True,Gene
14545,7070,gene,0.0,True,Gene
14546,7071,gene,0.0,True,Gene
14547,7072,gene,0.0,True,Gene
14548,7073,gene,0.0,True,Gene
14549,7074,gene,0.0,True,Gene
14550,7075,gene,0.0,True,Gene
14551,7076,gene,0.0,True,Gene
14552,7077,gene,0.0,True,Gene
14553,7078,gene,0.0,True,Gene
14554,7079,gene,0.0,True,Gene
14555,708,gene,0.0,True,Gene
14556,7080,gene,0.0,True,Gene
14557,7082,gene,0.0,True,Gene
14558,7083,gene,0.0,True,Gene
14559,7084,gene,0.0,True,Gene
14560,7086,gene,0.0,True,Gene
14561,7087,gene,0.0,True,Gene
14562,7088,gene,0.0,True,Gene
14563,7089,gene,0.0,True,Gene
14564,7090,gene,0.0,True,Gene
14565,7091,gene,0.0,True,Gene
14566,7092,gene,0.0,True,Gene
14567,7093,gene,0.0,True,Gene
14568,7094,gene,0.0,True,Gene
14569,7095,gene,0.0,True,Gene
14570,7096,gene,0.0,True,Gene
14571,7097,gene,0.0,True,Gene
14572,7098,gene,0.0,True,Gene
14573,7099,gene,0.0,True,Gene
14574,71,gene,0.0,True,Gene
14575,710,gene,0.0,True,Gene
14576,7100,gene,0.0,True,Gene
14577,7101,gene,0.0,True,Gene
14578,7102,gene,0.0,True,Gene
14579,7103,gene,0.0,True,Gene
14580,7104,gene,0.0,True,Gene
14581,7105,gene,0.0,True,Gene
14582,7106,gene,0.0,True,Gene
14583,7107,gene,0.0,True,Gene
14584,7108,gene,0.0,True,Gene
14585,7109,gene,0.0,True,Gene
14586,7110,gene,0.0,True,Gene
14587,7111,gene,0.0,True,Gene
14588,7112,gene,0.0,True,Gene
14589,7113,gene,0.0,True,Gene
14590,7114,gene,0.0,True,Gene
14591,712,gene,0.0,True,Gene
14592,7122,gene,0.0,True,Gene
14593,7123,gene,0.0,True,Gene
14594,7124,gene,0.0,True,Gene
14595,7125,gene,0.0,True,Gene
14596,7126,gene,0.0,True,Gene
14597,7127,gene,0.0,True,Gene
14598,7128,gene,0.0,True,Gene
14599,713,gene,0.0,True,Gene
14600,7130,gene,0.0,True,Gene
14601,7132,gene,0.0,True,Gene
14602,7133,gene,0.0,True,Gene
14603,7134,gene,0.0,True,Gene
14604,7135,gene,0.0,True,Gene
14605,7136,gene,0.0,True,Gene
14606,7137,gene,0.0,True,Gene
14607,7138,gene,0.0,True,Gene
14608,7139,gene,0.0,True,Gene
14609,714,gene,0.0,True,Gene
14610,7140,gene,0.0,True,Gene
14611,7141,gene,0.0,True,Gene
14612,7143,gene,0.0,True,Gene
14613,7145,gene,0.0,True,Gene
14614,7148,gene,0.0,True,Gene
14615,715,gene,0.0,True,Gene
14616,7150,gene,0.0,True,Gene
14617,7153,gene,0.0,True,Gene
14618,7155,gene,0.0,True,Gene
14619,7156,gene,0.0,True,Gene
14620,7157,gene,0.0,True,Gene
14621,7158,gene,0.0,True,Gene
14622,7159,gene,0.0,True,Gene
14623,716,gene,0.0,True,Gene
14624,7161,gene,0.0,True,Gene
14625,7162,gene,0.0,True,Gene
14626,7163,gene,0.0,True,Gene
14627,7164,gene,0.0,True,Gene
14628,7165,gene,0.0,True,Gene
14629,7166,gene,0.0,True,Gene
14630,7167,gene,0.0,True,Gene
14631,7168,gene,0.0,True,Gene
14632,7169,gene,0.0,True,Gene
14633,717,gene,0.0,True,Gene
14634,7170,gene,0.0,True,Gene
14635,7171,gene,0.0,True,Gene
14636,7172,gene,0.0,True,Gene
14637,7173,gene,0.0,True,Gene
14638,7174,gene,0.0,True,Gene
14639,7175,gene,0.0,True,Gene
14640,7177,gene,0.0,True,Gene
14641,7178,gene,0.0,True,Gene
14642,7179,gene,0.0,True,Gene
14643,718,gene,0.0,True,Gene
14644,7180,gene,0.0,True,Gene
14645,7181,gene,0.0,True,Gene
14646,7182,gene,0.0,True,Gene
14647,7184,gene,0.0,True,Gene
14648,7185,gene,0.0,True,Gene
14649,7186,gene,0.0,True,Gene
14650,7187,gene,0.0,True,Gene
14651,7188,gene,0.0,True,Gene
14652,7189,gene,0.0,True,Gene
14653,719,gene,0.0,True,Gene
14654,72,gene,0.0,True,Gene
14655,720,gene,0.0,True,Gene
14656,7200,gene,0.0,True,Gene
14657,7201,gene,0.0,True,Gene
14658,7203,gene,0.0,True,Gene
14659,7204,gene,0.0,True,Gene
14660,7205,gene,0.0,True,Gene
14661,721,gene,0.0,True,Gene
14662,7216,gene,0.0,True,Gene
14663,722,gene,0.0,True,Gene
14664,7220,gene,0.0,True,Gene
14665,7222,gene,0.0,True,Gene
14666,7223,gene,0.0,True,Gene
14667,7224,gene,0.0,True,Gene
14668,7225,gene,0.0,True,Gene
14669,7226,gene,0.0,True,Gene
14670,7227,gene,0.0,True,Gene
14671,723790,gene,0.0,True,Gene
14672,723961,gene,0.0,True,Gene
14673,7247,gene,0.0,True,Gene
14674,7248,gene,0.0,True,Gene
14675,7249,gene,0.0,True,Gene
14676,725,gene,0.0,True,Gene
14677,7251,gene,0.0,True,Gene
14678,7252,gene,0.0,True,Gene
14679,7253,gene,0.0,True,Gene
14680,7257,gene,0.0,True,Gene
14681,7258,gene,0.0,True,Gene
14682,7259,gene,0.0,True,Gene
14683,726,gene,0.0,True,Gene
14684,7260,gene,0.0,True,Gene
14685,7262,gene,0.0,True,Gene
14686,7263,gene,0.0,True,Gene
14687,7264,gene,0.0,True,Gene
14688,7265,gene,0.0,True,Gene
14689,7266,gene,0.0,True,Gene
14690,7267,gene,0.0,True,Gene
14691,7268,gene,0.0,True,Gene
14692,727,gene,0.0,True,Gene
14693,7270,gene,0.0,True,Gene
14694,7272,gene,0.0,True,Gene
14695,7273,gene,0.0,True,Gene
14696,7274,gene,0.0,True,Gene
14697,7275,gene,0.0,True,Gene
14698,7276,gene,0.0,True,Gene
14699,7277,gene,0.0,True,Gene
14700,7278,gene,0.0,True,Gene
14701,727800,gene,0.0,True,Gene
14702,727830,gene,0.0,True,Gene
14703,727837,gene,0.0,True,Gene
14704,727838,gene,0.0,True,Gene
14705,727851,gene,0.0,True,Gene
14706,727857,gene,0.0,True,Gene
14707,727866,gene,0.0,True,Gene
14708,727897,gene,0.0,True,Gene
14709,727905,gene,0.0,True,Gene
14710,727909,gene,0.0,True,Gene
14711,727910,gene,0.0,True,Gene
14712,727936,gene,0.0,True,Gene
14713,727940,gene,0.0,True,Gene
14714,727957,gene,0.0,True,Gene
14715,728,gene,0.0,True,Gene
14716,7280,gene,0.0,True,Gene
14717,728036,gene,0.0,True,Gene
14718,728042,gene,0.0,True,Gene
14719,728047,gene,0.0,True,Gene
14720,728049,gene,0.0,True,Gene
14721,728062,gene,0.0,True,Gene
14722,728072,gene,0.0,True,Gene
14723,728075,gene,0.0,True,Gene
14724,728082,gene,0.0,True,Gene
14725,728090,gene,0.0,True,Gene
14726,728096,gene,0.0,True,Gene
14727,728113,gene,0.0,True,Gene
14728,728116,gene,0.0,True,Gene
14729,728118,gene,0.0,True,Gene
14730,728130,gene,0.0,True,Gene
14731,728132,gene,0.0,True,Gene
14732,728137,gene,0.0,True,Gene
14733,728194,gene,0.0,True,Gene
14734,728215,gene,0.0,True,Gene
14735,728224,gene,0.0,True,Gene
14736,728226,gene,0.0,True,Gene
14737,728229,gene,0.0,True,Gene
14738,728239,gene,0.0,True,Gene
14739,728255,gene,0.0,True,Gene
14740,728269,gene,0.0,True,Gene
14741,728276,gene,0.0,True,Gene
14742,728279,gene,0.0,True,Gene
14743,728294,gene,0.0,True,Gene
14744,728299,gene,0.0,True,Gene
14745,7283,gene,0.0,True,Gene
14746,728310,gene,0.0,True,Gene
14747,728318,gene,0.0,True,Gene
14748,728340,gene,0.0,True,Gene
14749,728343,gene,0.0,True,Gene
14750,728358,gene,0.0,True,Gene
14751,728361,gene,0.0,True,Gene
14752,728369,gene,0.0,True,Gene
14753,728373,gene,0.0,True,Gene
14754,728378,gene,0.0,True,Gene
14755,728379,gene,0.0,True,Gene
14756,728386,gene,0.0,True,Gene
14757,728392,gene,0.0,True,Gene
14758,728393,gene,0.0,True,Gene
14759,728395,gene,0.0,True,Gene
14760,7284,gene,0.0,True,Gene
14761,728400,gene,0.0,True,Gene
14762,728403,gene,0.0,True,Gene
14763,728405,gene,0.0,True,Gene
14764,728419,gene,0.0,True,Gene
14765,728430,gene,0.0,True,Gene
14766,728458,gene,0.0,True,Gene
14767,728464,gene,0.0,True,Gene
14768,728489,gene,0.0,True,Gene
14769,728492,gene,0.0,True,Gene
14770,728498,gene,0.0,True,Gene
14771,728524,gene,0.0,True,Gene
14772,728537,gene,0.0,True,Gene
14773,728568,gene,0.0,True,Gene
14774,728577,gene,0.0,True,Gene
14775,728586,gene,0.0,True,Gene
14776,728588,gene,0.0,True,Gene
14777,728591,gene,0.0,True,Gene
14778,728597,gene,0.0,True,Gene
14779,7286,gene,0.0,True,Gene
14780,728621,gene,0.0,True,Gene
14781,728642,gene,0.0,True,Gene
14782,728656,gene,0.0,True,Gene
14783,728661,gene,0.0,True,Gene
14784,728689,gene,0.0,True,Gene
14785,728695,gene,0.0,True,Gene
14786,7287,gene,0.0,True,Gene
14787,728712,gene,0.0,True,Gene
14788,728734,gene,0.0,True,Gene
14789,728741,gene,0.0,True,Gene
14790,728743,gene,0.0,True,Gene
14791,728746,gene,0.0,True,Gene
14792,728753,gene,0.0,True,Gene
14793,728763,gene,0.0,True,Gene
14794,728780,gene,0.0,True,Gene
14795,7288,gene,0.0,True,Gene
14796,728819,gene,0.0,True,Gene
14797,728833,gene,0.0,True,Gene
14798,728841,gene,0.0,True,Gene
14799,728858,gene,0.0,True,Gene
14800,728888,gene,0.0,True,Gene
14801,7289,gene,0.0,True,Gene
14802,728911,gene,0.0,True,Gene
14803,728927,gene,0.0,True,Gene
14804,728945,gene,0.0,True,Gene
14805,728957,gene,0.0,True,Gene
14806,729,gene,0.0,True,Gene
14807,7290,gene,0.0,True,Gene
14808,729020,gene,0.0,True,Gene
14809,729025,gene,0.0,True,Gene
14810,729059,gene,0.0,True,Gene
14811,729085,gene,0.0,True,Gene
14812,729092,gene,0.0,True,Gene
14813,7291,gene,0.0,True,Gene
14814,7292,gene,0.0,True,Gene
14815,729230,gene,0.0,True,Gene
14816,729233,gene,0.0,True,Gene
14817,729238,gene,0.0,True,Gene
14818,729240,gene,0.0,True,Gene
14819,729246,gene,0.0,True,Gene
14820,729250,gene,0.0,True,Gene
14821,729262,gene,0.0,True,Gene
14822,729264,gene,0.0,True,Gene
14823,7293,gene,0.0,True,Gene
14824,729330,gene,0.0,True,Gene
14825,729355,gene,0.0,True,Gene
14826,729359,gene,0.0,True,Gene
14827,729384,gene,0.0,True,Gene
14828,729396,gene,0.0,True,Gene
14829,7294,gene,0.0,True,Gene
14830,729422,gene,0.0,True,Gene
14831,729428,gene,0.0,True,Gene
14832,729431,gene,0.0,True,Gene
14833,729438,gene,0.0,True,Gene
14834,729440,gene,0.0,True,Gene
14835,729442,gene,0.0,True,Gene
14836,729458,gene,0.0,True,Gene
14837,729475,gene,0.0,True,Gene
14838,7295,gene,0.0,True,Gene
14839,729515,gene,0.0,True,Gene
14840,729528,gene,0.0,True,Gene
14841,729533,gene,0.0,True,Gene
14842,729540,gene,0.0,True,Gene
14843,729597,gene,0.0,True,Gene
14844,7296,gene,0.0,True,Gene
14845,729627,gene,0.0,True,Gene
14846,729665,gene,0.0,True,Gene
14847,7297,gene,0.0,True,Gene
14848,729747,gene,0.0,True,Gene
14849,7298,gene,0.0,True,Gene
14850,729830,gene,0.0,True,Gene
14851,729852,gene,0.0,True,Gene
14852,729857,gene,0.0,True,Gene
14853,729877,gene,0.0,True,Gene
14854,7299,gene,0.0,True,Gene
14855,729920,gene,0.0,True,Gene
14856,729956,gene,0.0,True,Gene
14857,729966,gene,0.0,True,Gene
14858,729967,gene,0.0,True,Gene
14859,729974,gene,0.0,True,Gene
14860,729978,gene,0.0,True,Gene
14861,729991,gene,0.0,True,Gene
14862,729993,gene,0.0,True,Gene
14863,730,gene,0.0,True,Gene
14864,730005,gene,0.0,True,Gene
14865,730051,gene,0.0,True,Gene
14866,730087,gene,0.0,True,Gene
14867,730094,gene,0.0,True,Gene
14868,730098,gene,0.0,True,Gene
14869,7301,gene,0.0,True,Gene
14870,730112,gene,0.0,True,Gene
14871,730130,gene,0.0,True,Gene
14872,730159,gene,0.0,True,Gene
14873,730249,gene,0.0,True,Gene
14874,730291,gene,0.0,True,Gene
14875,7305,gene,0.0,True,Gene
14876,7306,gene,0.0,True,Gene
14877,7307,gene,0.0,True,Gene
14878,730755,gene,0.0,True,Gene
14879,731,gene,0.0,True,Gene
14880,7311,gene,0.0,True,Gene
14881,731220,gene,0.0,True,Gene
14882,7314,gene,0.0,True,Gene
14883,7316,gene,0.0,True,Gene
14884,7317,gene,0.0,True,Gene
14885,7318,gene,0.0,True,Gene
14886,7319,gene,0.0,True,Gene
14887,732,gene,0.0,True,Gene
14888,7320,gene,0.0,True,Gene
14889,7321,gene,0.0,True,Gene
14890,7322,gene,0.0,True,Gene
14891,7323,gene,0.0,True,Gene
14892,7324,gene,0.0,True,Gene
14893,7325,gene,0.0,True,Gene
14894,7326,gene,0.0,True,Gene
14895,7327,gene,0.0,True,Gene
14896,7328,gene,0.0,True,Gene
14897,7329,gene,0.0,True,Gene
14898,733,gene,0.0,True,Gene
14899,7332,gene,0.0,True,Gene
14900,7334,gene,0.0,True,Gene
14901,7335,gene,0.0,True,Gene
14902,7336,gene,0.0,True,Gene
14903,7337,gene,0.0,True,Gene
14904,734,gene,0.0,True,Gene
14905,7341,gene,0.0,True,Gene
14906,7342,gene,0.0,True,Gene
14907,7343,gene,0.0,True,Gene
14908,7345,gene,0.0,True,Gene
14909,7347,gene,0.0,True,Gene
14910,7348,gene,0.0,True,Gene
14911,7349,gene,0.0,True,Gene
14912,735,gene,0.0,True,Gene
14913,7350,gene,0.0,True,Gene
14914,7351,gene,0.0,True,Gene
14915,7352,gene,0.0,True,Gene
14916,7353,gene,0.0,True,Gene
14917,7355,gene,0.0,True,Gene
14918,7356,gene,0.0,True,Gene
14919,7357,gene,0.0,True,Gene
14920,7358,gene,0.0,True,Gene
14921,7360,gene,0.0,True,Gene
14922,7363,gene,0.0,True,Gene
14923,7364,gene,0.0,True,Gene
14924,7365,gene,0.0,True,Gene
14925,7366,gene,0.0,True,Gene
14926,7367,gene,0.0,True,Gene
14927,7368,gene,0.0,True,Gene
14928,7371,gene,0.0,True,Gene
14929,7372,gene,0.0,True,Gene
14930,7373,gene,0.0,True,Gene
14931,7374,gene,0.0,True,Gene
14932,7375,gene,0.0,True,Gene
14933,7376,gene,0.0,True,Gene
14934,7378,gene,0.0,True,Gene
14935,7379,gene,0.0,True,Gene
14936,738,gene,0.0,True,Gene
14937,7380,gene,0.0,True,Gene
14938,7381,gene,0.0,True,Gene
14939,7384,gene,0.0,True,Gene
14940,7385,gene,0.0,True,Gene
14941,7386,gene,0.0,True,Gene
14942,7388,gene,0.0,True,Gene
14943,7389,gene,0.0,True,Gene
14944,7390,gene,0.0,True,Gene
14945,7391,gene,0.0,True,Gene
14946,7392,gene,0.0,True,Gene
14947,7398,gene,0.0,True,Gene
14948,7399,gene,0.0,True,Gene
14949,740,gene,0.0,True,Gene
14950,7401,gene,0.0,True,Gene
14951,7402,gene,1.9160664,True,Gene
14952,7403,gene,0.0,True,Gene
14953,7404,gene,0.0,True,Gene
14954,7405,gene,0.0,True,Gene
14955,7407,gene,0.0,True,Gene
14956,7408,gene,0.0,True,Gene
14957,7409,gene,0.0,True,Gene
14958,741,gene,0.0,True,Gene
14959,7410,gene,0.0,True,Gene
14960,7411,gene,0.0,True,Gene
14961,7412,gene,0.0,True,Gene
14962,7414,gene,0.0,True,Gene
14963,7415,gene,0.0,True,Gene
14964,7416,gene,0.0,True,Gene
14965,7417,gene,0.0,True,Gene
14966,7419,gene,0.0,True,Gene
14967,7421,gene,0.0,True,Gene
14968,7422,gene,0.0,True,Gene
14969,7423,gene,0.0,True,Gene
14970,7424,gene,0.0,True,Gene
14971,7425,gene,0.0,True,Gene
14972,7428,gene,0.0,True,Gene
14973,7429,gene,0.0,True,Gene
14974,7430,gene,0.0,True,Gene
14975,7431,gene,0.0,True,Gene
14976,7432,gene,0.0,True,Gene
14977,7433,gene,0.0,True,Gene
14978,7434,gene,0.0,True,Gene
14979,7436,gene,0.0,True,Gene
14980,7439,gene,0.0,True,Gene
14981,744,gene,0.0,True,Gene
14982,7441,gene,0.0,True,Gene
14983,7442,gene,0.0,True,Gene
14984,7443,gene,0.0,True,Gene
14985,7444,gene,0.0,True,Gene
14986,7447,gene,0.0,True,Gene
14987,7448,gene,0.0,True,Gene
14988,745,gene,0.0,True,Gene
14989,7450,gene,0.0,True,Gene
14990,7453,gene,0.0,True,Gene
14991,7454,gene,0.0,True,Gene
14992,7455,gene,0.0,True,Gene
14993,7456,gene,0.0,True,Gene
14994,7458,gene,0.0,True,Gene
14995,746,gene,0.0,True,Gene
14996,7461,gene,0.0,True,Gene
14997,7462,gene,0.0,True,Gene
14998,7464,gene,0.0,True,Gene
14999,7465,gene,0.0,True,Gene
15000,7466,gene,0.0,True,Gene
15001,7468,gene,0.0,True,Gene
15002,7469,gene,0.0,True,Gene
15003,747,gene,0.0,True,Gene
15004,7471,gene,0.0,True,Gene
15005,7472,gene,0.0,True,Gene
15006,7473,gene,0.0,True,Gene
15007,7474,gene,0.0,True,Gene
15008,7475,gene,0.0,True,Gene
15009,7476,gene,0.0,True,Gene
15010,7477,gene,0.0,True,Gene
15011,7478,gene,0.0,True,Gene
15012,7479,gene,0.0,True,Gene
15013,7480,gene,0.0,True,Gene
15014,7481,gene,0.0,True,Gene
15015,7482,gene,0.0,True,Gene
15016,7483,gene,0.0,True,Gene
15017,7484,gene,0.0,True,Gene
15018,7485,gene,0.0,True,Gene
15019,7486,gene,0.0,True,Gene
15020,7490,gene,0.0,True,Gene
15021,7494,gene,0.0,True,Gene
15022,7498,gene,0.0,True,Gene
15023,7499,gene,0.0,True,Gene
15024,7504,gene,0.0,True,Gene
15025,7507,gene,0.0,True,Gene
15026,7508,gene,0.0,True,Gene
15027,751071,gene,0.0,True,Gene
15028,7511,gene,0.0,True,Gene
15029,7512,gene,0.0,True,Gene
15030,7514,gene,0.0,True,Gene
15031,7515,gene,0.0,True,Gene
15032,7516,gene,0.0,True,Gene
15033,7517,gene,0.0,True,Gene
15034,7518,gene,0.0,True,Gene
15035,752,gene,0.0,True,Gene
15036,7520,gene,0.0,True,Gene
15037,752014,gene,0.0,True,Gene
15038,7525,gene,0.0,True,Gene
15039,7528,gene,0.0,True,Gene
15040,7529,gene,0.0,True,Gene
15041,753,gene,0.0,True,Gene
15042,7531,gene,0.0,True,Gene
15043,7532,gene,0.0,True,Gene
15044,7533,gene,0.0,True,Gene
15045,7534,gene,0.0,True,Gene
15046,7535,gene,0.0,True,Gene
15047,7536,gene,0.0,True,Gene
15048,7538,gene,0.0,True,Gene
15049,7539,gene,0.0,True,Gene
15050,754,gene,0.0,True,Gene
15051,7541,gene,0.0,True,Gene
15052,7542,gene,0.0,True,Gene
15053,7543,gene,0.0,True,Gene
15054,7544,gene,0.0,True,Gene
15055,7545,gene,0.0,True,Gene
15056,7546,gene,0.0,True,Gene
15057,7547,gene,0.0,True,Gene
15058,7549,gene,0.0,True,Gene
15059,755,gene,0.0,True,Gene
15060,7551,gene,0.0,True,Gene
15061,7552,gene,0.0,True,Gene
15062,7553,gene,0.0,True,Gene
15063,7554,gene,0.0,True,Gene
15064,7555,gene,0.0,True,Gene
15065,7556,gene,0.0,True,Gene
15066,7559,gene,0.0,True,Gene
15067,7561,gene,0.0,True,Gene
15068,7562,gene,0.0,True,Gene
15069,7564,gene,0.0,True,Gene
15070,7565,gene,0.0,True,Gene
15071,7566,gene,0.0,True,Gene
15072,7567,gene,0.0,True,Gene
15073,7568,gene,0.0,True,Gene
15074,7569,gene,0.0,True,Gene
15075,757,gene,0.0,True,Gene
15076,7570,gene,0.0,True,Gene
15077,7571,gene,0.0,True,Gene
15078,7572,gene,0.0,True,Gene
15079,7574,gene,0.0,True,Gene
15080,7576,gene,0.0,True,Gene
15081,7579,gene,0.0,True,Gene
15082,758,gene,0.0,True,Gene
15083,7580,gene,0.0,True,Gene
15084,7581,gene,0.0,True,Gene
15085,7582,gene,0.0,True,Gene
15086,7584,gene,0.0,True,Gene
15087,7586,gene,0.0,True,Gene
15088,7587,gene,0.0,True,Gene
15089,7589,gene,0.0,True,Gene
15090,759,gene,0.0,True,Gene
15091,7592,gene,0.0,True,Gene
15092,7593,gene,0.0,True,Gene
15093,7594,gene,0.0,True,Gene
15094,7596,gene,0.0,True,Gene
15095,7597,gene,0.0,True,Gene
15096,760,gene,0.0,True,Gene
15097,761,gene,0.0,True,Gene
15098,7617,gene,0.0,True,Gene
15099,762,gene,0.0,True,Gene
15100,7620,gene,0.0,True,Gene
15101,7621,gene,0.0,True,Gene
15102,7625,gene,0.0,True,Gene
15103,7626,gene,0.0,True,Gene
15104,7627,gene,0.0,True,Gene
15105,7629,gene,0.0,True,Gene
15106,763,gene,0.0,True,Gene
15107,7633,gene,0.0,True,Gene
15108,7634,gene,0.0,True,Gene
15109,7637,gene,0.0,True,Gene
15110,7638,gene,0.0,True,Gene
15111,7639,gene,0.0,True,Gene
15112,7643,gene,0.0,True,Gene
15113,7644,gene,0.0,True,Gene
15114,765,gene,0.0,True,Gene
15115,7652,gene,0.0,True,Gene
15116,766,gene,0.0,True,Gene
15117,767,gene,0.0,True,Gene
15118,7673,gene,0.0,True,Gene
15119,7675,gene,0.0,True,Gene
15120,7678,gene,0.0,True,Gene
15121,768,gene,0.0,True,Gene
15122,7681,gene,0.0,True,Gene
15123,768206,gene,0.0,True,Gene
15124,768211,gene,0.0,True,Gene
15125,768239,gene,0.0,True,Gene
15126,7690,gene,0.0,True,Gene
15127,7691,gene,0.0,True,Gene
15128,7692,gene,0.0,True,Gene
15129,7693,gene,0.0,True,Gene
15130,7694,gene,0.0,True,Gene
15131,7695,gene,0.0,True,Gene
15132,7697,gene,0.0,True,Gene
15133,7699,gene,0.0,True,Gene
15134,770,gene,0.0,True,Gene
15135,7700,gene,0.0,True,Gene
15136,7701,gene,0.0,True,Gene
15137,7702,gene,0.0,True,Gene
15138,7703,gene,0.0,True,Gene
15139,7704,gene,0.0,True,Gene
15140,7705,gene,0.0,True,Gene
15141,7706,gene,0.0,True,Gene
15142,7707,gene,0.0,True,Gene
15143,7709,gene,0.0,True,Gene
15144,771,gene,0.0,True,Gene
15145,7710,gene,0.0,True,Gene
15146,7711,gene,0.0,True,Gene
15147,7712,gene,0.0,True,Gene
15148,7716,gene,0.0,True,Gene
15149,7718,gene,0.0,True,Gene
15150,7726,gene,0.0,True,Gene
15151,7727,gene,0.0,True,Gene
15152,7728,gene,0.0,True,Gene
15153,773,gene,0.0,True,Gene
15154,7730,gene,0.0,True,Gene
15155,7732,gene,0.0,True,Gene
15156,7733,gene,0.0,True,Gene
15157,7737,gene,0.0,True,Gene
15158,7738,gene,0.0,True,Gene
15159,7739,gene,0.0,True,Gene
15160,774,gene,0.0,True,Gene
15161,7741,gene,0.0,True,Gene
15162,7743,gene,0.0,True,Gene
15163,7745,gene,0.0,True,Gene
15164,7746,gene,0.0,True,Gene
15165,7748,gene,0.0,True,Gene
15166,775,gene,0.0,True,Gene
15167,7750,gene,0.0,True,Gene
15168,7752,gene,0.0,True,Gene
15169,7753,gene,0.0,True,Gene
15170,7755,gene,0.0,True,Gene
15171,7756,gene,0.0,True,Gene
15172,7757,gene,0.0,True,Gene
15173,776,gene,0.0,True,Gene
15174,7760,gene,0.0,True,Gene
15175,7761,gene,0.0,True,Gene
15176,7762,gene,0.0,True,Gene
15177,7763,gene,0.0,True,Gene
15178,7764,gene,0.0,True,Gene
15179,7766,gene,0.0,True,Gene
15180,7767,gene,0.0,True,Gene
15181,7768,gene,0.0,True,Gene
15182,7769,gene,0.0,True,Gene
15183,777,gene,0.0,True,Gene
15184,7770,gene,0.0,True,Gene
15185,7771,gene,0.0,True,Gene
15186,7772,gene,0.0,True,Gene
15187,7773,gene,0.0,True,Gene
15188,7775,gene,0.0,True,Gene
15189,7776,gene,0.0,True,Gene
15190,7779,gene,0.0,True,Gene
15191,778,gene,0.0,True,Gene
15192,7780,gene,0.0,True,Gene
15193,7781,gene,0.0,True,Gene
15194,7782,gene,0.0,True,Gene
15195,7783,gene,0.0,True,Gene
15196,7784,gene,0.0,True,Gene
15197,7786,gene,0.0,True,Gene
15198,7789,gene,0.0,True,Gene
15199,779,gene,0.0,True,Gene
15200,7791,gene,0.0,True,Gene
15201,7798,gene,0.0,True,Gene
15202,7799,gene,0.0,True,Gene
15203,780,gene,0.0,True,Gene
15204,7802,gene,0.0,True,Gene
15205,7803,gene,0.0,True,Gene
15206,7804,gene,0.0,True,Gene
15207,7805,gene,0.0,True,Gene
15208,780776,gene,0.0,True,Gene
15209,7809,gene,0.0,True,Gene
15210,781,gene,0.0,True,Gene
15211,7812,gene,0.0,True,Gene
15212,7813,gene,0.0,True,Gene
15213,7818,gene,0.0,True,Gene
15214,782,gene,0.0,True,Gene
15215,783,gene,0.0,True,Gene
15216,7832,gene,0.0,True,Gene
15217,7837,gene,0.0,True,Gene
15218,784,gene,0.0,True,Gene
15219,7840,gene,0.0,True,Gene
15220,7841,gene,0.0,True,Gene
15221,7844,gene,0.0,True,Gene
15222,7846,gene,0.0,True,Gene
15223,7849,gene,0.0,True,Gene
15224,785,gene,0.0,True,Gene
15225,7850,gene,0.0,True,Gene
15226,7851,gene,0.0,True,Gene
15227,7852,gene,0.0,True,Gene
15228,7855,gene,0.0,True,Gene
15229,7857,gene,0.0,True,Gene
15230,786,gene,0.0,True,Gene
15231,7862,gene,0.0,True,Gene
15232,7866,gene,0.0,True,Gene
15233,7867,gene,0.0,True,Gene
15234,7869,gene,0.0,True,Gene
15235,7871,gene,0.0,True,Gene
15236,7873,gene,0.0,True,Gene
15237,7874,gene,0.0,True,Gene
15238,7879,gene,0.0,True,Gene
15239,788,gene,0.0,True,Gene
15240,7881,gene,0.0,True,Gene
15241,7884,gene,0.0,True,Gene
15242,78986,gene,0.0,True,Gene
15243,78987,gene,0.0,True,Gene
15244,78988,gene,0.0,True,Gene
15245,78989,gene,0.0,True,Gene
15246,78990,gene,0.0,True,Gene
15247,78991,gene,0.0,True,Gene
15248,78992,gene,0.0,True,Gene
15249,78994,gene,0.0,True,Gene
15250,78995,gene,0.0,True,Gene
15251,78996,gene,0.0,True,Gene
15252,78997,gene,0.0,True,Gene
15253,78999,gene,0.0,True,Gene
15254,790,gene,0.0,True,Gene
15255,79000,gene,0.0,True,Gene
15256,79001,gene,0.0,True,Gene
15257,79002,gene,0.0,True,Gene
15258,79003,gene,0.0,True,Gene
15259,79004,gene,0.0,True,Gene
15260,79005,gene,0.0,True,Gene
15261,79006,gene,0.0,True,Gene
15262,79007,gene,0.0,True,Gene
15263,79008,gene,0.0,True,Gene
15264,79009,gene,0.0,True,Gene
15265,79012,gene,0.0,True,Gene
15266,79016,gene,0.0,True,Gene
15267,79017,gene,0.0,True,Gene
15268,79018,gene,0.0,True,Gene
15269,79019,gene,0.0,True,Gene
15270,79020,gene,0.0,True,Gene
15271,79022,gene,0.0,True,Gene
15272,79023,gene,0.0,True,Gene
15273,79025,gene,0.0,True,Gene
15274,79026,gene,0.0,True,Gene
15275,79027,gene,0.0,True,Gene
15276,79029,gene,0.0,True,Gene
15277,7903,gene,0.0,True,Gene
15278,79031,gene,0.0,True,Gene
15279,79033,gene,0.0,True,Gene
15280,79034,gene,0.0,True,Gene
15281,79035,gene,0.0,True,Gene
15282,79036,gene,0.0,True,Gene
15283,79037,gene,0.0,True,Gene
15284,79038,gene,0.0,True,Gene
15285,79039,gene,0.0,True,Gene
15286,79041,gene,0.0,True,Gene
15287,79042,gene,0.0,True,Gene
15288,79047,gene,0.0,True,Gene
15289,79048,gene,0.0,True,Gene
15290,7905,gene,0.0,True,Gene
15291,79050,gene,0.0,True,Gene
15292,79053,gene,0.0,True,Gene
15293,79054,gene,0.0,True,Gene
15294,79056,gene,0.0,True,Gene
15295,79057,gene,0.0,True,Gene
15296,79058,gene,0.0,True,Gene
15297,79064,gene,0.0,True,Gene
15298,79065,gene,0.0,True,Gene
15299,79066,gene,0.0,True,Gene
15300,79068,gene,0.0,True,Gene
15301,79070,gene,0.0,True,Gene
15302,79071,gene,0.0,True,Gene
15303,79072,gene,0.0,True,Gene
15304,79073,gene,0.0,True,Gene
15305,79074,gene,0.0,True,Gene
15306,79075,gene,0.0,True,Gene
15307,79077,gene,0.0,True,Gene
15308,79078,gene,0.0,True,Gene
15309,79080,gene,0.0,True,Gene
15310,79081,gene,0.0,True,Gene
15311,79083,gene,0.0,True,Gene
15312,79084,gene,0.0,True,Gene
15313,79085,gene,0.0,True,Gene
15314,79086,gene,0.0,True,Gene
15315,79087,gene,0.0,True,Gene
15316,79088,gene,0.0,True,Gene
15317,79089,gene,0.0,True,Gene
15318,79090,gene,0.0,True,Gene
15319,79091,gene,0.0,True,Gene
15320,79092,gene,0.0,True,Gene
15321,79094,gene,0.0,True,Gene
15322,79095,gene,0.0,True,Gene
15323,790955,gene,0.0,True,Gene
15324,79096,gene,0.0,True,Gene
15325,79098,gene,0.0,True,Gene
15326,79101,gene,0.0,True,Gene
15327,79102,gene,0.0,True,Gene
15328,79109,gene,0.0,True,Gene
15329,7913,gene,0.0,True,Gene
15330,79132,gene,0.0,True,Gene
15331,79133,gene,0.0,True,Gene
15332,79134,gene,0.0,True,Gene
15333,79135,gene,0.0,True,Gene
15334,79137,gene,0.0,True,Gene
15335,79139,gene,0.0,True,Gene
15336,79140,gene,0.0,True,Gene
15337,79142,gene,0.0,True,Gene
15338,79143,gene,0.0,True,Gene
15339,79144,gene,0.0,True,Gene
15340,79145,gene,0.0,True,Gene
15341,79147,gene,0.0,True,Gene
15342,79148,gene,0.0,True,Gene
15343,79149,gene,0.0,True,Gene
15344,7915,gene,0.0,True,Gene
15345,79152,gene,0.0,True,Gene
15346,79153,gene,0.0,True,Gene
15347,79154,gene,0.0,True,Gene
15348,79155,gene,0.0,True,Gene
15349,79156,gene,0.0,True,Gene
15350,79157,gene,0.0,True,Gene
15351,79158,gene,0.0,True,Gene
15352,79159,gene,0.0,True,Gene
15353,7916,gene,0.0,True,Gene
15354,79161,gene,0.0,True,Gene
15355,79165,gene,0.0,True,Gene
15356,79168,gene,0.0,True,Gene
15357,79169,gene,0.0,True,Gene
15358,7917,gene,0.0,True,Gene
15359,79170,gene,0.0,True,Gene
15360,79171,gene,0.0,True,Gene
15361,79172,gene,0.0,True,Gene
15362,79173,gene,0.0,True,Gene
15363,79174,gene,0.0,True,Gene
15364,79175,gene,0.0,True,Gene
15365,79176,gene,0.0,True,Gene
15366,79177,gene,0.0,True,Gene
15367,79178,gene,0.0,True,Gene
15368,7918,gene,0.0,True,Gene
15369,79180,gene,0.0,True,Gene
15370,79183,gene,0.0,True,Gene
15371,79184,gene,0.0,True,Gene
15372,79187,gene,0.0,True,Gene
15373,79188,gene,0.0,True,Gene
15374,7919,gene,0.0,True,Gene
15375,79190,gene,0.0,True,Gene
15376,79191,gene,0.0,True,Gene
15377,79192,gene,0.0,True,Gene
15378,7920,gene,0.0,True,Gene
15379,7922,gene,0.0,True,Gene
15380,79228,gene,0.0,True,Gene
15381,7923,gene,0.0,True,Gene
15382,79230,gene,0.0,True,Gene
15383,79258,gene,0.0,True,Gene
15384,79269,gene,0.0,True,Gene
15385,793,gene,0.0,True,Gene
15386,7936,gene,0.0,True,Gene
15387,79363,gene,0.0,True,Gene
15388,79364,gene,0.0,True,Gene
15389,79365,gene,0.0,True,Gene
15390,79366,gene,0.0,True,Gene
15391,79368,gene,0.0,True,Gene
15392,79369,gene,0.0,True,Gene
15393,79370,gene,2.4419732,True,Gene
15394,794,gene,0.0,True,Gene
15395,7940,gene,0.0,True,Gene
15396,7941,gene,0.0,True,Gene
15397,79411,gene,0.0,True,Gene
15398,79412,gene,0.0,True,Gene
15399,79413,gene,0.0,True,Gene
15400,79414,gene,0.0,True,Gene
15401,79415,gene,0.0,True,Gene
15402,7942,gene,0.0,True,Gene
15403,79441,gene,0.0,True,Gene
15404,79442,gene,0.0,True,Gene
15405,79443,gene,0.0,True,Gene
15406,79444,gene,0.0,True,Gene
15407,79446,gene,0.0,True,Gene
15408,79447,gene,0.0,True,Gene
15409,79465,gene,0.0,True,Gene
15410,795,gene,0.0,True,Gene
15411,79567,gene,0.0,True,Gene
15412,79568,gene,0.0,True,Gene
15413,7957,gene,0.0,True,Gene
15414,79570,gene,0.0,True,Gene
15415,79571,gene,0.0,True,Gene
15416,79572,gene,0.0,True,Gene
15417,79573,gene,0.0,True,Gene
15418,79574,gene,0.0,True,Gene
15419,79575,gene,0.0,True,Gene
15420,79576,gene,0.0,True,Gene
15421,79577,gene,0.0,True,Gene
15422,79581,gene,0.0,True,Gene
15423,79582,gene,0.0,True,Gene
15424,79583,gene,0.0,True,Gene
15425,79585,gene,0.0,True,Gene
15426,79586,gene,0.0,True,Gene
15427,79587,gene,0.0,True,Gene
15428,79589,gene,0.0,True,Gene
15429,79590,gene,0.0,True,Gene
15430,79591,gene,0.0,True,Gene
15431,79594,gene,0.0,True,Gene
15432,79595,gene,0.0,True,Gene
15433,79596,gene,0.0,True,Gene
15434,79598,gene,0.0,True,Gene
15435,796,gene,0.0,True,Gene
15436,79600,gene,0.0,True,Gene
15437,79602,gene,0.0,True,Gene
15438,79603,gene,0.0,True,Gene
15439,79605,gene,0.0,True,Gene
15440,79607,gene,0.0,True,Gene
15441,79608,gene,0.0,True,Gene
15442,79609,gene,0.0,True,Gene
15443,79611,gene,0.0,True,Gene
15444,79612,gene,0.0,True,Gene
15445,79613,gene,0.0,True,Gene
15446,79616,gene,0.0,True,Gene
15447,79618,gene,0.0,True,Gene
15448,79621,gene,0.0,True,Gene
15449,79622,gene,0.0,True,Gene
15450,79623,gene,0.0,True,Gene
15451,79624,gene,0.0,True,Gene
15452,79625,gene,0.0,True,Gene
15453,79626,gene,0.0,True,Gene
15454,79627,gene,0.0,True,Gene
15455,79628,gene,0.0,True,Gene
15456,79629,gene,0.0,True,Gene
15457,79630,gene,0.0,True,Gene
15458,79631,gene,0.0,True,Gene
15459,79632,gene,0.0,True,Gene
15460,79633,gene,0.0,True,Gene
15461,79634,gene,0.0,True,Gene
15462,79635,gene,0.0,True,Gene
15463,79637,gene,0.0,True,Gene
15464,79639,gene,0.0,True,Gene
15465,79641,gene,0.0,True,Gene
15466,79642,gene,0.0,True,Gene
15467,79643,gene,0.0,True,Gene
15468,79644,gene,0.0,True,Gene
15469,79645,gene,0.0,True,Gene
15470,79646,gene,0.0,True,Gene
15471,79647,gene,0.0,True,Gene
15472,79648,gene,0.0,True,Gene
15473,79649,gene,0.0,True,Gene
15474,7965,gene,0.0,True,Gene
15475,79650,gene,0.0,True,Gene
15476,79651,gene,0.0,True,Gene
15477,79652,gene,0.0,True,Gene
15478,79654,gene,0.0,True,Gene
15479,79656,gene,0.0,True,Gene
15480,79657,gene,0.0,True,Gene
15481,79658,gene,0.0,True,Gene
15482,79659,gene,0.0,True,Gene
15483,79660,gene,0.0,True,Gene
15484,79661,gene,0.0,True,Gene
15485,79663,gene,0.0,True,Gene
15486,79664,gene,0.0,True,Gene
15487,79665,gene,0.0,True,Gene
15488,79666,gene,0.0,True,Gene
15489,79668,gene,0.0,True,Gene
15490,79669,gene,0.0,True,Gene
15491,79670,gene,0.0,True,Gene
15492,79671,gene,0.0,True,Gene
15493,79672,gene,0.0,True,Gene
15494,79673,gene,0.0,True,Gene
15495,79674,gene,0.0,True,Gene
15496,79675,gene,0.0,True,Gene
15497,79676,gene,0.0,True,Gene
15498,79677,gene,0.0,True,Gene
15499,79679,gene,0.0,True,Gene
15500,79680,gene,0.0,True,Gene
15501,79682,gene,0.0,True,Gene
15502,79683,gene,0.0,True,Gene
15503,79684,gene,0.0,True,Gene
15504,79685,gene,0.0,True,Gene
15505,79689,gene,0.0,True,Gene
15506,79690,gene,0.0,True,Gene
15507,79691,gene,0.0,True,Gene
15508,79692,gene,0.0,True,Gene
15509,79693,gene,0.0,True,Gene
15510,79694,gene,0.0,True,Gene
15511,79695,gene,0.0,True,Gene
15512,79696,gene,0.0,True,Gene
15513,79697,gene,0.0,True,Gene
15514,79698,gene,0.0,True,Gene
15515,79699,gene,0.0,True,Gene
15516,797,gene,0.0,True,Gene
15517,79701,gene,0.0,True,Gene
15518,79703,gene,0.0,True,Gene
15519,79705,gene,0.0,True,Gene
15520,79706,gene,0.0,True,Gene
15521,79707,gene,0.0,True,Gene
15522,79709,gene,0.0,True,Gene
15523,79710,gene,0.0,True,Gene
15524,79711,gene,0.0,True,Gene
15525,79712,gene,0.0,True,Gene
15526,79713,gene,0.0,True,Gene
15527,79714,gene,0.0,True,Gene
15528,79716,gene,0.0,True,Gene
15529,79717,gene,0.0,True,Gene
15530,79718,gene,0.0,True,Gene
15531,79719,gene,0.0,True,Gene
15532,79720,gene,0.0,True,Gene
15533,79722,gene,0.0,True,Gene
15534,79723,gene,0.0,True,Gene
15535,79724,gene,0.0,True,Gene
15536,79725,gene,0.0,True,Gene
15537,79726,gene,0.0,True,Gene
15538,79727,gene,0.0,True,Gene
15539,79728,gene,0.0,True,Gene
15540,79729,gene,0.0,True,Gene
15541,79730,gene,0.0,True,Gene
15542,79731,gene,0.0,True,Gene
15543,79733,gene,0.0,True,Gene
15544,79734,gene,0.0,True,Gene
15545,79735,gene,0.0,True,Gene
15546,79736,gene,0.0,True,Gene
15547,79738,gene,0.0,True,Gene
15548,79739,gene,0.0,True,Gene
15549,79740,gene,0.0,True,Gene
15550,79741,gene,0.0,True,Gene
15551,79742,gene,0.0,True,Gene
15552,79744,gene,0.0,True,Gene
15553,79745,gene,0.0,True,Gene
15554,79746,gene,0.0,True,Gene
15555,79747,gene,0.0,True,Gene
15556,79748,gene,0.0,True,Gene
15557,7975,gene,0.0,True,Gene
15558,79750,gene,0.0,True,Gene
15559,79751,gene,0.0,True,Gene
15560,79752,gene,0.44867337,True,Gene
15561,79753,gene,0.0,True,Gene
15562,79754,gene,0.0,True,Gene
15563,79755,gene,0.0,True,Gene
15564,79758,gene,0.0,True,Gene
15565,79759,gene,0.0,True,Gene
15566,7976,gene,0.0,True,Gene
15567,79760,gene,0.0,True,Gene
15568,79762,gene,0.0,True,Gene
15569,79763,gene,0.0,True,Gene
15570,79767,gene,0.0,True,Gene
15571,79768,gene,0.0,True,Gene
15572,79770,gene,0.0,True,Gene
15573,79772,gene,0.0,True,Gene
15574,79774,gene,0.0,True,Gene
15575,79776,gene,0.54012585,True,Gene
15576,79777,gene,0.0,True,Gene
15577,79778,gene,0.0,True,Gene
15578,7978,gene,0.0,True,Gene
15579,79780,gene,0.0,True,Gene
15580,79781,gene,0.0,True,Gene
15581,79782,gene,0.0,True,Gene
15582,79783,gene,0.0,True,Gene
15583,79784,gene,0.0,True,Gene
15584,79785,gene,0.0,True,Gene
15585,79786,gene,0.0,True,Gene
15586,79788,gene,0.0,True,Gene
15587,79789,gene,0.0,True,Gene
15588,7979,gene,0.0,True,Gene
15589,79791,gene,0.0,True,Gene
15590,79792,gene,0.0,True,Gene
15591,79794,gene,0.0,True,Gene
15592,79796,gene,0.0,True,Gene
15593,79797,gene,0.0,True,Gene
15594,79798,gene,0.0,True,Gene
15595,79799,gene,0.0,True,Gene
15596,7980,gene,0.0,True,Gene
15597,79800,gene,0.0,True,Gene
15598,79801,gene,0.0,True,Gene
15599,79802,gene,0.0,True,Gene
15600,79803,gene,0.0,True,Gene
15601,79805,gene,0.0,True,Gene
15602,79807,gene,0.0,True,Gene
15603,79809,gene,0.0,True,Gene
15604,79810,gene,0.0,True,Gene
15605,79811,gene,0.0,True,Gene
15606,79812,gene,0.0,True,Gene
15607,79813,gene,0.0,True,Gene
15608,79814,gene,0.0,True,Gene
15609,79815,gene,0.0,True,Gene
15610,79816,gene,0.0,True,Gene
15611,79817,gene,0.0,True,Gene
15612,79818,gene,0.0,True,Gene
15613,79819,gene,0.0,True,Gene
15614,7982,gene,0.0,True,Gene
15615,79820,gene,0.0,True,Gene
15616,79822,gene,0.0,True,Gene
15617,79823,gene,0.0,True,Gene
15618,79825,gene,0.0,True,Gene
15619,79827,gene,0.0,True,Gene
15620,79828,gene,0.0,True,Gene
15621,79829,gene,0.0,True,Gene
15622,79830,gene,0.0,True,Gene
15623,79831,gene,0.0,True,Gene
15624,79832,gene,0.0,True,Gene
15625,79833,gene,0.0,True,Gene
15626,79834,gene,0.0,True,Gene
15627,79836,gene,0.0,True,Gene
15628,79837,gene,0.0,True,Gene
15629,79838,gene,0.0,True,Gene
15630,79839,gene,0.0,True,Gene
15631,7984,gene,0.0,True,Gene
15632,79840,gene,0.0,True,Gene
15633,79841,gene,0.0,True,Gene
15634,79842,gene,0.0,True,Gene
15635,79843,gene,0.0,True,Gene
15636,79844,gene,0.0,True,Gene
15637,79845,gene,0.0,True,Gene
15638,79846,gene,0.0,True,Gene
15639,79847,gene,0.0,True,Gene
15640,79848,gene,0.0,True,Gene
15641,79849,gene,0.0,True,Gene
15642,79850,gene,0.0,True,Gene
15643,79852,gene,0.0,True,Gene
15644,79853,gene,0.0,True,Gene
15645,79856,gene,0.0,True,Gene
15646,79858,gene,0.0,True,Gene
15647,79861,gene,0.0,True,Gene
15648,79862,gene,0.0,True,Gene
15649,79863,gene,0.0,True,Gene
15650,79864,gene,0.0,True,Gene
15651,79865,gene,0.0,True,Gene
15652,79866,gene,0.0,True,Gene
15653,79867,gene,0.0,True,Gene
15654,79868,gene,0.0,True,Gene
15655,79869,gene,0.0,True,Gene
15656,79870,gene,0.0,True,Gene
15657,79871,gene,0.0,True,Gene
15658,79872,gene,0.0,True,Gene
15659,79873,gene,0.0,True,Gene
15660,79874,gene,0.0,True,Gene
15661,79875,gene,0.0,True,Gene
15662,79876,gene,0.0,True,Gene
15663,79877,gene,0.0,True,Gene
15664,79879,gene,0.0,True,Gene
15665,7988,gene,0.0,True,Gene
15666,79882,gene,0.0,True,Gene
15667,79883,gene,0.0,True,Gene
15668,79884,gene,0.0,True,Gene
15669,79885,gene,0.0,True,Gene
15670,79886,gene,0.0,True,Gene
15671,79887,gene,0.0,True,Gene
15672,79888,gene,0.0,True,Gene
15673,79890,gene,0.0,True,Gene
15674,79891,gene,0.0,True,Gene
15675,79892,gene,0.0,True,Gene
15676,79893,gene,0.0,True,Gene
15677,79894,gene,0.0,True,Gene
15678,79895,gene,0.0,True,Gene
15679,79896,gene,0.0,True,Gene
15680,79897,gene,0.0,True,Gene
15681,79898,gene,0.0,True,Gene
15682,79899,gene,0.0,True,Gene
15683,799,gene,0.0,True,Gene
15684,79901,gene,0.0,True,Gene
15685,79902,gene,0.0,True,Gene
15686,79903,gene,0.0,True,Gene
15687,79905,gene,0.0,True,Gene
15688,79906,gene,0.0,True,Gene
15689,79908,gene,0.0,True,Gene
15690,7991,gene,0.0,True,Gene
15691,79912,gene,0.0,True,Gene
15692,79913,gene,0.0,True,Gene
15693,79915,gene,0.0,True,Gene
15694,79917,gene,0.0,True,Gene
15695,79918,gene,0.0,True,Gene
15696,79919,gene,0.0,True,Gene
15697,79921,gene,0.0,True,Gene
15698,79922,gene,0.0,True,Gene
15699,79923,gene,0.0,True,Gene
15700,79924,gene,0.0,True,Gene
15701,79925,gene,0.0,True,Gene
15702,79927,gene,0.0,True,Gene
15703,79929,gene,0.0,True,Gene
15704,7993,gene,0.0,True,Gene
15705,79930,gene,0.0,True,Gene
15706,79931,gene,0.0,True,Gene
15707,79932,gene,0.0,True,Gene
15708,79933,gene,0.0,True,Gene
15709,79934,gene,0.0,True,Gene
15710,79935,gene,0.0,True,Gene
15711,79937,gene,0.0,True,Gene
15712,79939,gene,0.0,True,Gene
15713,7994,gene,0.0,True,Gene
15714,79943,gene,0.0,True,Gene
15715,79944,gene,0.0,True,Gene
15716,79946,gene,0.0,True,Gene
15717,79947,gene,0.0,True,Gene
15718,79948,gene,0.0,True,Gene
15719,79949,gene,0.0,True,Gene
15720,79953,gene,0.0,True,Gene
15721,79954,gene,0.0,True,Gene
15722,79955,gene,0.0,True,Gene
15723,79956,gene,0.0,True,Gene
15724,79957,gene,0.0,True,Gene
15725,79958,gene,0.0,True,Gene
15726,79959,gene,0.0,True,Gene
15727,79960,gene,0.0,True,Gene
15728,79961,gene,0.0,True,Gene
15729,79962,gene,0.0,True,Gene
15730,79966,gene,0.0,True,Gene
15731,79968,gene,0.0,True,Gene
15732,79969,gene,0.0,True,Gene
15733,79971,gene,0.0,True,Gene
15734,79973,gene,0.0,True,Gene
15735,79974,gene,0.0,True,Gene
15736,79977,gene,0.0,True,Gene
15737,79979,gene,0.0,True,Gene
15738,79980,gene,0.0,True,Gene
15739,79981,gene,0.0,True,Gene
15740,79982,gene,0.0,True,Gene
15741,79983,gene,0.0,True,Gene
15742,79987,gene,0.0,True,Gene
15743,79989,gene,0.0,True,Gene
15744,79990,gene,0.0,True,Gene
15745,79991,gene,0.0,True,Gene
15746,79993,gene,0.0,True,Gene
15747,79998,gene,0.0,True,Gene
15748,800,gene,0.0,True,Gene
15749,8000,gene,0.0,True,Gene
15750,80000,gene,0.0,True,Gene
15751,80003,gene,0.0,True,Gene
15752,80004,gene,0.0,True,Gene
15753,80005,gene,0.0,True,Gene
15754,80006,gene,0.0,True,Gene
15755,80007,gene,0.0,True,Gene
15756,80008,gene,0.0,True,Gene
15757,8001,gene,0.0,True,Gene
15758,80010,gene,0.0,True,Gene
15759,80011,gene,0.0,True,Gene
15760,80012,gene,0.0,True,Gene
15761,80013,gene,0.0,True,Gene
15762,80014,gene,0.0,True,Gene
15763,80017,gene,0.0,True,Gene
15764,80018,gene,0.0,True,Gene
15765,80019,gene,0.0,True,Gene
15766,80020,gene,0.0,True,Gene
15767,80021,gene,0.0,True,Gene
15768,80022,gene,0.0,True,Gene
15769,80023,gene,0.0,True,Gene
15770,80024,gene,0.0,True,Gene
15771,80025,gene,0.0,True,Gene
15772,80028,gene,0.0,True,Gene
15773,80031,gene,0.0,True,Gene
15774,80032,gene,0.0,True,Gene
15775,80034,gene,0.0,True,Gene
15776,80036,gene,0.0,True,Gene
15777,80045,gene,0.0,True,Gene
15778,80055,gene,0.0,True,Gene
15779,80059,gene,0.0,True,Gene
15780,80063,gene,0.0,True,Gene
15781,80067,gene,0.0,True,Gene
15782,80070,gene,0.0,True,Gene
15783,80071,gene,0.0,True,Gene
15784,80086,gene,0.0,True,Gene
15785,80095,gene,0.0,True,Gene
15786,80097,gene,0.0,True,Gene
15787,801,gene,0.0,True,Gene
15788,80108,gene,0.0,True,Gene
15789,80110,gene,0.0,True,Gene
15790,80114,gene,0.0,True,Gene
15791,80115,gene,0.0,True,Gene
15792,80117,gene,0.0,True,Gene
15793,80119,gene,0.0,True,Gene
15794,80122,gene,0.0,True,Gene
15795,80124,gene,0.0,True,Gene
15796,80125,gene,0.0,True,Gene
15797,80127,gene,0.0,True,Gene
15798,80128,gene,0.0,True,Gene
15799,80129,gene,0.0,True,Gene
15800,8013,gene,0.0,True,Gene
15801,80131,gene,0.0,True,Gene
15802,80133,gene,0.0,True,Gene
15803,80135,gene,0.0,True,Gene
15804,80139,gene,0.0,True,Gene
15805,80142,gene,0.0,True,Gene
15806,80143,gene,0.0,True,Gene
15807,80144,gene,0.0,True,Gene
15808,80145,gene,0.0,True,Gene
15809,80146,gene,0.0,True,Gene
15810,80148,gene,0.0,True,Gene
15811,80149,gene,0.0,True,Gene
15812,80150,gene,0.0,True,Gene
15813,80152,gene,0.0,True,Gene
15814,80153,gene,0.0,True,Gene
15815,80155,gene,0.0,True,Gene
15816,80157,gene,0.0,True,Gene
15817,80162,gene,0.0,True,Gene
15818,80164,gene,0.0,True,Gene
15819,80167,gene,0.0,True,Gene
15820,80168,gene,0.0,True,Gene
15821,80169,gene,0.0,True,Gene
15822,80173,gene,0.0,True,Gene
15823,80174,gene,0.0,True,Gene
15824,80176,gene,0.0,True,Gene
15825,80177,gene,0.0,True,Gene
15826,80178,gene,0.0,True,Gene
15827,80179,gene,0.0,True,Gene
15828,80183,gene,0.0,True,Gene
15829,80184,gene,0.0,True,Gene
15830,80185,gene,0.0,True,Gene
15831,8019,gene,0.0,True,Gene
15832,80194,gene,0.0,True,Gene
15833,80195,gene,0.0,True,Gene
15834,80196,gene,0.0,True,Gene
15835,80198,gene,0.0,True,Gene
15836,80199,gene,0.0,True,Gene
15837,80201,gene,0.0,True,Gene
15838,80204,gene,0.0,True,Gene
15839,80205,gene,0.0,True,Gene
15840,80206,gene,0.0,True,Gene
15841,80207,gene,0.0,True,Gene
15842,80208,gene,0.0,True,Gene
15843,80209,gene,0.0,True,Gene
15844,8021,gene,0.0,True,Gene
15845,80210,gene,0.0,True,Gene
15846,80212,gene,0.0,True,Gene
15847,80213,gene,0.0,True,Gene
15848,80216,gene,0.0,True,Gene
15849,80217,gene,0.0,True,Gene
15850,80218,gene,0.0,True,Gene
15851,80219,gene,0.0,True,Gene
15852,8022,gene,0.0,True,Gene
15853,80221,gene,0.0,True,Gene
15854,80222,gene,0.0,True,Gene
15855,80223,gene,0.0,True,Gene
15856,80224,gene,0.0,True,Gene
15857,80227,gene,0.0,True,Gene
15858,80228,gene,0.0,True,Gene
15859,80230,gene,0.0,True,Gene
15860,80231,gene,0.0,True,Gene
15861,80232,gene,0.0,True,Gene
15862,80233,gene,0.0,True,Gene
15863,80235,gene,0.0,True,Gene
15864,80237,gene,0.0,True,Gene
15865,80243,gene,0.0,True,Gene
15866,80254,gene,0.0,True,Gene
15867,80255,gene,0.0,True,Gene
15868,80256,gene,0.0,True,Gene
15869,80258,gene,0.0,True,Gene
15870,80262,gene,0.0,True,Gene
15871,80263,gene,0.0,True,Gene
15872,80264,gene,0.0,True,Gene
15873,80267,gene,0.0,True,Gene
15874,8027,gene,0.0,True,Gene
15875,80270,gene,0.0,True,Gene
15876,80271,gene,0.0,True,Gene
15877,80273,gene,0.0,True,Gene
15878,80274,gene,0.0,True,Gene
15879,80279,gene,0.0,True,Gene
15880,8028,gene,0.0,True,Gene
15881,8029,gene,0.3274991,True,Gene
15882,80298,gene,0.0,True,Gene
15883,8030,gene,0.0,True,Gene
15884,80301,gene,0.0,True,Gene
15885,80303,gene,0.0,True,Gene
15886,80304,gene,0.0,True,Gene
15887,80305,gene,0.0,True,Gene
15888,80306,gene,0.0,True,Gene
15889,80308,gene,0.0,True,Gene
15890,80309,gene,0.0,True,Gene
15891,8031,gene,0.0,True,Gene
15892,80310,gene,0.0,True,Gene
15893,80311,gene,0.0,True,Gene
15894,80312,gene,0.0,True,Gene
15895,80313,gene,0.0,True,Gene
15896,80314,gene,0.0,True,Gene
15897,80315,gene,0.0,True,Gene
15898,80316,gene,0.0,True,Gene
15899,80317,gene,0.0,True,Gene
15900,80318,gene,0.0,True,Gene
15901,80319,gene,0.0,True,Gene
15902,80320,gene,0.0,True,Gene
15903,80321,gene,0.0,True,Gene
15904,80323,gene,0.0,True,Gene
15905,80324,gene,0.0,True,Gene
15906,80325,gene,0.0,True,Gene
15907,80326,gene,0.0,True,Gene
15908,80328,gene,0.0,True,Gene
15909,80329,gene,0.0,True,Gene
15910,80331,gene,0.0,True,Gene
15911,80332,gene,0.0,True,Gene
15912,80333,gene,0.0,True,Gene
15913,80335,gene,0.0,True,Gene
15914,80336,gene,0.0,True,Gene
15915,80339,gene,0.0,True,Gene
15916,8034,gene,0.0,True,Gene
15917,80341,gene,0.0,True,Gene
15918,80342,gene,0.0,True,Gene
15919,80343,gene,0.0,True,Gene
15920,80344,gene,0.0,True,Gene
15921,80345,gene,0.0,True,Gene
15922,80346,gene,0.0,True,Gene
15923,80347,gene,0.0,True,Gene
15924,80349,gene,0.0,True,Gene
15925,80351,gene,0.0,True,Gene
15926,80352,gene,0.0,True,Gene
15927,8036,gene,0.0,True,Gene
15928,8038,gene,0.0,True,Gene
15929,80380,gene,0.0,True,Gene
15930,80381,gene,0.0,True,Gene
15931,8045,gene,0.0,True,Gene
15932,8048,gene,0.0,True,Gene
15933,805,gene,0.0,True,Gene
15934,8050,gene,0.0,True,Gene
15935,8061,gene,0.0,True,Gene
15936,8065,gene,0.0,True,Gene
15937,80700,gene,0.0,True,Gene
15938,80704,gene,0.0,True,Gene
15939,80705,gene,0.0,True,Gene
15940,80709,gene,0.0,True,Gene
15941,80714,gene,0.0,True,Gene
15942,80723,gene,0.0,True,Gene
15943,80724,gene,0.0,True,Gene
15944,80725,gene,0.0,True,Gene
15945,80726,gene,0.0,True,Gene
15946,80727,gene,0.0,True,Gene
15947,80728,gene,0.0,True,Gene
15948,8073,gene,0.0,True,Gene
15949,80731,gene,0.0,True,Gene
15950,80736,gene,0.0,True,Gene
15951,80737,gene,0.0,True,Gene
15952,80739,gene,0.0,True,Gene
15953,8074,gene,0.0,True,Gene
15954,80740,gene,0.0,True,Gene
15955,80741,gene,0.0,True,Gene
15956,80742,gene,0.0,True,Gene
15957,80745,gene,0.0,True,Gene
15958,80746,gene,0.0,True,Gene
15959,80755,gene,0.0,True,Gene
15960,80757,gene,0.0,True,Gene
15961,80758,gene,0.0,True,Gene
15962,80759,gene,0.0,True,Gene
15963,8076,gene,0.0,True,Gene
15964,80760,gene,0.0,True,Gene
15965,80762,gene,0.0,True,Gene
15966,80763,gene,0.0,True,Gene
15967,80764,gene,0.0,True,Gene
15968,80765,gene,0.0,True,Gene
15969,80772,gene,0.0,True,Gene
15970,80774,gene,0.0,True,Gene
15971,80775,gene,0.0,True,Gene
15972,80776,gene,0.0,True,Gene
15973,80777,gene,0.0,True,Gene
15974,80778,gene,0.0,True,Gene
15975,8078,gene,0.0,True,Gene
15976,80781,gene,0.0,True,Gene
15977,80789,gene,0.0,True,Gene
15978,8079,gene,0.0,True,Gene
15979,80790,gene,0.0,True,Gene
15980,808,gene,0.0,True,Gene
15981,80816,gene,0.0,True,Gene
15982,80817,gene,0.0,True,Gene
15983,80818,gene,0.0,True,Gene
15984,8082,gene,0.0,True,Gene
15985,80820,gene,0.0,True,Gene
15986,80821,gene,0.0,True,Gene
15987,80823,gene,0.0,True,Gene
15988,80824,gene,0.0,True,Gene
15989,80829,gene,0.0,True,Gene
15990,80830,gene,0.0,True,Gene
15991,80831,gene,0.0,True,Gene
15992,80832,gene,0.0,True,Gene
15993,80833,gene,0.0,True,Gene
15994,80834,gene,0.0,True,Gene
15995,80835,gene,0.0,True,Gene
15996,8085,gene,0.0,True,Gene
15997,80851,gene,0.0,True,Gene
15998,80852,gene,0.0,True,Gene
15999,80853,gene,0.0,True,Gene
16000,80854,gene,0.0,True,Gene
16001,80856,gene,0.0,True,Gene
16002,8086,gene,0.0,True,Gene
16003,80863,gene,0.0,True,Gene
16004,80864,gene,0.0,True,Gene
16005,8087,gene,0.0,True,Gene
16006,8089,gene,0.0,True,Gene
16007,80895,gene,0.0,True,Gene
16008,80896,gene,0.0,True,Gene
16009,8091,gene,0.0,True,Gene
16010,8092,gene,0.0,True,Gene
16011,80975,gene,0.0,True,Gene
16012,8099,gene,0.0,True,Gene
16013,81,gene,0.0,True,Gene
16014,810,gene,0.0,True,Gene
16015,8100,gene,0.0,True,Gene
16016,81025,gene,0.0,True,Gene
16017,81027,gene,0.0,True,Gene
16018,81029,gene,0.0,True,Gene
16019,81030,gene,0.0,True,Gene
16020,81031,gene,0.0,True,Gene
16021,81033,gene,0.0,True,Gene
16022,81034,gene,0.0,True,Gene
16023,81035,gene,0.0,True,Gene
16024,81037,gene,0.0,True,Gene
16025,8106,gene,0.0,True,Gene
16026,811,gene,0.0,True,Gene
16027,8110,gene,0.0,True,Gene
16028,8111,gene,0.0,True,Gene
16029,8115,gene,0.0,True,Gene
16030,8120,gene,0.0,True,Gene
16031,8125,gene,0.0,True,Gene
16032,8128,gene,0.0,True,Gene
16033,813,gene,0.0,True,Gene
16034,8131,gene,0.0,True,Gene
16035,8139,gene,0.0,True,Gene
16036,814,gene,0.0,True,Gene
16037,8140,gene,0.0,True,Gene
16038,8148,gene,0.0,True,Gene
16039,81488,gene,0.0,True,Gene
16040,81490,gene,0.0,True,Gene
16041,81491,gene,0.0,True,Gene
16042,81492,gene,0.0,True,Gene
16043,81493,gene,0.0,True,Gene
16044,81494,gene,0.0,True,Gene
16045,815,gene,0.0,True,Gene
16046,81501,gene,0.0,True,Gene
16047,81502,gene,0.0,True,Gene
16048,8153,gene,0.0,True,Gene
16049,81532,gene,0.0,True,Gene
16050,81533,gene,0.0,True,Gene
16051,81537,gene,0.0,True,Gene
16052,81539,gene,0.0,True,Gene
16053,81542,gene,0.0,True,Gene
16054,81543,gene,0.0,True,Gene
16055,81544,gene,0.0,True,Gene
16056,81545,gene,0.0,True,Gene
16057,81550,gene,0.0,True,Gene
16058,81551,gene,0.0,True,Gene
16059,81552,gene,0.0,True,Gene
16060,81553,gene,0.0,True,Gene
16061,81554,gene,0.0,True,Gene
16062,81555,gene,0.0,True,Gene
16063,81556,gene,0.0,True,Gene
16064,81557,gene,0.0,True,Gene
16065,81558,gene,0.0,True,Gene
16066,81559,gene,0.0,True,Gene
16067,81562,gene,0.0,True,Gene
16068,81563,gene,0.0,True,Gene
16069,81565,gene,0.0,True,Gene
16070,81566,gene,0.0,True,Gene
16071,81567,gene,0.0,True,Gene
16072,81569,gene,0.0,True,Gene
16073,81570,gene,0.0,True,Gene
16074,81572,gene,0.0,True,Gene
16075,81573,gene,0.0,True,Gene
16076,81575,gene,0.0,True,Gene
16077,81576,gene,0.0,True,Gene
16078,81577,gene,0.0,True,Gene
16079,81578,gene,0.0,True,Gene
16080,81579,gene,0.0,True,Gene
16081,816,gene,0.0,True,Gene
16082,81602,gene,0.0,True,Gene
16083,81603,gene,0.0,True,Gene
16084,81605,gene,0.0,True,Gene
16085,81606,gene,0.0,True,Gene
16086,81607,gene,0.0,True,Gene
16087,81608,gene,0.0,True,Gene
16088,81609,gene,0.0,True,Gene
16089,8161,gene,0.0,True,Gene
16090,81610,gene,0.0,True,Gene
16091,81611,gene,0.0,True,Gene
16092,81614,gene,0.0,True,Gene
16093,81615,gene,0.0,True,Gene
16094,81616,gene,0.0,True,Gene
16095,81617,gene,0.0,True,Gene
16096,81618,gene,0.0,True,Gene
16097,81619,gene,0.0,True,Gene
16098,81620,gene,0.0,True,Gene
16099,81621,gene,0.0,True,Gene
16100,81622,gene,0.0,True,Gene
16101,81623,gene,0.0,True,Gene
16102,81624,gene,0.0,True,Gene
16103,81626,gene,0.0,True,Gene
16104,81627,gene,0.0,True,Gene
16105,81628,gene,0.0,True,Gene
16106,81629,gene,0.0,True,Gene
16107,81631,gene,0.0,True,Gene
16108,8165,gene,0.0,True,Gene
16109,81669,gene,0.0,True,Gene
16110,81671,gene,0.0,True,Gene
16111,81688,gene,0.0,True,Gene
16112,81689,gene,0.0,True,Gene
16113,81691,gene,0.0,True,Gene
16114,81693,gene,0.0,True,Gene
16115,817,gene,0.0,True,Gene
16116,8170,gene,0.0,True,Gene
16117,81704,gene,0.0,True,Gene
16118,81706,gene,0.0,True,Gene
16119,8174,gene,0.0,True,Gene
16120,8175,gene,0.0,True,Gene
16121,8178,gene,0.0,True,Gene
16122,81786,gene,0.0,True,Gene
16123,81788,gene,0.0,True,Gene
16124,81789,gene,0.0,True,Gene
16125,81790,gene,0.0,True,Gene
16126,81792,gene,0.0,True,Gene
16127,81793,gene,0.0,True,Gene
16128,81794,gene,0.0,True,Gene
16129,81796,gene,0.0,True,Gene
16130,818,gene,0.0,True,Gene
16131,81831,gene,0.0,True,Gene
16132,81832,gene,0.0,True,Gene
16133,81833,gene,0.0,True,Gene
16134,81839,gene,0.0,True,Gene
16135,81844,gene,0.0,True,Gene
16136,81846,gene,0.0,True,Gene
16137,81847,gene,0.0,True,Gene
16138,81848,gene,0.0,True,Gene
16139,81849,gene,0.0,True,Gene
16140,81851,gene,0.0,True,Gene
16141,81853,gene,0.0,True,Gene
16142,81855,gene,0.0,True,Gene
16143,81856,gene,0.0,True,Gene
16144,81857,gene,0.0,True,Gene
16145,81858,gene,0.0,True,Gene
16146,8187,gene,0.0,True,Gene
16147,81870,gene,0.0,True,Gene
16148,81871,gene,0.0,True,Gene
16149,81872,gene,0.0,True,Gene
16150,81873,gene,0.0,True,Gene
16151,81875,gene,0.0,True,Gene
16152,81876,gene,0.0,True,Gene
16153,81887,gene,0.0,True,Gene
16154,81888,gene,0.0,True,Gene
16155,81889,gene,0.0,True,Gene
16156,8189,gene,0.0,True,Gene
16157,81890,gene,0.0,True,Gene
16158,81892,gene,0.0,True,Gene
16159,81894,gene,0.0,True,Gene
16160,819,gene,0.0,True,Gene
16161,8190,gene,0.0,True,Gene
16162,8192,gene,0.0,True,Gene
16163,81926,gene,0.0,True,Gene
16164,81928,gene,0.0,True,Gene
16165,81929,gene,0.0,True,Gene
16166,8193,gene,0.0,True,Gene
16167,81930,gene,0.0,True,Gene
16168,81931,gene,0.0,True,Gene
16169,81932,gene,0.0,True,Gene
16170,8195,gene,0.0,True,Gene
16171,820,gene,0.0,True,Gene
16172,8200,gene,0.0,True,Gene
16173,8202,gene,0.0,True,Gene
16174,8204,gene,0.0,True,Gene
16175,8208,gene,0.0,True,Gene
16176,8209,gene,0.0,True,Gene
16177,821,gene,0.0,True,Gene
16178,8214,gene,0.0,True,Gene
16179,8216,gene,0.0,True,Gene
16180,8218,gene,0.0,True,Gene
16181,822,gene,0.0,True,Gene
16182,8220,gene,0.0,True,Gene
16183,8224,gene,0.0,True,Gene
16184,8225,gene,0.0,True,Gene
16185,8226,gene,0.0,True,Gene
16186,8227,gene,0.0,True,Gene
16187,8228,gene,0.0,True,Gene
16188,823,gene,0.0,True,Gene
16189,8233,gene,0.0,True,Gene
16190,8237,gene,0.0,True,Gene
16191,8239,gene,0.91085136,True,Gene
16192,824,gene,0.0,True,Gene
16193,8241,gene,0.0,True,Gene
16194,8242,gene,0.0,True,Gene
16195,8243,gene,0.0,True,Gene
16196,825,gene,0.0,True,Gene
16197,826,gene,0.0,True,Gene
16198,8260,gene,0.0,True,Gene
16199,8263,gene,0.0,True,Gene
16200,8266,gene,0.0,True,Gene
16201,8269,gene,0.0,True,Gene
16202,827,gene,0.0,True,Gene
16203,8270,gene,0.0,True,Gene
16204,8273,gene,0.0,True,Gene
16205,8277,gene,0.0,True,Gene
16206,828,gene,0.0,True,Gene
16207,8284,gene,0.0,True,Gene
16208,8287,gene,0.0,True,Gene
16209,8288,gene,0.0,True,Gene
16210,8289,gene,0.0,True,Gene
16211,829,gene,0.0,True,Gene
16212,8290,gene,0.0,True,Gene
16213,8291,gene,0.0,True,Gene
16214,8292,gene,0.0,True,Gene
16215,8293,gene,0.0,True,Gene
16216,8294,gene,0.0,True,Gene
16217,8295,gene,0.0,True,Gene
16218,830,gene,0.0,True,Gene
16219,8301,gene,0.0,True,Gene
16220,8302,gene,0.0,True,Gene
16221,8303,gene,0.0,True,Gene
16222,8309,gene,0.0,True,Gene
16223,831,gene,0.0,True,Gene
16224,8310,gene,0.0,True,Gene
16225,8312,gene,0.0,True,Gene
16226,8313,gene,0.0,True,Gene
16227,8314,gene,0.0,True,Gene
16228,8315,gene,0.0,True,Gene
16229,8317,gene,0.0,True,Gene
16230,8318,gene,0.0,True,Gene
16231,832,gene,0.0,True,Gene
16232,8320,gene,0.0,True,Gene
16233,8321,gene,0.0,True,Gene
16234,8322,gene,0.0,True,Gene
16235,8323,gene,0.0,True,Gene
16236,8324,gene,0.0,True,Gene
16237,8325,gene,0.0,True,Gene
16238,83259,gene,0.0,True,Gene
16239,8326,gene,0.0,True,Gene
16240,8328,gene,0.0,True,Gene
16241,8329,gene,0.0,True,Gene
16242,833,gene,0.0,True,Gene
16243,8330,gene,0.0,True,Gene
16244,8331,gene,0.0,True,Gene
16245,8332,gene,0.0,True,Gene
16246,8334,gene,0.0,True,Gene
16247,8335,gene,0.0,True,Gene
16248,8336,gene,0.0,True,Gene
16249,8337,gene,0.0,True,Gene
16250,8338,gene,0.0,True,Gene
16251,8339,gene,0.0,True,Gene
16252,83394,gene,0.0,True,Gene
16253,834,gene,0.0,True,Gene
16254,8340,gene,0.0,True,Gene
16255,83401,gene,0.0,True,Gene
16256,8341,gene,0.0,True,Gene
16257,83416,gene,0.0,True,Gene
16258,83417,gene,0.0,True,Gene
16259,8342,gene,0.0,True,Gene
16260,8343,gene,0.0,True,Gene
16261,83439,gene,0.0,True,Gene
16262,8344,gene,0.0,True,Gene
16263,83440,gene,0.0,True,Gene
16264,83442,gene,0.0,True,Gene
16265,83443,gene,0.0,True,Gene
16266,83444,gene,0.0,True,Gene
16267,83445,gene,0.0,True,Gene
16268,83446,gene,0.0,True,Gene
16269,83447,gene,0.0,True,Gene
16270,83448,gene,0.0,True,Gene
16271,83449,gene,0.0,True,Gene
16272,8345,gene,0.0,True,Gene
16273,83450,gene,0.0,True,Gene
16274,83451,gene,0.0,True,Gene
16275,83452,gene,0.0,True,Gene
16276,8346,gene,0.0,True,Gene
16277,83460,gene,0.0,True,Gene
16278,83461,gene,0.0,True,Gene
16279,83463,gene,0.0,True,Gene
16280,83464,gene,0.0,True,Gene
16281,83468,gene,0.0,True,Gene
16282,8347,gene,0.0,True,Gene
16283,83473,gene,0.0,True,Gene
16284,83475,gene,0.0,True,Gene
16285,83478,gene,0.0,True,Gene
16286,83479,gene,0.0,True,Gene
16287,8348,gene,0.0,True,Gene
16288,83480,gene,0.0,True,Gene
16289,83481,gene,0.0,True,Gene
16290,83482,gene,0.0,True,Gene
16291,83483,gene,0.0,True,Gene
16292,8349,gene,0.0,True,Gene
16293,835,gene,0.0,True,Gene
16294,8350,gene,0.0,True,Gene
16295,8352,gene,0.0,True,Gene
16296,8353,gene,0.0,True,Gene
16297,83538,gene,0.0,True,Gene
16298,83539,gene,0.0,True,Gene
16299,8354,gene,0.0,True,Gene
16300,83540,gene,0.0,True,Gene
16301,83541,gene,0.0,True,Gene
16302,83543,gene,0.0,True,Gene
16303,83544,gene,0.0,True,Gene
16304,83546,gene,0.0,True,Gene
16305,83547,gene,0.0,True,Gene
16306,83548,gene,0.0,True,Gene
16307,83549,gene,0.0,True,Gene
16308,8355,gene,0.0,True,Gene
16309,83550,gene,0.0,True,Gene
16310,83551,gene,0.0,True,Gene
16311,83552,gene,0.0,True,Gene
16312,8356,gene,0.0,True,Gene
16313,8357,gene,0.0,True,Gene
16314,8358,gene,0.0,True,Gene
16315,8359,gene,0.0,True,Gene
16316,83590,gene,0.0,True,Gene
16317,83591,gene,0.0,True,Gene
16318,83592,gene,0.0,True,Gene
16319,83593,gene,0.0,True,Gene
16320,83594,gene,0.0,True,Gene
16321,83595,gene,0.0,True,Gene
16322,83596,gene,0.0,True,Gene
16323,83597,gene,0.0,True,Gene
16324,836,gene,0.0,True,Gene
16325,8360,gene,0.0,True,Gene
16326,83604,gene,0.0,True,Gene
16327,83605,gene,0.0,True,Gene
16328,83606,gene,0.0,True,Gene
16329,83607,gene,0.0,True,Gene
16330,83608,gene,0.0,True,Gene
16331,8361,gene,0.0,True,Gene
16332,8362,gene,0.0,True,Gene
16333,8363,gene,0.0,True,Gene
16334,83636,gene,0.0,True,Gene
16335,83637,gene,0.0,True,Gene
16336,83638,gene,0.0,True,Gene
16337,83639,gene,0.0,True,Gene
16338,8364,gene,0.0,True,Gene
16339,83640,gene,0.0,True,Gene
16340,83641,gene,0.0,True,Gene
16341,83642,gene,0.0,True,Gene
16342,83643,gene,0.0,True,Gene
16343,83648,gene,0.0,True,Gene
16344,8365,gene,0.0,True,Gene
16345,83650,gene,0.0,True,Gene
16346,83657,gene,0.0,True,Gene
16347,83658,gene,0.0,True,Gene
16348,83659,gene,0.0,True,Gene
16349,8366,gene,0.0,True,Gene
16350,83660,gene,0.0,True,Gene
16351,83661,gene,0.0,True,Gene
16352,83666,gene,0.0,True,Gene
16353,83667,gene,0.0,True,Gene
16354,8367,gene,0.0,True,Gene
16355,8368,gene,0.0,True,Gene
16356,8369,gene,0.0,True,Gene
16357,83690,gene,0.0,True,Gene
16358,83692,gene,0.0,True,Gene
16359,83693,gene,0.0,True,Gene
16360,83694,gene,0.0,True,Gene
16361,83695,gene,0.0,True,Gene
16362,83696,gene,0.0,True,Gene
16363,83697,gene,0.0,True,Gene
16364,83698,gene,0.0,True,Gene
16365,83699,gene,0.0,True,Gene
16366,837,gene,0.0,True,Gene
16367,8370,gene,0.0,True,Gene
16368,83700,gene,0.0,True,Gene
16369,83706,gene,0.0,True,Gene
16370,83707,gene,0.0,True,Gene
16371,83714,gene,0.0,True,Gene
16372,83715,gene,0.0,True,Gene
16373,83716,gene,0.0,True,Gene
16374,83719,gene,0.0,True,Gene
16375,8372,gene,0.0,True,Gene
16376,83723,gene,0.0,True,Gene
16377,83729,gene,0.0,True,Gene
16378,83732,gene,0.0,True,Gene
16379,83733,gene,0.0,True,Gene
16380,83734,gene,0.0,True,Gene
16381,83737,gene,0.0,True,Gene
16382,83740,gene,0.0,True,Gene
16383,83741,gene,0.0,True,Gene
16384,83742,gene,0.0,True,Gene
16385,83743,gene,0.0,True,Gene
16386,83744,gene,0.0,True,Gene
16387,83746,gene,0.0,True,Gene
16388,83752,gene,0.0,True,Gene
16389,83755,gene,0.0,True,Gene
16390,83756,gene,0.0,True,Gene
16391,83758,gene,0.0,True,Gene
16392,83759,gene,0.0,True,Gene
16393,83786,gene,0.0,True,Gene
16394,83787,gene,0.0,True,Gene
16395,8379,gene,0.0,True,Gene
16396,83795,gene,0.0,True,Gene
16397,838,gene,0.0,True,Gene
16398,8382,gene,0.0,True,Gene
16399,83844,gene,0.0,True,Gene
16400,83849,gene,0.0,True,Gene
16401,83850,gene,0.0,True,Gene
16402,83851,gene,0.0,True,Gene
16403,83852,gene,0.0,True,Gene
16404,83853,gene,0.0,True,Gene
16405,83854,gene,0.0,True,Gene
16406,83855,gene,0.0,True,Gene
16407,83856,gene,0.0,True,Gene
16408,83857,gene,0.0,True,Gene
16409,83858,gene,0.0,True,Gene
16410,83860,gene,0.0,True,Gene
16411,83861,gene,0.0,True,Gene
16412,83862,gene,0.0,True,Gene
16413,83871,gene,0.0,True,Gene
16414,83872,gene,0.0,True,Gene
16415,83873,gene,0.0,True,Gene
16416,83874,gene,0.0,True,Gene
16417,83875,gene,0.0,True,Gene
16418,83876,gene,0.0,True,Gene
16419,83877,gene,0.0,True,Gene
16420,83878,gene,0.0,True,Gene
16421,83879,gene,0.0,True,Gene
16422,83881,gene,0.0,True,Gene
16423,83882,gene,0.0,True,Gene
16424,83884,gene,0.0,True,Gene
16425,83886,gene,0.0,True,Gene
16426,83887,gene,0.0,True,Gene
16427,83888,gene,0.0,True,Gene
16428,83889,gene,0.0,True,Gene
16429,83890,gene,0.0,True,Gene
16430,83891,gene,0.0,True,Gene
16431,83892,gene,0.0,True,Gene
16432,83893,gene,0.0,True,Gene
16433,83894,gene,0.0,True,Gene
16434,83895,gene,0.0,True,Gene
16435,83896,gene,0.0,True,Gene
16436,83897,gene,0.0,True,Gene
16437,83899,gene,0.0,True,Gene
16438,839,gene,0.0,True,Gene
16439,83900,gene,0.0,True,Gene
16440,83901,gene,0.0,True,Gene
16441,83902,gene,0.0,True,Gene
16442,83903,gene,0.0,True,Gene
16443,83930,gene,0.0,True,Gene
16444,83931,gene,0.0,True,Gene
16445,83932,gene,0.0,True,Gene
16446,83933,gene,0.0,True,Gene
16447,83937,gene,0.0,True,Gene
16448,83938,gene,0.0,True,Gene
16449,83939,gene,0.0,True,Gene
16450,8394,gene,0.0,True,Gene
16451,83940,gene,0.0,True,Gene
16452,83941,gene,0.0,True,Gene
16453,83942,gene,0.0,True,Gene
16454,83943,gene,0.0,True,Gene
16455,8395,gene,0.0,True,Gene
16456,83953,gene,0.0,True,Gene
16457,83959,gene,0.0,True,Gene
16458,8396,gene,0.0,True,Gene
16459,8398,gene,0.0,True,Gene
16460,83982,gene,0.0,True,Gene
16461,83983,gene,0.0,True,Gene
16462,83985,gene,0.0,True,Gene
16463,83986,gene,0.0,True,Gene
16464,83987,gene,0.0,True,Gene
16465,83988,gene,0.0,True,Gene
16466,83989,gene,0.0,True,Gene
16467,8399,gene,0.0,True,Gene
16468,83990,gene,0.0,True,Gene
16469,83992,gene,0.0,True,Gene
16470,83998,gene,0.0,True,Gene
16471,83999,gene,0.0,True,Gene
16472,840,gene,0.0,True,Gene
16473,84000,gene,0.0,True,Gene
16474,84002,gene,0.0,True,Gene
16475,8402,gene,0.0,True,Gene
16476,8403,gene,0.0,True,Gene
16477,84033,gene,0.0,True,Gene
16478,84034,gene,0.0,True,Gene
16479,8404,gene,0.0,True,Gene
16480,8405,gene,0.0,True,Gene
16481,84056,gene,0.0,True,Gene
16482,84057,gene,0.0,True,Gene
16483,84058,gene,0.0,True,Gene
16484,84059,gene,0.0,True,Gene
16485,8406,gene,0.0,True,Gene
16486,84060,gene,0.0,True,Gene
16487,84061,gene,0.0,True,Gene
16488,84062,gene,0.0,True,Gene
16489,84063,gene,0.0,True,Gene
16490,84064,gene,0.0,True,Gene
16491,84065,gene,0.0,True,Gene
16492,84066,gene,0.0,True,Gene
16493,84067,gene,0.0,True,Gene
16494,84068,gene,0.0,True,Gene
16495,84069,gene,0.0,True,Gene
16496,8407,gene,0.0,True,Gene
16497,84070,gene,0.0,True,Gene
16498,84071,gene,0.0,True,Gene
16499,84072,gene,0.0,True,Gene
16500,84073,gene,0.0,True,Gene
16501,84074,gene,0.0,True,Gene
16502,84076,gene,0.0,True,Gene
16503,84077,gene,0.0,True,Gene
16504,84078,gene,0.0,True,Gene
16505,84079,gene,0.0,True,Gene
16506,8408,gene,0.0,True,Gene
16507,84080,gene,0.0,True,Gene
16508,84081,gene,0.0,True,Gene
16509,84083,gene,0.0,True,Gene
16510,84084,gene,0.0,True,Gene
16511,84085,gene,0.0,True,Gene
16512,8409,gene,0.0,True,Gene
16513,841,gene,0.0,True,Gene
16514,84100,gene,0.0,True,Gene
16515,84101,gene,0.0,True,Gene
16516,84102,gene,0.0,True,Gene
16517,84103,gene,0.0,True,Gene
16518,84105,gene,0.0,True,Gene
16519,84106,gene,0.0,True,Gene
16520,84107,gene,0.0,True,Gene
16521,84108,gene,0.0,True,Gene
16522,84109,gene,0.0,True,Gene
16523,8411,gene,0.0,True,Gene
16524,8412,gene,0.0,True,Gene
16525,84124,gene,0.0,True,Gene
16526,84125,gene,0.0,True,Gene
16527,84126,gene,0.0,True,Gene
16528,84128,gene,0.0,True,Gene
16529,84129,gene,0.0,True,Gene
16530,84131,gene,0.0,True,Gene
16531,84132,gene,0.0,True,Gene
16532,84133,gene,0.0,True,Gene
16533,84134,gene,0.0,True,Gene
16534,84135,gene,0.0,True,Gene
16535,84138,gene,0.0,True,Gene
16536,84140,gene,0.0,True,Gene
16537,84141,gene,0.0,True,Gene
16538,84142,gene,0.0,True,Gene
16539,84144,gene,0.0,True,Gene
16540,84146,gene,0.0,True,Gene
16541,84148,gene,0.0,True,Gene
16542,84152,gene,0.0,True,Gene
16543,84153,gene,0.0,True,Gene
16544,84154,gene,0.0,True,Gene
16545,84159,gene,0.0,True,Gene
16546,8416,gene,0.0,True,Gene
16547,84162,gene,0.0,True,Gene
16548,84163,gene,0.0,True,Gene
16549,84164,gene,0.0,True,Gene
16550,84166,gene,0.0,True,Gene
16551,84167,gene,0.0,True,Gene
16552,84168,gene,0.0,True,Gene
16553,8417,gene,0.0,True,Gene
16554,84171,gene,0.0,True,Gene
16555,84172,gene,0.0,True,Gene
16556,84173,gene,0.0,True,Gene
16557,84174,gene,0.0,True,Gene
16558,84176,gene,0.0,True,Gene
16559,84179,gene,0.0,True,Gene
16560,84181,gene,0.0,True,Gene
16561,84182,gene,0.0,True,Gene
16562,84186,gene,0.0,True,Gene
16563,84187,gene,0.0,True,Gene
16564,84188,gene,0.0,True,Gene
16565,84189,gene,0.0,True,Gene
16566,8419,gene,0.0,True,Gene
16567,84190,gene,0.0,True,Gene
16568,84191,gene,0.0,True,Gene
16569,84193,gene,0.0,True,Gene
16570,84196,gene,0.0,True,Gene
16571,84197,gene,0.0,True,Gene
16572,842,gene,0.0,True,Gene
16573,84203,gene,0.0,True,Gene
16574,84206,gene,0.0,True,Gene
16575,84210,gene,0.0,True,Gene
16576,84215,gene,0.0,True,Gene
16577,84216,gene,0.0,True,Gene
16578,84217,gene,0.0,True,Gene
16579,84218,gene,0.0,True,Gene
16580,84219,gene,0.0,True,Gene
16581,84220,gene,0.0,True,Gene
16582,84221,gene,0.0,True,Gene
16583,84223,gene,0.0,True,Gene
16584,84224,gene,0.0,True,Gene
16585,84225,gene,0.0,True,Gene
16586,84226,gene,0.0,True,Gene
16587,84229,gene,0.0,True,Gene
16588,84230,gene,0.0,True,Gene
16589,84231,gene,0.0,True,Gene
16590,84232,gene,0.0,True,Gene
16591,84233,gene,0.0,True,Gene
16592,84236,gene,0.0,True,Gene
16593,84239,gene,0.0,True,Gene
16594,8424,gene,0.0,True,Gene
16595,84240,gene,0.0,True,Gene
16596,84243,gene,0.0,True,Gene
16597,84245,gene,0.0,True,Gene
16598,84246,gene,0.0,True,Gene
16599,84247,gene,0.0,True,Gene
16600,84248,gene,0.0,True,Gene
16601,84249,gene,0.0,True,Gene
16602,8425,gene,0.0,True,Gene
16603,84250,gene,0.0,True,Gene
16604,84251,gene,0.0,True,Gene
16605,84253,gene,0.0,True,Gene
16606,84254,gene,0.0,True,Gene
16607,84255,gene,0.0,True,Gene
16608,84256,gene,0.0,True,Gene
16609,84258,gene,0.0,True,Gene
16610,84259,gene,0.0,True,Gene
16611,84260,gene,0.0,True,Gene
16612,84261,gene,0.0,True,Gene
16613,84262,gene,0.0,True,Gene
16614,84263,gene,0.0,True,Gene
16615,84264,gene,0.0,True,Gene
16616,84265,gene,0.0,True,Gene
16617,84266,gene,0.0,True,Gene
16618,84267,gene,0.0,True,Gene
16619,84268,gene,0.0,True,Gene
16620,84269,gene,0.0,True,Gene
16621,8427,gene,0.0,True,Gene
16622,84270,gene,0.0,True,Gene
16623,84271,gene,0.0,True,Gene
16624,84272,gene,0.0,True,Gene
16625,84273,gene,0.0,True,Gene
16626,84274,gene,0.0,True,Gene
16627,84275,gene,0.0,True,Gene
16628,84276,gene,0.0,True,Gene
16629,84277,gene,0.0,True,Gene
16630,84279,gene,0.0,True,Gene
16631,8428,gene,0.0,True,Gene
16632,84280,gene,0.0,True,Gene
16633,84281,gene,0.0,True,Gene
16634,84282,gene,0.0,True,Gene
16635,84283,gene,0.0,True,Gene
16636,84284,gene,0.0,True,Gene
16637,84285,gene,0.0,True,Gene
16638,84286,gene,0.0,True,Gene
16639,84287,gene,0.0,True,Gene
16640,84288,gene,0.0,True,Gene
16641,84289,gene,0.0,True,Gene
16642,84290,gene,0.0,True,Gene
16643,84292,gene,0.0,True,Gene
16644,84293,gene,0.0,True,Gene
16645,84294,gene,0.0,True,Gene
16646,84295,gene,0.0,True,Gene
16647,84296,gene,0.0,True,Gene
16648,84298,gene,0.0,True,Gene
16649,84299,gene,0.0,True,Gene
16650,843,gene,0.0,True,Gene
16651,84300,gene,0.0,True,Gene
16652,84301,gene,0.0,True,Gene
16653,84302,gene,0.0,True,Gene
16654,84303,gene,0.0,True,Gene
16655,84304,gene,0.0,True,Gene
16656,84305,gene,0.0,True,Gene
16657,84306,gene,0.0,True,Gene
16658,84307,gene,0.0,True,Gene
16659,84309,gene,0.0,True,Gene
16660,8431,gene,0.0,True,Gene
16661,84310,gene,0.0,True,Gene
16662,84311,gene,0.0,True,Gene
16663,84312,gene,0.0,True,Gene
16664,84313,gene,0.0,True,Gene
16665,84314,gene,0.0,True,Gene
16666,84315,gene,0.0,True,Gene
16667,84316,gene,0.0,True,Gene
16668,84317,gene,0.0,True,Gene
16669,84318,gene,0.0,True,Gene
16670,84319,gene,0.0,True,Gene
16671,84320,gene,0.0,True,Gene
16672,84321,gene,0.0,True,Gene
16673,84324,gene,0.0,True,Gene
16674,84326,gene,0.0,True,Gene
16675,84327,gene,0.0,True,Gene
16676,84328,gene,0.0,True,Gene
16677,84329,gene,0.0,True,Gene
16678,8433,gene,0.0,True,Gene
16679,84330,gene,0.0,True,Gene
16680,84331,gene,0.0,True,Gene
16681,84332,gene,0.0,True,Gene
16682,84333,gene,0.0,True,Gene
16683,84334,gene,0.0,True,Gene
16684,84335,gene,0.0,True,Gene
16685,84336,gene,0.0,True,Gene
16686,84337,gene,0.0,True,Gene
16687,8434,gene,0.0,True,Gene
16688,84340,gene,0.0,True,Gene
16689,84342,gene,0.0,True,Gene
16690,84343,gene,0.0,True,Gene
16691,8435,gene,0.0,True,Gene
16692,8436,gene,0.0,True,Gene
16693,84364,gene,0.0,True,Gene
16694,84365,gene,0.0,True,Gene
16695,84366,gene,0.0,True,Gene
16696,8437,gene,0.0,True,Gene
16697,84376,gene,0.0,True,Gene
16698,8438,gene,0.0,True,Gene
16699,8439,gene,0.0,True,Gene
16700,844,gene,0.0,True,Gene
16701,8440,gene,0.0,True,Gene
16702,84417,gene,0.0,True,Gene
16703,84418,gene,0.0,True,Gene
16704,84419,gene,0.0,True,Gene
16705,8443,gene,0.0,True,Gene
16706,84432,gene,0.0,True,Gene
16707,84433,gene,0.0,True,Gene
16708,84435,gene,0.0,True,Gene
16709,84436,gene,0.0,True,Gene
16710,84437,gene,0.0,True,Gene
16711,84439,gene,0.0,True,Gene
16712,8444,gene,0.0,True,Gene
16713,84440,gene,0.0,True,Gene
16714,84441,gene,0.0,True,Gene
16715,84443,gene,0.0,True,Gene
16716,84444,gene,0.0,True,Gene
16717,84445,gene,0.0,True,Gene
16718,84446,gene,0.0,True,Gene
16719,84447,gene,0.0,True,Gene
16720,84448,gene,0.0,True,Gene
16721,84449,gene,0.0,True,Gene
16722,8445,gene,0.0,True,Gene
16723,84450,gene,0.0,True,Gene
16724,84451,gene,0.0,True,Gene
16725,84455,gene,0.0,True,Gene
16726,84456,gene,0.0,True,Gene
16727,84457,gene,0.0,True,Gene
16728,84458,gene,0.0,True,Gene
16729,8446,gene,0.0,True,Gene
16730,84460,gene,0.0,True,Gene
16731,84461,gene,0.0,True,Gene
16732,84464,gene,0.0,True,Gene
16733,84465,gene,0.0,True,Gene
16734,84466,gene,0.0,True,Gene
16735,84467,gene,0.0,True,Gene
16736,8447,gene,0.0,True,Gene
16737,8448,gene,0.0,True,Gene
16738,8449,gene,0.0,True,Gene
16739,84498,gene,0.0,True,Gene
16740,845,gene,0.0,True,Gene
16741,8450,gene,0.0,True,Gene
16742,84501,gene,0.0,True,Gene
16743,84502,gene,0.0,True,Gene
16744,84503,gene,0.0,True,Gene
16745,84504,gene,0.0,True,Gene
16746,8451,gene,0.0,True,Gene
16747,84513,gene,0.0,True,Gene
16748,84514,gene,0.0,True,Gene
16749,84515,gene,0.0,True,Gene
16750,84516,gene,0.0,True,Gene
16751,84517,gene,0.0,True,Gene
16752,84518,gene,0.0,True,Gene
16753,84519,gene,0.0,True,Gene
16754,8452,gene,0.0,True,Gene
16755,84520,gene,0.0,True,Gene
16756,84522,gene,0.0,True,Gene
16757,84524,gene,0.0,True,Gene
16758,84525,gene,0.0,True,Gene
16759,84527,gene,0.0,True,Gene
16760,84528,gene,0.0,True,Gene
16761,84529,gene,0.0,True,Gene
16762,8453,gene,0.0,True,Gene
16763,84530,gene,0.0,True,Gene
16764,84532,gene,0.0,True,Gene
16765,84539,gene,0.0,True,Gene
16766,8454,gene,0.0,True,Gene
16767,84541,gene,0.0,True,Gene
16768,84542,gene,0.0,True,Gene
16769,84545,gene,0.0,True,Gene
16770,84547,gene,0.0,True,Gene
16771,84548,gene,0.0,True,Gene
16772,84549,gene,0.0,True,Gene
16773,8455,gene,0.0,True,Gene
16774,84552,gene,2.1335342,True,Gene
16775,84553,gene,0.0,True,Gene
16776,84557,gene,0.0,True,Gene
16777,8456,gene,0.0,True,Gene
16778,84560,gene,0.0,True,Gene
16779,84561,gene,0.0,True,Gene
16780,84569,gene,0.0,True,Gene
16781,84570,gene,0.0,True,Gene
16782,84572,gene,0.0,True,Gene
16783,8458,gene,0.0,True,Gene
16784,8459,gene,0.0,True,Gene
16785,846,gene,0.0,True,Gene
16786,8460,gene,0.0,True,Gene
16787,84612,gene,0.0,True,Gene
16788,84614,gene,0.0,True,Gene
16789,84616,gene,0.0,True,Gene
16790,84617,gene,0.0,True,Gene
16791,84618,gene,0.0,True,Gene
16792,84619,gene,0.0,True,Gene
16793,8462,gene,0.0,True,Gene
16794,84620,gene,0.0,True,Gene
16795,84622,gene,0.0,True,Gene
16796,84623,gene,0.0,True,Gene
16797,84624,gene,0.0,True,Gene
16798,84626,gene,0.0,True,Gene
16799,84627,gene,0.0,True,Gene
16800,84628,gene,0.0,True,Gene
16801,84629,gene,0.0,True,Gene
16802,8463,gene,0.0,True,Gene
16803,84630,gene,0.0,True,Gene
16804,84631,gene,0.0,True,Gene
16805,84632,gene,0.0,True,Gene
16806,84634,gene,0.0,True,Gene
16807,84636,gene,0.0,True,Gene
16808,84639,gene,0.0,True,Gene
16809,8464,gene,0.0,True,Gene
16810,84640,gene,0.0,True,Gene
16811,84641,gene,0.0,True,Gene
16812,84643,gene,0.0,True,Gene
16813,84645,gene,0.0,True,Gene
16814,84647,gene,0.0,True,Gene
16815,84649,gene,0.0,True,Gene
16816,84650,gene,0.0,True,Gene
16817,84651,gene,0.0,True,Gene
16818,84654,gene,0.0,True,Gene
16819,84656,gene,0.0,True,Gene
16820,84658,gene,0.0,True,Gene
16821,84659,gene,0.0,True,Gene
16822,84660,gene,0.0,True,Gene
16823,84661,gene,0.0,True,Gene
16824,84662,gene,0.0,True,Gene
16825,84665,gene,1.119063,True,Gene
16826,84666,gene,0.0,True,Gene
16827,84667,gene,0.0,True,Gene
16828,84668,gene,0.0,True,Gene
16829,84669,gene,0.0,True,Gene
16830,8467,gene,0.0,True,Gene
16831,84671,gene,0.0,True,Gene
16832,84674,gene,0.0,True,Gene
16833,84675,gene,0.0,True,Gene
16834,84676,gene,0.0,True,Gene
16835,84678,gene,0.0,True,Gene
16836,84679,gene,0.0,True,Gene
16837,8468,gene,0.0,True,Gene
16838,84680,gene,0.0,True,Gene
16839,84681,gene,0.0,True,Gene
16840,84684,gene,0.0,True,Gene
16841,84687,gene,0.0,True,Gene
16842,84688,gene,0.0,True,Gene
16843,84689,gene,0.0,True,Gene
16844,84690,gene,0.0,True,Gene
16845,84691,gene,0.0,True,Gene
16846,84692,gene,0.0,True,Gene
16847,84693,gene,0.0,True,Gene
16848,84694,gene,0.0,True,Gene
16849,84695,gene,0.0,True,Gene
16850,84696,gene,0.0,True,Gene
16851,84698,gene,0.0,True,Gene
16852,84699,gene,0.0,True,Gene
16853,847,gene,0.0,True,Gene
16854,8470,gene,0.0,True,Gene
16855,84700,gene,0.0,True,Gene
16856,84701,gene,0.0,True,Gene
16857,84705,gene,0.0,True,Gene
16858,84706,gene,0.0,True,Gene
16859,84707,gene,0.0,True,Gene
16860,84708,gene,0.0,True,Gene
16861,84709,gene,0.0,True,Gene
16862,8471,gene,0.0,True,Gene
16863,84717,gene,0.0,True,Gene
16864,84720,gene,0.0,True,Gene
16865,84722,gene,0.0,True,Gene
16866,84725,gene,0.0,True,Gene
16867,84726,gene,0.0,True,Gene
16868,84727,gene,0.0,True,Gene
16869,8473,gene,0.0,True,Gene
16870,84733,gene,0.0,True,Gene
16871,84734,gene,0.0,True,Gene
16872,84735,gene,0.0,True,Gene
16873,84747,gene,0.0,True,Gene
16874,84749,gene,0.0,True,Gene
16875,84750,gene,0.0,True,Gene
16876,84752,gene,0.0,True,Gene
16877,84759,gene,0.0,True,Gene
16878,8476,gene,0.0,True,Gene
16879,84765,gene,0.0,True,Gene
16880,84766,gene,0.0,True,Gene
16881,84769,gene,0.0,True,Gene
16882,8477,gene,0.0,True,Gene
16883,84773,gene,0.0,True,Gene
16884,84775,gene,0.0,True,Gene
16885,84779,gene,0.0,True,Gene
16886,84787,gene,0.0,True,Gene
16887,8479,gene,0.0,True,Gene
16888,84790,gene,0.0,True,Gene
16889,84792,gene,0.0,True,Gene
16890,84795,gene,0.0,True,Gene
16891,8480,gene,0.0,True,Gene
16892,84803,gene,0.0,True,Gene
16893,84804,gene,0.0,True,Gene
16894,84807,gene,0.0,True,Gene
16895,84808,gene,0.0,True,Gene
16896,8481,gene,0.0,True,Gene
16897,84811,gene,0.0,True,Gene
16898,84812,gene,0.0,True,Gene
16899,84814,gene,0.0,True,Gene
16900,84816,gene,0.0,True,Gene
16901,84817,gene,0.0,True,Gene
16902,84818,gene,0.0,True,Gene
16903,8482,gene,0.0,True,Gene
16904,84823,gene,0.0,True,Gene
16905,84824,gene,0.0,True,Gene
16906,84826,gene,0.0,True,Gene
16907,8483,gene,0.0,True,Gene
16908,84830,gene,0.0,True,Gene
16909,84833,gene,0.0,True,Gene
16910,84836,gene,0.0,True,Gene
16911,84838,gene,0.0,True,Gene
16912,84839,gene,0.0,True,Gene
16913,8484,gene,0.0,True,Gene
16914,84842,gene,0.0,True,Gene
16915,84844,gene,0.0,True,Gene
16916,84851,gene,0.0,True,Gene
16917,84858,gene,0.0,True,Gene
16918,84859,gene,0.0,True,Gene
16919,84861,gene,0.0,True,Gene
16920,84864,gene,0.0,True,Gene
16921,84865,gene,0.0,True,Gene
16922,84866,gene,0.0,True,Gene
16923,84867,gene,0.0,True,Gene
16924,84868,gene,0.0,True,Gene
16925,84869,gene,0.0,True,Gene
16926,8487,gene,0.0,True,Gene
16927,84870,gene,0.0,True,Gene
16928,84871,gene,0.0,True,Gene
16929,84872,gene,0.0,True,Gene
16930,84873,gene,0.0,True,Gene
16931,84874,gene,0.0,True,Gene
16932,84875,gene,0.0,True,Gene
16933,84876,gene,0.0,True,Gene
16934,84878,gene,0.0,True,Gene
16935,84879,gene,0.0,True,Gene
16936,84881,gene,0.0,True,Gene
16937,84883,gene,0.0,True,Gene
16938,84885,gene,0.0,True,Gene
16939,84886,gene,0.0,True,Gene
16940,84888,gene,0.0,True,Gene
16941,84889,gene,0.0,True,Gene
16942,84890,gene,0.0,True,Gene
16943,84891,gene,0.0,True,Gene
16944,84892,gene,0.0,True,Gene
16945,84893,gene,0.0,True,Gene
16946,84894,gene,0.0,True,Gene
16947,84895,gene,0.0,True,Gene
16948,84896,gene,0.0,True,Gene
16949,84897,gene,0.0,True,Gene
16950,84898,gene,0.0,True,Gene
16951,84899,gene,0.0,True,Gene
16952,8490,gene,0.0,True,Gene
16953,84900,gene,0.0,True,Gene
16954,84901,gene,0.0,True,Gene
16955,84902,gene,0.0,True,Gene
16956,84904,gene,0.0,True,Gene
16957,84905,gene,0.0,True,Gene
16958,84908,gene,0.0,True,Gene
16959,84909,gene,0.0,True,Gene
16960,8491,gene,0.0,True,Gene
16961,84910,gene,0.0,True,Gene
16962,84911,gene,0.0,True,Gene
16963,84912,gene,0.0,True,Gene
16964,84913,gene,0.0,True,Gene
16965,84914,gene,0.0,True,Gene
16966,84915,gene,0.0,True,Gene
16967,84916,gene,0.0,True,Gene
16968,84918,gene,0.0,True,Gene
16969,84919,gene,0.0,True,Gene
16970,8492,gene,0.0,True,Gene
16971,84920,gene,0.0,True,Gene
16972,84922,gene,0.0,True,Gene
16973,84923,gene,0.0,True,Gene
16974,84924,gene,0.0,True,Gene
16975,84925,gene,0.0,True,Gene
16976,84926,gene,0.0,True,Gene
16977,84928,gene,0.0,True,Gene
16978,84929,gene,0.0,True,Gene
16979,8493,gene,0.0,True,Gene
16980,84930,gene,0.0,True,Gene
16981,84932,gene,0.0,True,Gene
16982,84933,gene,0.0,True,Gene
16983,84934,gene,0.0,True,Gene
16984,84935,gene,0.0,True,Gene
16985,84936,gene,0.0,True,Gene
16986,84937,gene,0.0,True,Gene
16987,84938,gene,0.0,True,Gene
16988,84939,gene,0.0,True,Gene
16989,84940,gene,0.0,True,Gene
16990,84941,gene,0.0,True,Gene
16991,84942,gene,0.0,True,Gene
16992,84944,gene,0.0,True,Gene
16993,84945,gene,0.0,True,Gene
16994,84946,gene,0.0,True,Gene
16995,84947,gene,0.0,True,Gene
16996,84948,gene,0.0,True,Gene
16997,8495,gene,0.0,True,Gene
16998,84950,gene,0.0,True,Gene
16999,84951,gene,0.0,True,Gene
17000,84952,gene,0.0,True,Gene
17001,84954,gene,0.0,True,Gene
17002,84955,gene,0.0,True,Gene
17003,84957,gene,0.0,True,Gene
17004,84958,gene,0.0,True,Gene
17005,84959,gene,0.0,True,Gene
17006,8496,gene,0.0,True,Gene
17007,84960,gene,0.0,True,Gene
17008,84961,gene,0.0,True,Gene
17009,84962,gene,0.0,True,Gene
17010,84964,gene,0.0,True,Gene
17011,84966,gene,0.0,True,Gene
17012,84967,gene,0.0,True,Gene
17013,84968,gene,0.0,True,Gene
17014,84969,gene,0.0,True,Gene
17015,8497,gene,0.0,True,Gene
17016,84970,gene,0.0,True,Gene
17017,84971,gene,0.0,True,Gene
17018,84975,gene,0.0,True,Gene
17019,84976,gene,0.0,True,Gene
17020,84978,gene,0.0,True,Gene
17021,8498,gene,0.0,True,Gene
17022,84984,gene,0.0,True,Gene
17023,84985,gene,0.0,True,Gene
17024,84986,gene,0.0,True,Gene
17025,84987,gene,0.0,True,Gene
17026,84988,gene,0.0,True,Gene
17027,8499,gene,0.0,True,Gene
17028,84991,gene,0.0,True,Gene
17029,84992,gene,0.0,True,Gene
17030,84993,gene,0.0,True,Gene
17031,8500,gene,0.0,True,Gene
17032,85002,gene,0.0,True,Gene
17033,85004,gene,0.0,True,Gene
17034,85007,gene,0.0,True,Gene
17035,8501,gene,0.0,True,Gene
17036,85012,gene,0.0,True,Gene
17037,85013,gene,0.0,True,Gene
17038,85014,gene,0.0,True,Gene
17039,85015,gene,0.0,True,Gene
17040,85016,gene,0.0,True,Gene
17041,85019,gene,0.0,True,Gene
17042,8502,gene,0.0,True,Gene
17043,85021,gene,0.0,True,Gene
17044,85025,gene,0.0,True,Gene
17045,85027,gene,0.0,True,Gene
17046,8503,gene,0.0,True,Gene
17047,8504,gene,0.0,True,Gene
17048,8505,gene,0.0,True,Gene
17049,8506,gene,0.0,True,Gene
17050,8507,gene,0.0,True,Gene
17051,8508,gene,0.0,True,Gene
17052,8509,gene,0.0,True,Gene
17053,8510,gene,0.0,True,Gene
17054,8513,gene,0.0,True,Gene
17055,8514,gene,0.0,True,Gene
17056,8515,gene,0.0,True,Gene
17057,8516,gene,0.0,True,Gene
17058,8517,gene,0.0,True,Gene
17059,8518,gene,0.0,True,Gene
17060,8519,gene,0.0,True,Gene
17061,8520,gene,0.0,True,Gene
17062,8521,gene,0.0,True,Gene
17063,8522,gene,0.0,True,Gene
17064,85235,gene,0.0,True,Gene
17065,85236,gene,0.0,True,Gene
17066,8525,gene,0.0,True,Gene
17067,8526,gene,0.0,True,Gene
17068,8527,gene,0.0,True,Gene
17069,8528,gene,0.0,True,Gene
17070,85280,gene,0.0,True,Gene
17071,85285,gene,0.0,True,Gene
17072,85289,gene,0.0,True,Gene
17073,8529,gene,0.0,True,Gene
17074,85290,gene,0.0,True,Gene
17075,85291,gene,0.0,True,Gene
17076,85293,gene,0.0,True,Gene
17077,85294,gene,0.0,True,Gene
17078,8530,gene,0.0,True,Gene
17079,85300,gene,0.0,True,Gene
17080,85301,gene,0.0,True,Gene
17081,85302,gene,0.0,True,Gene
17082,8531,gene,0.0,True,Gene
17083,85313,gene,0.0,True,Gene
17084,85315,gene,0.0,True,Gene
17085,8532,gene,0.0,True,Gene
17086,85320,gene,0.0,True,Gene
17087,85329,gene,0.0,True,Gene
17088,8533,gene,0.0,True,Gene
17089,8534,gene,0.0,True,Gene
17090,8535,gene,0.0,True,Gene
17091,85352,gene,0.0,True,Gene
17092,85354,gene,0.0,True,Gene
17093,85358,gene,0.0,True,Gene
17094,85359,gene,0.0,True,Gene
17095,8536,gene,0.0,True,Gene
17096,85360,gene,0.0,True,Gene
17097,85363,gene,0.0,True,Gene
17098,85364,gene,0.0,True,Gene
17099,85365,gene,0.0,True,Gene
17100,85366,gene,0.0,True,Gene
17101,85369,gene,0.0,True,Gene
17102,8537,gene,0.0,True,Gene
17103,85376,gene,0.0,True,Gene
17104,85377,gene,0.0,True,Gene
17105,85378,gene,0.0,True,Gene
17106,85379,gene,0.0,True,Gene
17107,8538,gene,0.0,True,Gene
17108,8539,gene,0.0,True,Gene
17109,85395,gene,0.0,True,Gene
17110,85397,gene,0.0,True,Gene
17111,8540,gene,0.0,True,Gene
17112,85403,gene,0.0,True,Gene
17113,85406,gene,0.0,True,Gene
17114,85407,gene,0.0,True,Gene
17115,85409,gene,0.0,True,Gene
17116,8541,gene,0.0,True,Gene
17117,85413,gene,0.0,True,Gene
17118,85414,gene,0.0,True,Gene
17119,85415,gene,0.0,True,Gene
17120,85416,gene,0.0,True,Gene
17121,85417,gene,0.0,True,Gene
17122,8542,gene,0.0,True,Gene
17123,8543,gene,0.0,True,Gene
17124,85437,gene,0.0,True,Gene
17125,85438,gene,0.0,True,Gene
17126,85439,gene,0.0,True,Gene
17127,8544,gene,0.0,True,Gene
17128,85440,gene,0.0,True,Gene
17129,85441,gene,0.0,True,Gene
17130,85442,gene,0.0,True,Gene
17131,85443,gene,0.0,True,Gene
17132,85444,gene,0.0,True,Gene
17133,85445,gene,0.0,True,Gene
17134,85446,gene,0.0,True,Gene
17135,85449,gene,0.0,True,Gene
17136,8545,gene,0.0,True,Gene
17137,85450,gene,0.0,True,Gene
17138,85451,gene,0.0,True,Gene
17139,85452,gene,0.0,True,Gene
17140,85453,gene,0.0,True,Gene
17141,85455,gene,0.0,True,Gene
17142,85456,gene,0.0,True,Gene
17143,85457,gene,0.0,True,Gene
17144,85458,gene,0.0,True,Gene
17145,85459,gene,0.0,True,Gene
17146,8546,gene,0.0,True,Gene
17147,85460,gene,0.0,True,Gene
17148,85461,gene,0.0,True,Gene
17149,85462,gene,0.0,True,Gene
17150,85463,gene,0.0,True,Gene
17151,85464,gene,0.0,True,Gene
17152,85465,gene,0.0,True,Gene
17153,8547,gene,0.0,True,Gene
17154,85474,gene,0.0,True,Gene
17155,85476,gene,0.0,True,Gene
17156,85477,gene,0.0,True,Gene
17157,85478,gene,0.0,True,Gene
17158,85479,gene,0.0,True,Gene
17159,8548,gene,0.0,True,Gene
17160,85480,gene,0.0,True,Gene
17161,8549,gene,0.0,True,Gene
17162,8550,gene,0.0,True,Gene
17163,85508,gene,0.0,True,Gene
17164,8553,gene,0.0,True,Gene
17165,8554,gene,0.0,True,Gene
17166,8555,gene,0.0,True,Gene
17167,8556,gene,0.0,True,Gene
17168,85569,gene,0.0,True,Gene
17169,8557,gene,0.0,True,Gene
17170,8558,gene,0.0,True,Gene
17171,8559,gene,0.0,True,Gene
17172,8560,gene,0.0,True,Gene
17173,8562,gene,0.0,True,Gene
17174,8563,gene,0.0,True,Gene
17175,8564,gene,0.0,True,Gene
17176,8565,gene,0.0,True,Gene
17177,8566,gene,0.0,True,Gene
17178,8567,gene,0.0,True,Gene
17179,8568,gene,0.0,True,Gene
17180,8569,gene,0.0,True,Gene
17181,857,gene,0.0,True,Gene
17182,8570,gene,0.0,True,Gene
17183,8572,gene,0.0,True,Gene
17184,8573,gene,0.0,True,Gene
17185,8574,gene,0.0,True,Gene
17186,8575,gene,0.0,True,Gene
17187,8576,gene,0.0,True,Gene
17188,8577,gene,0.0,True,Gene
17189,8578,gene,0.0,True,Gene
17190,858,gene,0.0,True,Gene
17191,8581,gene,0.0,True,Gene
17192,85865,gene,0.0,True,Gene
17193,859,gene,0.0,True,Gene
17194,86,gene,0.0,True,Gene
17195,860,gene,0.0,True,Gene
17196,8600,gene,0.0,True,Gene
17197,8601,gene,0.0,True,Gene
17198,8602,gene,0.0,True,Gene
17199,8603,gene,0.0,True,Gene
17200,8604,gene,0.0,True,Gene
17201,8605,gene,0.0,True,Gene
17202,8607,gene,0.0,True,Gene
17203,8608,gene,0.0,True,Gene
17204,8609,gene,0.0,True,Gene
17205,861,gene,0.0,True,Gene
17206,8611,gene,0.0,True,Gene
17207,8612,gene,0.0,True,Gene
17208,8613,gene,0.0,True,Gene
17209,8614,gene,0.0,True,Gene
17210,8615,gene,0.0,True,Gene
17211,8618,gene,0.0,True,Gene
17212,862,gene,0.0,True,Gene
17213,8620,gene,0.0,True,Gene
17214,8621,gene,0.0,True,Gene
17215,8622,gene,0.0,True,Gene
17216,8623,gene,0.0,True,Gene
17217,8624,gene,0.0,True,Gene
17218,8625,gene,0.0,True,Gene
17219,8626,gene,0.0,True,Gene
17220,8629,gene,0.0,True,Gene
17221,863,gene,0.0,True,Gene
17222,8630,gene,0.0,True,Gene
17223,8631,gene,0.0,True,Gene
17224,8632,gene,0.0,True,Gene
17225,8633,gene,0.0,True,Gene
17226,8634,gene,0.0,True,Gene
17227,8635,gene,0.0,True,Gene
17228,8636,gene,0.0,True,Gene
17229,8637,gene,0.0,True,Gene
17230,8638,gene,0.0,True,Gene
17231,8639,gene,0.0,True,Gene
17232,864,gene,0.0,True,Gene
17233,8641,gene,0.0,True,Gene
17234,8642,gene,0.0,True,Gene
17235,8643,gene,0.0,True,Gene
17236,8644,gene,0.0,True,Gene
17237,8645,gene,0.0,True,Gene
17238,8646,gene,0.0,True,Gene
17239,8647,gene,0.0,True,Gene
17240,8648,gene,0.0,True,Gene
17241,8649,gene,0.0,True,Gene
17242,865,gene,0.0,True,Gene
17243,8650,gene,0.0,True,Gene
17244,8651,gene,0.0,True,Gene
17245,8653,gene,0.0,True,Gene
17246,8654,gene,0.0,True,Gene
17247,8655,gene,0.0,True,Gene
17248,8658,gene,0.0,True,Gene
17249,8659,gene,0.0,True,Gene
17250,866,gene,0.0,True,Gene
17251,8660,gene,0.0,True,Gene
17252,8661,gene,0.0,True,Gene
17253,86614,gene,0.0,True,Gene
17254,8662,gene,0.0,True,Gene
17255,8663,gene,0.0,True,Gene
17256,8664,gene,0.0,True,Gene
17257,8665,gene,0.0,True,Gene
17258,8666,gene,0.0,True,Gene
17259,8667,gene,0.0,True,Gene
17260,8668,gene,0.0,True,Gene
17261,8669,gene,0.0,True,Gene
17262,867,gene,0.0,True,Gene
17263,8671,gene,0.0,True,Gene
17264,8672,gene,0.0,True,Gene
17265,8673,gene,0.0,True,Gene
17266,8674,gene,0.0,True,Gene
17267,8675,gene,0.0,True,Gene
17268,8676,gene,0.0,True,Gene
17269,8677,gene,0.0,True,Gene
17270,8678,gene,0.0,True,Gene
17271,868,gene,0.0,True,Gene
17272,8681,gene,0.0,True,Gene
17273,8682,gene,0.0,True,Gene
17274,8683,gene,0.0,True,Gene
17275,8685,gene,0.0,True,Gene
17276,8687,gene,0.0,True,Gene
17277,8688,gene,0.0,True,Gene
17278,8689,gene,0.0,True,Gene
17279,869,gene,0.0,True,Gene
17280,8690,gene,0.0,True,Gene
17281,8692,gene,0.0,True,Gene
17282,8693,gene,0.0,True,Gene
17283,8694,gene,0.0,True,Gene
17284,8697,gene,0.0,True,Gene
17285,8698,gene,0.0,True,Gene
17286,87,gene,0.0,True,Gene
17287,8701,gene,0.0,True,Gene
17288,8702,gene,0.0,True,Gene
17289,8703,gene,0.0,True,Gene
17290,8704,gene,0.0,True,Gene
17291,8705,gene,0.0,True,Gene
17292,8706,gene,0.0,True,Gene
17293,8707,gene,0.0,True,Gene
17294,8708,gene,0.0,True,Gene
17295,871,gene,0.0,True,Gene
17296,8710,gene,0.0,True,Gene
17297,8711,gene,0.0,True,Gene
17298,8712,gene,0.0,True,Gene
17299,8714,gene,0.0,True,Gene
17300,8715,gene,0.0,True,Gene
17301,8717,gene,0.0,True,Gene
17302,87178,gene,0.0,True,Gene
17303,8718,gene,0.0,True,Gene
17304,8720,gene,0.0,True,Gene
17305,8721,gene,0.0,True,Gene
17306,8722,gene,0.0,True,Gene
17307,8723,gene,0.0,True,Gene
17308,8724,gene,0.0,True,Gene
17309,8725,gene,0.0,True,Gene
17310,8726,gene,0.0,True,Gene
17311,8727,gene,0.0,True,Gene
17312,8728,gene,0.0,True,Gene
17313,8729,gene,0.0,True,Gene
17314,873,gene,0.0,True,Gene
17315,8731,gene,0.0,True,Gene
17316,8732,gene,0.0,True,Gene
17317,8733,gene,0.0,True,Gene
17318,8735,gene,0.0,True,Gene
17319,8736,gene,0.0,True,Gene
17320,8737,gene,0.0,True,Gene
17321,8738,gene,0.0,True,Gene
17322,8739,gene,0.0,True,Gene
17323,874,gene,0.0,True,Gene
17324,8740,gene,0.0,True,Gene
17325,8741,gene,0.0,True,Gene
17326,8742,gene,0.0,True,Gene
17327,8743,gene,0.0,True,Gene
17328,8744,gene,0.0,True,Gene
17329,8745,gene,0.0,True,Gene
17330,8747,gene,0.0,True,Gene
17331,8748,gene,0.0,True,Gene
17332,8749,gene,0.0,True,Gene
17333,875,gene,0.0,True,Gene
17334,8751,gene,0.0,True,Gene
17335,8754,gene,0.0,True,Gene
17336,8756,gene,0.0,True,Gene
17337,8760,gene,0.0,True,Gene
17338,8761,gene,0.0,True,Gene
17339,8763,gene,0.0,True,Gene
17340,8764,gene,0.0,True,Gene
17341,8766,gene,0.0,True,Gene
17342,8767,gene,0.0,True,Gene
17343,8771,gene,0.0,True,Gene
17344,8772,gene,0.0,True,Gene
17345,8773,gene,0.0,True,Gene
17346,8774,gene,0.0,True,Gene
17347,8775,gene,0.0,True,Gene
17348,8776,gene,0.0,True,Gene
17349,87769,gene,0.0,True,Gene
17350,8777,gene,0.0,True,Gene
17351,8778,gene,0.0,True,Gene
17352,8780,gene,0.0,True,Gene
17353,8784,gene,0.0,True,Gene
17354,8785,gene,0.0,True,Gene
17355,8786,gene,0.0,True,Gene
17356,8787,gene,0.0,True,Gene
17357,8788,gene,0.0,True,Gene
17358,8789,gene,0.0,True,Gene
17359,8790,gene,0.0,True,Gene
17360,8792,gene,0.0,True,Gene
17361,8793,gene,0.0,True,Gene
17362,8794,gene,0.0,True,Gene
17363,8795,gene,0.0,True,Gene
17364,8796,gene,0.0,True,Gene
17365,8797,gene,0.0,True,Gene
17366,8798,gene,0.0,True,Gene
17367,8799,gene,0.0,True,Gene
17368,88,gene,0.0,True,Gene
17369,8800,gene,0.0,True,Gene
17370,8801,gene,0.0,True,Gene
17371,8802,gene,0.0,True,Gene
17372,8803,gene,0.0,True,Gene
17373,8804,gene,0.0,True,Gene
17374,8805,gene,0.0,True,Gene
17375,8807,gene,0.0,True,Gene
17376,8808,gene,0.0,True,Gene
17377,8809,gene,0.0,True,Gene
17378,881,gene,0.0,True,Gene
17379,8811,gene,0.0,True,Gene
17380,8812,gene,0.0,True,Gene
17381,8813,gene,0.0,True,Gene
17382,8814,gene,0.0,True,Gene
17383,8815,gene,0.0,True,Gene
17384,8816,gene,0.0,True,Gene
17385,8817,gene,0.0,True,Gene
17386,8818,gene,0.0,True,Gene
17387,8819,gene,0.0,True,Gene
17388,8820,gene,0.0,True,Gene
17389,8821,gene,0.0,True,Gene
17390,8822,gene,0.0,True,Gene
17391,8823,gene,0.0,True,Gene
17392,8824,gene,0.0,True,Gene
17393,8825,gene,0.0,True,Gene
17394,8826,gene,0.0,True,Gene
17395,8828,gene,0.0,True,Gene
17396,8829,gene,0.0,True,Gene
17397,883,gene,0.0,True,Gene
17398,8831,gene,0.0,True,Gene
17399,8832,gene,0.0,True,Gene
17400,8833,gene,0.0,True,Gene
17401,8834,gene,0.0,True,Gene
17402,8835,gene,0.0,True,Gene
17403,8836,gene,0.0,True,Gene
17404,8837,gene,0.0,True,Gene
17405,8838,gene,0.0,True,Gene
17406,8839,gene,0.0,True,Gene
17407,8840,gene,0.0,True,Gene
17408,8841,gene,0.0,True,Gene
17409,8842,gene,0.0,True,Gene
17410,8843,gene,0.0,True,Gene
17411,8844,gene,0.0,True,Gene
17412,88455,gene,0.0,True,Gene
17413,8846,gene,0.0,True,Gene
17414,8848,gene,0.0,True,Gene
17415,885,gene,0.0,True,Gene
17416,8850,gene,0.0,True,Gene
17417,8851,gene,0.0,True,Gene
17418,8853,gene,0.0,True,Gene
17419,8854,gene,0.0,True,Gene
17420,8856,gene,0.0,True,Gene
17421,8857,gene,0.0,True,Gene
17422,8858,gene,0.0,True,Gene
17423,8859,gene,0.0,True,Gene
17424,886,gene,0.0,True,Gene
17425,8861,gene,0.0,True,Gene
17426,8862,gene,0.0,True,Gene
17427,8863,gene,0.0,True,Gene
17428,8864,gene,0.0,True,Gene
17429,8867,gene,0.0,True,Gene
17430,8869,gene,0.0,True,Gene
17431,887,gene,0.0,True,Gene
17432,8870,gene,0.0,True,Gene
17433,8871,gene,0.0,True,Gene
17434,8872,gene,0.0,True,Gene
17435,8874,gene,0.0,True,Gene
17436,88745,gene,0.0,True,Gene
17437,8875,gene,0.0,True,Gene
17438,8876,gene,0.0,True,Gene
17439,8877,gene,0.0,True,Gene
17440,8878,gene,0.0,True,Gene
17441,8879,gene,0.0,True,Gene
17442,8880,gene,0.0,True,Gene
17443,8881,gene,0.0,True,Gene
17444,8882,gene,0.0,True,Gene
17445,8883,gene,0.0,True,Gene
17446,8884,gene,0.0,True,Gene
17447,8886,gene,0.0,True,Gene
17448,8887,gene,0.0,True,Gene
17449,8888,gene,0.0,True,Gene
17450,889,gene,0.0,True,Gene
17451,8890,gene,0.0,True,Gene
17452,8891,gene,0.0,True,Gene
17453,8892,gene,0.0,True,Gene
17454,8893,gene,0.0,True,Gene
17455,8894,gene,0.0,True,Gene
17456,8895,gene,0.0,True,Gene
17457,8896,gene,0.0,True,Gene
17458,8897,gene,0.0,True,Gene
17459,8898,gene,0.0,True,Gene
17460,8899,gene,0.0,True,Gene
17461,89,gene,0.0,True,Gene
17462,890,gene,0.0,True,Gene
17463,8900,gene,0.0,True,Gene
17464,8904,gene,0.0,True,Gene
17465,8905,gene,0.0,True,Gene
17466,8906,gene,0.0,True,Gene
17467,8907,gene,0.0,True,Gene
17468,8908,gene,0.0,True,Gene
17469,8909,gene,0.0,True,Gene
17470,891,gene,0.0,True,Gene
17471,8910,gene,0.0,True,Gene
17472,8911,gene,0.0,True,Gene
17473,8912,gene,0.0,True,Gene
17474,89122,gene,0.0,True,Gene
17475,8913,gene,0.0,True,Gene
17476,8914,gene,0.0,True,Gene
17477,8915,gene,0.0,True,Gene
17478,8916,gene,0.0,True,Gene
17479,892,gene,0.0,True,Gene
17480,8924,gene,0.0,True,Gene
17481,8925,gene,0.0,True,Gene
17482,8926,gene,0.0,True,Gene
17483,8927,gene,0.0,True,Gene
17484,8928,gene,0.0,True,Gene
17485,8929,gene,0.0,True,Gene
17486,8930,gene,0.0,True,Gene
17487,8932,gene,0.0,True,Gene
17488,8933,gene,0.0,True,Gene
17489,8934,gene,0.0,True,Gene
17490,8935,gene,0.0,True,Gene
17491,8936,gene,0.0,True,Gene
17492,8938,gene,0.0,True,Gene
17493,8939,gene,0.0,True,Gene
17494,894,gene,0.0,True,Gene
17495,8940,gene,0.0,True,Gene
17496,8941,gene,0.0,True,Gene
17497,8942,gene,0.0,True,Gene
17498,8943,gene,0.0,True,Gene
17499,8945,gene,0.0,True,Gene
17500,896,gene,0.0,True,Gene
17501,8968,gene,0.0,True,Gene
17502,8969,gene,0.0,True,Gene
17503,8970,gene,0.0,True,Gene
17504,8971,gene,0.0,True,Gene
17505,8972,gene,0.0,True,Gene
17506,8973,gene,0.0,True,Gene
17507,8974,gene,0.0,True,Gene
17508,8975,gene,0.0,True,Gene
17509,8976,gene,0.0,True,Gene
17510,89765,gene,0.0,True,Gene
17511,89766,gene,0.0,True,Gene
17512,89777,gene,0.0,True,Gene
17513,89778,gene,0.0,True,Gene
17514,89780,gene,0.0,True,Gene
17515,89781,gene,0.0,True,Gene
17516,89782,gene,0.0,True,Gene
17517,89790,gene,0.0,True,Gene
17518,89792,gene,0.0,True,Gene
17519,89795,gene,0.0,True,Gene
17520,89796,gene,0.0,True,Gene
17521,89797,gene,0.0,True,Gene
17522,898,gene,0.0,True,Gene
17523,89801,gene,0.0,True,Gene
17524,89822,gene,0.0,True,Gene
17525,89832,gene,0.0,True,Gene
17526,89839,gene,0.0,True,Gene
17527,89845,gene,0.0,True,Gene
17528,89846,gene,0.0,True,Gene
17529,89848,gene,0.0,True,Gene
17530,89849,gene,0.0,True,Gene
17531,8985,gene,0.0,True,Gene
17532,89853,gene,0.0,True,Gene
17533,89857,gene,0.0,True,Gene
17534,89858,gene,0.0,True,Gene
17535,8986,gene,0.0,True,Gene
17536,89866,gene,0.0,True,Gene
17537,89869,gene,0.0,True,Gene
17538,8987,gene,0.0,True,Gene
17539,89870,gene,0.0,True,Gene
17540,89872,gene,0.0,True,Gene
17541,89874,gene,0.0,True,Gene
17542,89876,gene,0.0,True,Gene
17543,8988,gene,0.0,True,Gene
17544,89884,gene,0.0,True,Gene
17545,89885,gene,0.0,True,Gene
17546,89886,gene,0.0,True,Gene
17547,89887,gene,0.0,True,Gene
17548,8989,gene,0.0,True,Gene
17549,89890,gene,0.0,True,Gene
17550,89891,gene,0.0,True,Gene
17551,89894,gene,0.0,True,Gene
17552,899,gene,0.0,True,Gene
17553,8991,gene,0.0,True,Gene
17554,89910,gene,0.0,True,Gene
17555,8992,gene,0.0,True,Gene
17556,89927,gene,0.0,True,Gene
17557,8993,gene,0.0,True,Gene
17558,89932,gene,0.0,True,Gene
17559,8994,gene,0.0,True,Gene
17560,89941,gene,0.0,True,Gene
17561,89944,gene,0.0,True,Gene
17562,8995,gene,0.0,True,Gene
17563,89953,gene,0.0,True,Gene
17564,89958,gene,0.0,True,Gene
17565,8996,gene,0.0,True,Gene
17566,8997,gene,0.0,True,Gene
17567,89970,gene,0.0,True,Gene
17568,89978,gene,0.0,True,Gene
17569,8999,gene,0.0,True,Gene
17570,9,gene,0.0,True,Gene
17571,90,gene,0.0,True,Gene
17572,900,gene,0.0,True,Gene
17573,90007,gene,0.0,True,Gene
17574,9001,gene,0.0,True,Gene
17575,90019,gene,0.0,True,Gene
17576,9002,gene,0.0,True,Gene
17577,90025,gene,0.0,True,Gene
17578,90050,gene,0.0,True,Gene
17579,90060,gene,0.0,True,Gene
17580,90070,gene,0.0,True,Gene
17581,90075,gene,0.0,True,Gene
17582,901,gene,0.0,True,Gene
17583,90102,gene,0.0,True,Gene
17584,90113,gene,0.0,True,Gene
17585,90120,gene,0.0,True,Gene
17586,90121,gene,0.0,True,Gene
17587,9013,gene,0.0,True,Gene
17588,90134,gene,0.0,True,Gene
17589,90135,gene,0.0,True,Gene
17590,90139,gene,0.0,True,Gene
17591,9014,gene,0.0,True,Gene
17592,90141,gene,0.0,True,Gene
17593,9015,gene,0.0,True,Gene
17594,9016,gene,0.0,True,Gene
17595,90161,gene,0.0,True,Gene
17596,90167,gene,0.0,True,Gene
17597,90187,gene,0.0,True,Gene
17598,9019,gene,0.0,True,Gene
17599,90196,gene,0.0,True,Gene
17600,90199,gene,0.0,True,Gene
17601,902,gene,0.0,True,Gene
17602,9020,gene,0.0,True,Gene
17603,90203,gene,0.0,True,Gene
17604,90204,gene,0.0,True,Gene
17605,9021,gene,0.0,True,Gene
17606,9022,gene,0.0,True,Gene
17607,90226,gene,0.0,True,Gene
17608,9023,gene,0.0,True,Gene
17609,90231,gene,0.0,True,Gene
17610,90233,gene,0.0,True,Gene
17611,9024,gene,0.0,True,Gene
17612,90249,gene,0.0,True,Gene
17613,9025,gene,0.0,True,Gene
17614,9026,gene,0.0,True,Gene
17615,90268,gene,0.0,True,Gene
17616,9027,gene,0.0,True,Gene
17617,90273,gene,0.0,True,Gene
17618,9028,gene,0.0,True,Gene
17619,90288,gene,0.0,True,Gene
17620,90293,gene,0.0,True,Gene
17621,9031,gene,0.0,True,Gene
17622,90313,gene,0.0,True,Gene
17623,90317,gene,0.0,True,Gene
17624,9032,gene,0.0,True,Gene
17625,90321,gene,0.0,True,Gene
17626,90324,gene,0.0,True,Gene
17627,90326,gene,0.0,True,Gene
17628,9033,gene,0.0,True,Gene
17629,90332,gene,0.0,True,Gene
17630,90333,gene,0.0,True,Gene
17631,90338,gene,0.0,True,Gene
17632,9034,gene,0.0,True,Gene
17633,90342,gene,0.0,True,Gene
17634,90353,gene,0.0,True,Gene
17635,90355,gene,0.0,True,Gene
17636,90362,gene,0.0,True,Gene
17637,9037,gene,0.0,True,Gene
17638,90378,gene,0.0,True,Gene
17639,90379,gene,0.0,True,Gene
17640,9038,gene,0.0,True,Gene
17641,90381,gene,0.0,True,Gene
17642,9039,gene,0.0,True,Gene
17643,90390,gene,0.0,True,Gene
17644,904,gene,0.0,True,Gene
17645,9040,gene,0.0,True,Gene
17646,90407,gene,0.0,True,Gene
17647,90410,gene,0.0,True,Gene
17648,90411,gene,0.0,True,Gene
17649,90416,gene,0.0,True,Gene
17650,90417,gene,0.0,True,Gene
17651,90423,gene,0.0,True,Gene
17652,90427,gene,0.0,True,Gene
17653,9043,gene,0.0,True,Gene
17654,9044,gene,0.0,True,Gene
17655,90441,gene,0.0,True,Gene
17656,9045,gene,0.0,True,Gene
17657,90459,gene,0.0,True,Gene
17658,9046,gene,0.0,True,Gene
17659,9047,gene,0.0,True,Gene
17660,9048,gene,0.0,True,Gene
17661,90480,gene,0.0,True,Gene
17662,90485,gene,0.0,True,Gene
17663,90488,gene,0.0,True,Gene
17664,9049,gene,0.0,True,Gene
17665,905,gene,0.0,True,Gene
17666,9050,gene,0.0,True,Gene
17667,90506,gene,0.0,True,Gene
17668,90507,gene,0.0,True,Gene
17669,9051,gene,0.0,True,Gene
17670,9052,gene,0.0,True,Gene
17671,90522,gene,0.0,True,Gene
17672,90523,gene,0.0,True,Gene
17673,90525,gene,0.0,True,Gene
17674,90527,gene,0.0,True,Gene
17675,90529,gene,0.0,True,Gene
17676,9053,gene,0.0,True,Gene
17677,9054,gene,0.0,True,Gene
17678,9055,gene,0.0,True,Gene
17679,90550,gene,0.0,True,Gene
17680,90557,gene,0.0,True,Gene
17681,9056,gene,0.0,True,Gene
17682,9057,gene,0.0,True,Gene
17683,90576,gene,0.0,True,Gene
17684,9058,gene,0.0,True,Gene
17685,90580,gene,0.0,True,Gene
17686,90589,gene,0.0,True,Gene
17687,90592,gene,0.0,True,Gene
17688,90594,gene,0.0,True,Gene
17689,9060,gene,0.0,True,Gene
17690,9061,gene,0.0,True,Gene
17691,90624,gene,0.0,True,Gene
17692,90625,gene,0.0,True,Gene
17693,90627,gene,0.0,True,Gene
17694,9063,gene,0.0,True,Gene
17695,90634,gene,0.0,True,Gene
17696,90637,gene,0.0,True,Gene
17697,90639,gene,0.0,True,Gene
17698,9064,gene,0.0,True,Gene
17699,90649,gene,0.0,True,Gene
17700,90655,gene,0.0,True,Gene
17701,9066,gene,0.0,True,Gene
17702,90665,gene,0.0,True,Gene
17703,90668,gene,0.0,True,Gene
17704,90673,gene,0.0,True,Gene
17705,90678,gene,0.0,True,Gene
17706,9068,gene,0.0,True,Gene
17707,9069,gene,0.0,True,Gene
17708,90693,gene,0.0,True,Gene
17709,9070,gene,0.0,True,Gene
17710,90701,gene,0.0,True,Gene
17711,9071,gene,0.0,True,Gene
17712,9073,gene,0.0,True,Gene
17713,90736,gene,0.0,True,Gene
17714,90737,gene,0.0,True,Gene
17715,9074,gene,0.0,True,Gene
17716,9075,gene,0.0,True,Gene
17717,9076,gene,0.0,True,Gene
17718,9077,gene,0.0,True,Gene
17719,90780,gene,0.0,True,Gene
17720,9079,gene,0.0,True,Gene
17721,90799,gene,0.0,True,Gene
17722,908,gene,0.0,True,Gene
17723,9080,gene,0.0,True,Gene
17724,90806,gene,0.0,True,Gene
17725,90809,gene,0.0,True,Gene
17726,90826,gene,0.0,True,Gene
17727,9083,gene,0.0,True,Gene
17728,90835,gene,0.0,True,Gene
17729,9084,gene,0.0,True,Gene
17730,90843,gene,0.0,True,Gene
17731,9085,gene,0.0,True,Gene
17732,90850,gene,0.0,True,Gene
17733,90853,gene,0.0,True,Gene
17734,9086,gene,0.0,True,Gene
17735,90861,gene,0.0,True,Gene
17736,90864,gene,0.0,True,Gene
17737,90865,gene,0.0,True,Gene
17738,9087,gene,0.0,True,Gene
17739,90871,gene,0.0,True,Gene
17740,90874,gene,0.0,True,Gene
17741,9088,gene,0.0,True,Gene
17742,909,gene,0.0,True,Gene
17743,9091,gene,0.0,True,Gene
17744,9092,gene,0.0,True,Gene
17745,9093,gene,0.0,True,Gene
17746,90933,gene,0.0,True,Gene
17747,9094,gene,0.0,True,Gene
17748,9095,gene,0.0,True,Gene
17749,90952,gene,0.0,True,Gene
17750,90956,gene,0.0,True,Gene
17751,90957,gene,0.0,True,Gene
17752,9096,gene,0.0,True,Gene
17753,9097,gene,0.0,True,Gene
17754,9098,gene,0.0,True,Gene
17755,90987,gene,0.0,True,Gene
17756,9099,gene,0.0,True,Gene
17757,90990,gene,0.0,True,Gene
17758,90993,gene,0.0,True,Gene
17759,91,gene,0.0,True,Gene
17760,910,gene,0.0,True,Gene
17761,9100,gene,0.0,True,Gene
17762,9101,gene,0.0,True,Gene
17763,91010,gene,0.0,True,Gene
17764,91012,gene,0.0,True,Gene
17765,91039,gene,0.0,True,Gene
17766,9104,gene,0.0,True,Gene
17767,91050,gene,0.0,True,Gene
17768,91056,gene,0.0,True,Gene
17769,91057,gene,0.0,True,Gene
17770,9107,gene,0.0,True,Gene
17771,91074,gene,0.0,True,Gene
17772,9108,gene,0.0,True,Gene
17773,911,gene,0.0,True,Gene
17774,9110,gene,0.0,True,Gene
17775,91107,gene,0.0,True,Gene
17776,9111,gene,0.0,True,Gene
17777,9112,gene,0.0,True,Gene
17778,91120,gene,0.0,True,Gene
17779,9113,gene,0.0,True,Gene
17780,91133,gene,0.0,True,Gene
17781,91137,gene,0.0,True,Gene
17782,9114,gene,0.0,True,Gene
17783,91147,gene,0.0,True,Gene
17784,91151,gene,0.0,True,Gene
17785,91156,gene,0.0,True,Gene
17786,9117,gene,0.0,True,Gene
17787,91179,gene,0.0,True,Gene
17788,9118,gene,0.0,True,Gene
17789,91181,gene,0.0,True,Gene
17790,9119,gene,0.0,True,Gene
17791,912,gene,0.0,True,Gene
17792,9120,gene,0.0,True,Gene
17793,9121,gene,0.0,True,Gene
17794,9122,gene,0.0,True,Gene
17795,91227,gene,0.0,True,Gene
17796,9123,gene,0.0,True,Gene
17797,9124,gene,0.0,True,Gene
17798,9125,gene,0.0,True,Gene
17799,91252,gene,0.0,True,Gene
17800,9126,gene,0.0,True,Gene
17801,9127,gene,0.0,True,Gene
17802,91272,gene,0.0,True,Gene
17803,9128,gene,0.0,True,Gene
17804,91283,gene,0.0,True,Gene
17805,91289,gene,0.0,True,Gene
17806,9129,gene,0.0,True,Gene
17807,91298,gene,0.0,True,Gene
17808,913,gene,0.0,True,Gene
17809,9130,gene,0.0,True,Gene
17810,91300,gene,0.0,True,Gene
17811,91304,gene,0.0,True,Gene
17812,9131,gene,0.0,True,Gene
17813,91319,gene,0.0,True,Gene
17814,9132,gene,0.0,True,Gene
17815,9133,gene,0.0,True,Gene
17816,9134,gene,0.0,True,Gene
17817,9135,gene,0.0,True,Gene
17818,91351,gene,0.0,True,Gene
17819,9136,gene,0.0,True,Gene
17820,91368,gene,0.0,True,Gene
17821,91369,gene,0.0,True,Gene
17822,91373,gene,0.0,True,Gene
17823,9138,gene,0.0,True,Gene
17824,9139,gene,0.0,True,Gene
17825,91392,gene,0.0,True,Gene
17826,914,gene,0.0,True,Gene
17827,9140,gene,0.0,True,Gene
17828,91404,gene,0.0,True,Gene
17829,91408,gene,0.0,True,Gene
17830,91409,gene,0.0,True,Gene
17831,9141,gene,0.0,True,Gene
17832,91419,gene,0.0,True,Gene
17833,9143,gene,0.0,True,Gene
17834,91433,gene,0.0,True,Gene
17835,9144,gene,0.0,True,Gene
17836,91442,gene,0.0,True,Gene
17837,91445,gene,0.0,True,Gene
17838,9145,gene,0.0,True,Gene
17839,91452,gene,0.0,True,Gene
17840,9146,gene,0.0,True,Gene
17841,91461,gene,0.0,True,Gene
17842,91464,gene,0.0,True,Gene
17843,9147,gene,0.0,True,Gene
17844,9148,gene,0.0,True,Gene
17845,9149,gene,0.0,True,Gene
17846,915,gene,0.0,True,Gene
17847,9150,gene,0.0,True,Gene
17848,9152,gene,0.0,True,Gene
17849,91522,gene,0.0,True,Gene
17850,91523,gene,0.0,True,Gene
17851,91526,gene,0.0,True,Gene
17852,9153,gene,0.0,True,Gene
17853,9154,gene,0.0,True,Gene
17854,91543,gene,0.0,True,Gene
17855,91544,gene,0.0,True,Gene
17856,9156,gene,0.0,True,Gene
17857,91574,gene,0.0,True,Gene
17858,9158,gene,0.0,True,Gene
17859,91582,gene,0.0,True,Gene
17860,91584,gene,0.0,True,Gene
17861,9159,gene,0.0,True,Gene
17862,916,gene,0.0,True,Gene
17863,91603,gene,0.0,True,Gene
17864,91607,gene,0.0,True,Gene
17865,91608,gene,0.0,True,Gene
17866,91612,gene,0.0,True,Gene
17867,91614,gene,0.0,True,Gene
17868,9162,gene,0.0,True,Gene
17869,91624,gene,0.0,True,Gene
17870,91646,gene,0.0,True,Gene
17871,91647,gene,0.0,True,Gene
17872,91653,gene,0.0,True,Gene
17873,9166,gene,0.0,True,Gene
17874,91661,gene,0.0,True,Gene
17875,91662,gene,0.0,True,Gene
17876,91663,gene,0.0,True,Gene
17877,91664,gene,0.0,True,Gene
17878,9167,gene,0.0,True,Gene
17879,9168,gene,0.0,True,Gene
17880,91683,gene,0.0,True,Gene
17881,91687,gene,0.0,True,Gene
17882,91689,gene,0.0,True,Gene
17883,9169,gene,0.0,True,Gene
17884,91694,gene,0.0,True,Gene
17885,917,gene,0.0,True,Gene
17886,9170,gene,0.0,True,Gene
17887,91703,gene,0.0,True,Gene
17888,9172,gene,0.0,True,Gene
17889,9173,gene,0.0,True,Gene
17890,91734,gene,0.0,True,Gene
17891,91746,gene,0.0,True,Gene
17892,91748,gene,0.0,True,Gene
17893,91749,gene,0.0,True,Gene
17894,9175,gene,0.0,True,Gene
17895,91750,gene,0.0,True,Gene
17896,91752,gene,0.0,True,Gene
17897,91754,gene,0.0,True,Gene
17898,91768,gene,0.0,True,Gene
17899,9177,gene,0.0,True,Gene
17900,91775,gene,0.0,True,Gene
17901,91782,gene,0.0,True,Gene
17902,9179,gene,0.0,True,Gene
17903,9180,gene,0.0,True,Gene
17904,91801,gene,0.0,True,Gene
17905,91807,gene,0.0,True,Gene
17906,9181,gene,0.0,True,Gene
17907,9182,gene,0.0,True,Gene
17908,91828,gene,0.0,True,Gene
17909,9183,gene,0.0,True,Gene
17910,91833,gene,0.0,True,Gene
17911,9184,gene,0.0,True,Gene
17912,9185,gene,0.0,True,Gene
17913,91851,gene,0.0,True,Gene
17914,91860,gene,0.0,True,Gene
17915,91862,gene,0.0,True,Gene
17916,91869,gene,0.0,True,Gene
17917,9187,gene,0.0,True,Gene
17918,91875,gene,0.0,True,Gene
17919,9188,gene,0.0,True,Gene
17920,9189,gene,0.0,True,Gene
17921,91893,gene,0.0,True,Gene
17922,91894,gene,0.0,True,Gene
17923,919,gene,0.0,True,Gene
17924,9191,gene,0.0,True,Gene
17925,91937,gene,0.0,True,Gene
17926,9194,gene,0.0,True,Gene
17927,91942,gene,0.0,True,Gene
17928,91947,gene,0.0,True,Gene
17929,91949,gene,0.0,True,Gene
17930,9196,gene,0.0,True,Gene
17931,91966,gene,0.0,True,Gene
17932,9197,gene,0.0,True,Gene
17933,91975,gene,0.0,True,Gene
17934,91977,gene,0.0,True,Gene
17935,91978,gene,0.0,True,Gene
17936,92,gene,0.0,True,Gene
17937,920,gene,0.0,True,Gene
17938,9200,gene,0.0,True,Gene
17939,92002,gene,0.0,True,Gene
17940,9201,gene,0.0,True,Gene
17941,92014,gene,0.0,True,Gene
17942,92017,gene,0.0,True,Gene
17943,9202,gene,0.0,True,Gene
17944,9203,gene,0.0,True,Gene
17945,9204,gene,0.0,True,Gene
17946,9205,gene,0.0,True,Gene
17947,9208,gene,0.0,True,Gene
17948,92086,gene,0.0,True,Gene
17949,9209,gene,0.0,True,Gene
17950,92092,gene,0.0,True,Gene
17951,921,gene,0.0,True,Gene
17952,9210,gene,0.0,True,Gene
17953,92104,gene,0.0,True,Gene
17954,92105,gene,0.0,True,Gene
17955,92106,gene,0.0,True,Gene
17956,9211,gene,0.0,True,Gene
17957,9212,gene,0.0,True,Gene
17958,92126,gene,0.0,True,Gene
17959,92129,gene,0.0,True,Gene
17960,9213,gene,0.0,True,Gene
17961,9214,gene,0.0,True,Gene
17962,92140,gene,0.0,True,Gene
17963,9215,gene,0.0,True,Gene
17964,92154,gene,0.0,True,Gene
17965,92162,gene,0.0,True,Gene
17966,9217,gene,0.0,True,Gene
17967,92170,gene,0.0,True,Gene
17968,9218,gene,0.0,True,Gene
17969,92181,gene,0.0,True,Gene
17970,9219,gene,0.0,True,Gene
17971,92196,gene,0.0,True,Gene
17972,922,gene,0.0,True,Gene
17973,9221,gene,0.0,True,Gene
17974,92211,gene,0.0,True,Gene
17975,9223,gene,0.0,True,Gene
17976,92235,gene,0.0,True,Gene
17977,92241,gene,0.0,True,Gene
17978,92255,gene,0.0,True,Gene
17979,92259,gene,0.0,True,Gene
17980,9227,gene,0.0,True,Gene
17981,9228,gene,0.0,True,Gene
17982,92283,gene,0.0,True,Gene
17983,92285,gene,0.0,True,Gene
17984,9229,gene,0.0,True,Gene
17985,92291,gene,0.0,True,Gene
17986,92292,gene,0.0,True,Gene
17987,92293,gene,0.0,True,Gene
17988,923,gene,0.0,True,Gene
17989,9230,gene,0.0,True,Gene
17990,92304,gene,0.0,True,Gene
17991,92305,gene,0.0,True,Gene
17992,9231,gene,0.0,True,Gene
17993,92312,gene,0.0,True,Gene
17994,9232,gene,0.0,True,Gene
17995,92335,gene,0.0,True,Gene
17996,92340,gene,0.0,True,Gene
17997,92342,gene,0.0,True,Gene
17998,92344,gene,0.0,True,Gene
17999,92345,gene,0.0,True,Gene
18000,92346,gene,0.0,True,Gene
18001,9235,gene,0.0,True,Gene
18002,92359,gene,0.0,True,Gene
18003,9236,gene,0.0,True,Gene
18004,92369,gene,0.0,True,Gene
18005,92370,gene,0.0,True,Gene
18006,9238,gene,0.0,True,Gene
18007,92399,gene,0.0,True,Gene
18008,924,gene,0.0,True,Gene
18009,9240,gene,0.0,True,Gene
18010,92400,gene,0.0,True,Gene
18011,9241,gene,0.0,True,Gene
18012,9242,gene,0.0,True,Gene
18013,92421,gene,0.0,True,Gene
18014,9244,gene,0.0,True,Gene
18015,9245,gene,0.0,True,Gene
18016,9246,gene,0.0,True,Gene
18017,9247,gene,0.0,True,Gene
18018,9248,gene,0.0,True,Gene
18019,92482,gene,0.0,True,Gene
18020,92483,gene,0.0,True,Gene
18021,9249,gene,0.0,True,Gene
18022,925,gene,0.0,True,Gene
18023,9252,gene,0.0,True,Gene
18024,92521,gene,0.0,True,Gene
18025,9253,gene,0.0,True,Gene
18026,9254,gene,0.0,True,Gene
18027,9255,gene,0.0,True,Gene
18028,92552,gene,0.0,True,Gene
18029,92558,gene,0.0,True,Gene
18030,9256,gene,0.0,True,Gene
18031,92565,gene,0.0,True,Gene
18032,92579,gene,0.0,True,Gene
18033,9258,gene,0.0,True,Gene
18034,92591,gene,0.0,True,Gene
18035,92595,gene,0.0,True,Gene
18036,92597,gene,0.0,True,Gene
18037,926,gene,0.0,True,Gene
18038,9260,gene,0.0,True,Gene
18039,92609,gene,0.0,True,Gene
18040,9261,gene,0.0,True,Gene
18041,92610,gene,0.0,True,Gene
18042,9262,gene,0.0,True,Gene
18043,9263,gene,0.0,True,Gene
18044,9265,gene,0.0,True,Gene
18045,9266,gene,0.0,True,Gene
18046,92667,gene,0.0,True,Gene
18047,9267,gene,0.0,True,Gene
18048,92675,gene,0.0,True,Gene
18049,92689,gene,0.0,True,Gene
18050,92691,gene,0.0,True,Gene
18051,927,gene,0.0,True,Gene
18052,9270,gene,0.0,True,Gene
18053,92703,gene,0.0,True,Gene
18054,9271,gene,0.0,True,Gene
18055,92714,gene,0.0,True,Gene
18056,92715,gene,0.0,True,Gene
18057,92736,gene,0.0,True,Gene
18058,92737,gene,0.0,True,Gene
18059,9274,gene,0.0,True,Gene
18060,92745,gene,0.0,True,Gene
18061,92747,gene,0.0,True,Gene
18062,92749,gene,0.0,True,Gene
18063,9275,gene,0.0,True,Gene
18064,9276,gene,0.0,True,Gene
18065,9277,gene,0.0,True,Gene
18066,9278,gene,0.0,True,Gene
18067,92797,gene,0.0,True,Gene
18068,92799,gene,0.0,True,Gene
18069,928,gene,0.0,True,Gene
18070,92815,gene,0.0,True,Gene
18071,9282,gene,0.0,True,Gene
18072,92822,gene,0.0,True,Gene
18073,9283,gene,0.0,True,Gene
18074,9284,gene,0.0,True,Gene
18075,92840,gene,0.0,True,Gene
18076,92856,gene,0.0,True,Gene
18077,9287,gene,0.0,True,Gene
18078,9289,gene,0.0,True,Gene
18079,929,gene,0.0,True,Gene
18080,9290,gene,0.0,True,Gene
18081,92906,gene,0.0,True,Gene
18082,92912,gene,0.0,True,Gene
18083,92922,gene,0.0,True,Gene
18084,9293,gene,0.0,True,Gene
18085,92935,gene,0.0,True,Gene
18086,9294,gene,0.0,True,Gene
18087,92949,gene,0.0,True,Gene
18088,9295,gene,0.0,True,Gene
18089,9296,gene,0.0,True,Gene
18090,92960,gene,0.0,True,Gene
18091,92979,gene,0.0,True,Gene
18092,92999,gene,0.0,True,Gene
18093,93,gene,0.0,True,Gene
18094,930,gene,0.0,True,Gene
18095,93010,gene,0.0,True,Gene
18096,93034,gene,0.0,True,Gene
18097,93035,gene,0.0,True,Gene
18098,93058,gene,0.0,True,Gene
18099,9306,gene,0.0,True,Gene
18100,9308,gene,0.0,True,Gene
18101,93081,gene,0.0,True,Gene
18102,93082,gene,0.0,True,Gene
18103,93099,gene,0.0,True,Gene
18104,931,gene,0.0,True,Gene
18105,9310,gene,0.0,True,Gene
18106,93100,gene,0.0,True,Gene
18107,93107,gene,0.0,True,Gene
18108,93109,gene,0.0,True,Gene
18109,9311,gene,0.0,True,Gene
18110,9312,gene,0.0,True,Gene
18111,93129,gene,0.0,True,Gene
18112,9313,gene,0.0,True,Gene
18113,93134,gene,0.0,True,Gene
18114,9314,gene,0.0,True,Gene
18115,93145,gene,0.0,True,Gene
18116,9315,gene,0.0,True,Gene
18117,93166,gene,0.0,True,Gene
18118,9317,gene,0.0,True,Gene
18119,9318,gene,0.0,True,Gene
18120,93183,gene,0.0,True,Gene
18121,93185,gene,0.0,True,Gene
18122,9319,gene,0.0,True,Gene
18123,93190,gene,0.0,True,Gene
18124,932,gene,0.0,True,Gene
18125,9320,gene,0.0,True,Gene
18126,9321,gene,0.0,True,Gene
18127,93210,gene,0.0,True,Gene
18128,9322,gene,0.0,True,Gene
18129,93233,gene,0.0,True,Gene
18130,9324,gene,0.0,True,Gene
18131,9325,gene,0.0,True,Gene
18132,9326,gene,0.0,True,Gene
18133,93273,gene,0.0,True,Gene
18134,9328,gene,0.0,True,Gene
18135,9329,gene,0.0,True,Gene
18136,933,gene,0.0,True,Gene
18137,9330,gene,0.0,True,Gene
18138,9331,gene,0.0,True,Gene
18139,9332,gene,0.0,True,Gene
18140,93323,gene,0.0,True,Gene
18141,9333,gene,0.0,True,Gene
18142,9334,gene,0.0,True,Gene
18143,93343,gene,0.0,True,Gene
18144,93349,gene,0.0,True,Gene
18145,9337,gene,0.0,True,Gene
18146,9338,gene,0.0,True,Gene
18147,93380,gene,0.0,True,Gene
18148,9340,gene,0.0,True,Gene
18149,93408,gene,0.0,True,Gene
18150,9341,gene,0.0,True,Gene
18151,9342,gene,0.0,True,Gene
18152,93426,gene,0.0,True,Gene
18153,9343,gene,0.0,True,Gene
18154,93432,gene,0.0,True,Gene
18155,93436,gene,0.0,True,Gene
18156,9344,gene,0.0,True,Gene
18157,93474,gene,0.0,True,Gene
18158,9348,gene,0.0,True,Gene
18159,93487,gene,0.0,True,Gene
18160,9349,gene,0.0,True,Gene
18161,93492,gene,0.0,True,Gene
18162,9350,gene,0.0,True,Gene
18163,9351,gene,0.0,True,Gene
18164,93517,gene,0.0,True,Gene
18165,9352,gene,0.0,True,Gene
18166,9353,gene,0.0,True,Gene
18167,9354,gene,0.0,True,Gene
18168,9355,gene,0.0,True,Gene
18169,93550,gene,0.0,True,Gene
18170,9358,gene,0.0,True,Gene
18171,93587,gene,0.0,True,Gene
18172,93589,gene,0.0,True,Gene
18173,93594,gene,0.0,True,Gene
18174,9360,gene,0.0,True,Gene
18175,9361,gene,0.0,True,Gene
18176,93611,gene,0.0,True,Gene
18177,9362,gene,0.0,True,Gene
18178,93621,gene,0.0,True,Gene
18179,93622,gene,0.0,True,Gene
18180,93624,gene,0.0,True,Gene
18181,93627,gene,0.0,True,Gene
18182,9363,gene,0.0,True,Gene
18183,9364,gene,0.0,True,Gene
18184,93643,gene,0.0,True,Gene
18185,93649,gene,0.0,True,Gene
18186,9365,gene,0.0,True,Gene
18187,93650,gene,0.0,True,Gene
18188,93659,gene,0.0,True,Gene
18189,93661,gene,0.0,True,Gene
18190,93663,gene,0.0,True,Gene
18191,93664,gene,0.0,True,Gene
18192,9367,gene,0.0,True,Gene
18193,9368,gene,0.0,True,Gene
18194,9369,gene,0.0,True,Gene
18195,9370,gene,0.0,True,Gene
18196,9371,gene,0.0,True,Gene
18197,9372,gene,0.0,True,Gene
18198,9373,gene,0.0,True,Gene
18199,9374,gene,0.0,True,Gene
18200,9375,gene,0.0,True,Gene
18201,9376,gene,0.0,True,Gene
18202,9377,gene,0.0,True,Gene
18203,9378,gene,0.0,True,Gene
18204,9379,gene,0.0,True,Gene
18205,9380,gene,0.0,True,Gene
18206,9381,gene,0.0,True,Gene
18207,9382,gene,0.0,True,Gene
18208,9388,gene,0.0,True,Gene
18209,9389,gene,0.0,True,Gene
18210,939,gene,0.0,True,Gene
18211,9390,gene,0.0,True,Gene
18212,9391,gene,0.0,True,Gene
18213,9392,gene,0.0,True,Gene
18214,9394,gene,0.0,True,Gene
18215,93953,gene,0.0,True,Gene
18216,9397,gene,0.0,True,Gene
18217,93973,gene,0.0,True,Gene
18218,93974,gene,0.0,True,Gene
18219,93978,gene,0.0,True,Gene
18220,93979,gene,0.0,True,Gene
18221,9398,gene,0.0,True,Gene
18222,93986,gene,0.0,True,Gene
18223,9399,gene,0.0,True,Gene
18224,94,gene,0.0,True,Gene
18225,940,gene,0.0,True,Gene
18226,9400,gene,0.0,True,Gene
18227,94005,gene,0.0,True,Gene
18228,9401,gene,0.0,True,Gene
18229,94015,gene,0.0,True,Gene
18230,9402,gene,0.0,True,Gene
18231,94025,gene,0.0,True,Gene
18232,94026,gene,0.0,True,Gene
18233,94027,gene,0.0,True,Gene
18234,9403,gene,0.0,True,Gene
18235,94030,gene,0.0,True,Gene
18236,94031,gene,0.0,True,Gene
18237,94032,gene,0.0,True,Gene
18238,94033,gene,0.0,True,Gene
18239,94039,gene,0.0,True,Gene
18240,9404,gene,0.0,True,Gene
18241,94056,gene,0.0,True,Gene
18242,94059,gene,0.0,True,Gene
18243,9406,gene,0.0,True,Gene
18244,9407,gene,0.0,True,Gene
18245,94081,gene,0.0,True,Gene
18246,94086,gene,0.0,True,Gene
18247,9409,gene,0.0,True,Gene
18248,94097,gene,0.0,True,Gene
18249,941,gene,0.0,True,Gene
18250,9410,gene,0.0,True,Gene
18251,94101,gene,0.0,True,Gene
18252,94103,gene,0.0,True,Gene
18253,94104,gene,0.0,True,Gene
18254,94107,gene,0.0,True,Gene
18255,9411,gene,0.0,True,Gene
18256,94115,gene,0.0,True,Gene
18257,9412,gene,0.0,True,Gene
18258,94120,gene,0.0,True,Gene
18259,94121,gene,0.0,True,Gene
18260,94122,gene,0.0,True,Gene
18261,9413,gene,0.0,True,Gene
18262,94134,gene,0.0,True,Gene
18263,94137,gene,0.0,True,Gene
18264,9414,gene,0.0,True,Gene
18265,9415,gene,0.0,True,Gene
18266,9416,gene,0.0,True,Gene
18267,94160,gene,0.0,True,Gene
18268,9419,gene,0.0,True,Gene
18269,942,gene,0.0,True,Gene
18270,9420,gene,0.0,True,Gene
18271,9421,gene,0.0,True,Gene
18272,9422,gene,0.0,True,Gene
18273,9423,gene,0.0,True,Gene
18274,94233,gene,0.0,True,Gene
18275,94234,gene,0.0,True,Gene
18276,94235,gene,0.0,True,Gene
18277,94239,gene,0.0,True,Gene
18278,9424,gene,0.0,True,Gene
18279,94240,gene,0.0,True,Gene
18280,94241,gene,0.0,True,Gene
18281,9425,gene,0.0,True,Gene
18282,9426,gene,0.0,True,Gene
18283,9427,gene,0.0,True,Gene
18284,94274,gene,0.0,True,Gene
18285,9429,gene,0.0,True,Gene
18286,943,gene,0.0,True,Gene
18287,9435,gene,0.0,True,Gene
18288,9436,gene,0.0,True,Gene
18289,9437,gene,0.0,True,Gene
18290,9439,gene,0.0,True,Gene
18291,944,gene,0.0,True,Gene
18292,9440,gene,0.0,True,Gene
18293,9441,gene,0.0,True,Gene
18294,9442,gene,0.0,True,Gene
18295,9443,gene,0.0,True,Gene
18296,9444,gene,0.0,True,Gene
18297,9445,gene,0.0,True,Gene
18298,9446,gene,0.0,True,Gene
18299,9447,gene,0.0,True,Gene
18300,9448,gene,0.0,True,Gene
18301,945,gene,0.0,True,Gene
18302,9450,gene,0.0,True,Gene
18303,9451,gene,0.0,True,Gene
18304,9452,gene,0.0,True,Gene
18305,9453,gene,0.0,True,Gene
18306,9454,gene,0.0,True,Gene
18307,9455,gene,0.0,True,Gene
18308,9456,gene,0.0,True,Gene
18309,9457,gene,0.0,True,Gene
18310,9459,gene,0.0,True,Gene
18311,946,gene,0.0,True,Gene
18312,9462,gene,0.0,True,Gene
18313,9463,gene,0.0,True,Gene
18314,9464,gene,0.0,True,Gene
18315,9465,gene,0.0,True,Gene
18316,9466,gene,0.0,True,Gene
18317,9467,gene,0.0,True,Gene
18318,9468,gene,0.0,True,Gene
18319,9469,gene,0.0,True,Gene
18320,947,gene,0.0,True,Gene
18321,9470,gene,0.0,True,Gene
18322,9472,gene,0.0,True,Gene
18323,9473,gene,0.0,True,Gene
18324,9474,gene,0.0,True,Gene
18325,9475,gene,0.0,True,Gene
18326,9476,gene,0.0,True,Gene
18327,9477,gene,0.0,True,Gene
18328,9478,gene,0.0,True,Gene
18329,9479,gene,0.0,True,Gene
18330,948,gene,0.0,True,Gene
18331,9480,gene,0.0,True,Gene
18332,9481,gene,0.0,True,Gene
18333,9482,gene,0.0,True,Gene
18334,9486,gene,0.0,True,Gene
18335,9487,gene,0.0,True,Gene
18336,9488,gene,0.0,True,Gene
18337,9489,gene,0.0,True,Gene
18338,949,gene,0.0,True,Gene
18339,9491,gene,0.0,True,Gene
18340,9493,gene,0.0,True,Gene
18341,9495,gene,0.0,True,Gene
18342,9496,gene,0.0,True,Gene
18343,9497,gene,0.0,True,Gene
18344,9498,gene,0.0,True,Gene
18345,9499,gene,0.0,True,Gene
18346,95,gene,0.0,True,Gene
18347,950,gene,0.0,True,Gene
18348,9500,gene,0.0,True,Gene
18349,9501,gene,0.0,True,Gene
18350,9502,gene,0.0,True,Gene
18351,9506,gene,0.0,True,Gene
18352,9507,gene,0.0,True,Gene
18353,9508,gene,0.0,True,Gene
18354,9509,gene,0.0,True,Gene
18355,951,gene,0.0,True,Gene
18356,9510,gene,0.0,True,Gene
18357,9512,gene,0.0,True,Gene
18358,9513,gene,0.0,True,Gene
18359,9514,gene,0.0,True,Gene
18360,9515,gene,0.0,True,Gene
18361,9516,gene,0.0,True,Gene
18362,9517,gene,0.0,True,Gene
18363,9518,gene,0.0,True,Gene
18364,9519,gene,0.0,True,Gene
18365,952,gene,0.0,True,Gene
18366,9520,gene,0.0,True,Gene
18367,9521,gene,0.0,True,Gene
18368,9522,gene,0.0,True,Gene
18369,9524,gene,0.0,True,Gene
18370,9525,gene,0.0,True,Gene
18371,9526,gene,0.0,True,Gene
18372,9527,gene,0.0,True,Gene
18373,9528,gene,0.0,True,Gene
18374,9529,gene,0.0,True,Gene
18375,953,gene,0.0,True,Gene
18376,9530,gene,0.0,True,Gene
18377,9531,gene,0.0,True,Gene
18378,9532,gene,0.0,True,Gene
18379,9533,gene,0.0,True,Gene
18380,9534,gene,0.0,True,Gene
18381,9535,gene,0.0,True,Gene
18382,9536,gene,0.0,True,Gene
18383,9537,gene,0.0,True,Gene
18384,9538,gene,0.0,True,Gene
18385,954,gene,0.0,True,Gene
18386,9540,gene,0.0,True,Gene
18387,9541,gene,0.0,True,Gene
18388,9542,gene,0.0,True,Gene
18389,9543,gene,0.0,True,Gene
18390,9545,gene,0.0,True,Gene
18391,9546,gene,0.0,True,Gene
18392,9547,gene,0.0,True,Gene
18393,955,gene,0.0,True,Gene
18394,9550,gene,0.0,True,Gene
18395,9551,gene,0.0,True,Gene
18396,9552,gene,0.0,True,Gene
18397,9553,gene,0.0,True,Gene
18398,9554,gene,0.0,True,Gene
18399,9555,gene,0.0,True,Gene
18400,9556,gene,0.0,True,Gene
18401,9557,gene,0.0,True,Gene
18402,9559,gene,0.0,True,Gene
18403,956,gene,0.0,True,Gene
18404,9560,gene,0.0,True,Gene
18405,9562,gene,0.0,True,Gene
18406,9563,gene,0.0,True,Gene
18407,9564,gene,0.0,True,Gene
18408,9567,gene,0.0,True,Gene
18409,9568,gene,0.0,True,Gene
18410,95681,gene,0.0,True,Gene
18411,9569,gene,0.0,True,Gene
18412,957,gene,0.0,True,Gene
18413,9570,gene,0.0,True,Gene
18414,9572,gene,0.0,True,Gene
18415,9573,gene,0.0,True,Gene
18416,9575,gene,0.0,True,Gene
18417,9576,gene,0.0,True,Gene
18418,9577,gene,0.0,True,Gene
18419,9578,gene,0.0,True,Gene
18420,958,gene,0.0,True,Gene
18421,9580,gene,0.0,True,Gene
18422,9581,gene,0.0,True,Gene
18423,9582,gene,0.0,True,Gene
18424,9583,gene,0.0,True,Gene
18425,9584,gene,0.0,True,Gene
18426,9585,gene,0.0,True,Gene
18427,9586,gene,0.0,True,Gene
18428,9587,gene,0.0,True,Gene
18429,9588,gene,0.0,True,Gene
18430,9589,gene,0.0,True,Gene
18431,959,gene,0.0,True,Gene
18432,9590,gene,0.0,True,Gene
18433,9592,gene,0.0,True,Gene
18434,9595,gene,0.0,True,Gene
18435,960,gene,0.0,True,Gene
18436,9600,gene,0.0,True,Gene
18437,9601,gene,0.0,True,Gene
18438,9603,gene,0.0,True,Gene
18439,9604,gene,0.0,True,Gene
18440,9605,gene,0.0,True,Gene
18441,9609,gene,0.0,True,Gene
18442,961,gene,0.0,True,Gene
18443,9610,gene,0.0,True,Gene
18444,9611,gene,0.0,True,Gene
18445,9612,gene,0.0,True,Gene
18446,9615,gene,0.0,True,Gene
18447,9616,gene,0.0,True,Gene
18448,9617,gene,0.0,True,Gene
18449,9618,gene,0.0,True,Gene
18450,9619,gene,0.0,True,Gene
18451,962,gene,0.0,True,Gene
18452,9620,gene,0.0,True,Gene
18453,9622,gene,0.0,True,Gene
18454,9623,gene,0.0,True,Gene
18455,9625,gene,0.0,True,Gene
18456,9626,gene,0.0,True,Gene
18457,9627,gene,0.0,True,Gene
18458,9628,gene,0.0,True,Gene
18459,963,gene,0.0,True,Gene
18460,9630,gene,0.0,True,Gene
18461,9631,gene,0.0,True,Gene
18462,9632,gene,0.0,True,Gene
18463,9633,gene,0.0,True,Gene
18464,9635,gene,0.0,True,Gene
18465,9636,gene,0.0,True,Gene
18466,9637,gene,0.0,True,Gene
18467,9638,gene,0.0,True,Gene
18468,9639,gene,0.0,True,Gene
18469,9640,gene,0.0,True,Gene
18470,9641,gene,0.0,True,Gene
18471,9643,gene,0.0,True,Gene
18472,9644,gene,0.0,True,Gene
18473,9645,gene,0.0,True,Gene
18474,96459,gene,0.0,True,Gene
18475,9646,gene,0.0,True,Gene
18476,9647,gene,0.0,True,Gene
18477,9648,gene,0.0,True,Gene
18478,9649,gene,0.0,True,Gene
18479,965,gene,0.0,True,Gene
18480,9650,gene,0.0,True,Gene
18481,9651,gene,0.0,True,Gene
18482,9652,gene,0.0,True,Gene
18483,9653,gene,0.0,True,Gene
18484,9654,gene,0.0,True,Gene
18485,9655,gene,0.0,True,Gene
18486,9656,gene,0.0,True,Gene
18487,9657,gene,0.0,True,Gene
18488,9658,gene,0.0,True,Gene
18489,9659,gene,0.0,True,Gene
18490,966,gene,0.0,True,Gene
18491,9662,gene,0.0,True,Gene
18492,96626,gene,0.0,True,Gene
18493,9663,gene,0.0,True,Gene
18494,9665,gene,0.0,True,Gene
18495,9666,gene,0.0,True,Gene
18496,9667,gene,0.0,True,Gene
18497,9668,gene,0.0,True,Gene
18498,9669,gene,0.0,True,Gene
18499,967,gene,0.0,True,Gene
18500,9670,gene,0.0,True,Gene
18501,9671,gene,0.0,True,Gene
18502,9672,gene,0.0,True,Gene
18503,9673,gene,0.0,True,Gene
18504,9674,gene,0.0,True,Gene
18505,9675,gene,0.0,True,Gene
18506,96764,gene,0.0,True,Gene
18507,9677,gene,0.0,True,Gene
18508,9678,gene,0.0,True,Gene
18509,9679,gene,0.0,True,Gene
18510,968,gene,0.0,True,Gene
18511,9681,gene,0.0,True,Gene
18512,9682,gene,0.0,True,Gene
18513,9683,gene,0.0,True,Gene
18514,9684,gene,0.0,True,Gene
18515,9685,gene,0.0,True,Gene
18516,9686,gene,0.0,True,Gene
18517,9687,gene,0.0,True,Gene
18518,9688,gene,0.0,True,Gene
18519,9689,gene,0.0,True,Gene
18520,969,gene,0.0,True,Gene
18521,9690,gene,0.0,True,Gene
18522,9692,gene,0.0,True,Gene
18523,9693,gene,0.0,True,Gene
18524,9694,gene,0.0,True,Gene
18525,9695,gene,0.0,True,Gene
18526,9696,gene,0.0,True,Gene
18527,9697,gene,0.0,True,Gene
18528,9698,gene,0.0,True,Gene
18529,9699,gene,0.0,True,Gene
18530,97,gene,0.0,True,Gene
18531,970,gene,0.0,True,Gene
18532,9700,gene,0.0,True,Gene
18533,9701,gene,0.0,True,Gene
18534,9702,gene,0.0,True,Gene
18535,9703,gene,0.0,True,Gene
18536,9704,gene,0.0,True,Gene
18537,9705,gene,0.0,True,Gene
18538,9706,gene,0.0,True,Gene
18539,9708,gene,0.0,True,Gene
18540,9709,gene,0.0,True,Gene
18541,971,gene,0.0,True,Gene
18542,9710,gene,0.0,True,Gene
18543,9711,gene,0.0,True,Gene
18544,9712,gene,0.0,True,Gene
18545,9715,gene,0.0,True,Gene
18546,9716,gene,0.0,True,Gene
18547,9717,gene,0.0,True,Gene
18548,9719,gene,0.0,True,Gene
18549,972,gene,0.0,True,Gene
18550,9720,gene,0.0,True,Gene
18551,9721,gene,0.0,True,Gene
18552,9722,gene,0.0,True,Gene
18553,9723,gene,0.0,True,Gene
18554,9724,gene,0.0,True,Gene
18555,9725,gene,0.0,True,Gene
18556,9726,gene,0.0,True,Gene
18557,9727,gene,0.0,True,Gene
18558,9728,gene,0.0,True,Gene
18559,9729,gene,0.0,True,Gene
18560,973,gene,0.0,True,Gene
18561,9730,gene,0.0,True,Gene
18562,9731,gene,0.0,True,Gene
18563,9732,gene,0.0,True,Gene
18564,9733,gene,0.0,True,Gene
18565,9734,gene,0.0,True,Gene
18566,9735,gene,0.0,True,Gene
18567,9736,gene,0.0,True,Gene
18568,9737,gene,0.0,True,Gene
18569,9738,gene,0.0,True,Gene
18570,9739,gene,0.0,True,Gene
18571,974,gene,0.0,True,Gene
18572,9741,gene,0.0,True,Gene
18573,9742,gene,0.0,True,Gene
18574,9743,gene,0.0,True,Gene
18575,9744,gene,0.0,True,Gene
18576,9745,gene,0.0,True,Gene
18577,9746,gene,0.0,True,Gene
18578,9747,gene,0.0,True,Gene
18579,9748,gene,0.0,True,Gene
18580,9749,gene,0.0,True,Gene
18581,975,gene,0.0,True,Gene
18582,9750,gene,0.0,True,Gene
18583,9751,gene,0.0,True,Gene
18584,9752,gene,0.0,True,Gene
18585,9753,gene,0.0,True,Gene
18586,9754,gene,0.0,True,Gene
18587,9755,gene,0.0,True,Gene
18588,9757,gene,0.0,True,Gene
18589,9758,gene,0.0,True,Gene
18590,9759,gene,0.0,True,Gene
18591,976,gene,0.0,True,Gene
18592,9760,gene,0.0,True,Gene
18593,9761,gene,0.0,True,Gene
18594,9762,gene,0.0,True,Gene
18595,9764,gene,0.0,True,Gene
18596,9765,gene,0.0,True,Gene
18597,9766,gene,0.0,True,Gene
18598,9767,gene,0.0,True,Gene
18599,9768,gene,0.0,True,Gene
18600,977,gene,0.0,True,Gene
18601,9770,gene,0.0,True,Gene
18602,9771,gene,0.0,True,Gene
18603,9772,gene,0.0,True,Gene
18604,9774,gene,0.0,True,Gene
18605,9775,gene,0.0,True,Gene
18606,9776,gene,0.0,True,Gene
18607,9777,gene,0.0,True,Gene
18608,9778,gene,0.0,True,Gene
18609,9779,gene,0.0,True,Gene
18610,978,gene,0.0,True,Gene
18611,9780,gene,0.0,True,Gene
18612,9781,gene,0.0,True,Gene
18613,9782,gene,0.0,True,Gene
18614,9783,gene,0.0,True,Gene
18615,9784,gene,0.0,True,Gene
18616,9785,gene,0.0,True,Gene
18617,9786,gene,0.0,True,Gene
18618,9787,gene,0.0,True,Gene
18619,9788,gene,0.0,True,Gene
18620,9789,gene,0.0,True,Gene
18621,9790,gene,0.0,True,Gene
18622,9791,gene,0.0,True,Gene
18623,9792,gene,0.0,True,Gene
18624,9793,gene,0.0,True,Gene
18625,9794,gene,0.0,True,Gene
18626,9796,gene,0.0,True,Gene
18627,9797,gene,0.0,True,Gene
18628,9798,gene,0.0,True,Gene
18629,98,gene,0.0,True,Gene
18630,9801,gene,0.0,True,Gene
18631,9802,gene,0.0,True,Gene
18632,9804,gene,0.0,True,Gene
18633,9805,gene,0.0,True,Gene
18634,9806,gene,0.0,True,Gene
18635,9807,gene,0.0,True,Gene
18636,9810,gene,0.0,True,Gene
18637,9811,gene,0.0,True,Gene
18638,9812,gene,0.0,True,Gene
18639,9813,gene,0.0,True,Gene
18640,9814,gene,0.0,True,Gene
18641,9815,gene,0.0,True,Gene
18642,9816,gene,0.0,True,Gene
18643,9817,gene,2.301434,True,Gene
18644,9818,gene,0.0,True,Gene
18645,9819,gene,0.0,True,Gene
18646,9820,gene,0.0,True,Gene
18647,9821,gene,0.0,True,Gene
18648,9823,gene,0.0,True,Gene
18649,9824,gene,0.0,True,Gene
18650,9825,gene,0.0,True,Gene
18651,9826,gene,0.0,True,Gene
18652,9827,gene,0.0,True,Gene
18653,9828,gene,0.0,True,Gene
18654,9829,gene,0.0,True,Gene
18655,983,gene,0.0,True,Gene
18656,9830,gene,0.0,True,Gene
18657,9831,gene,0.0,True,Gene
18658,9832,gene,0.0,True,Gene
18659,9833,gene,0.0,True,Gene
18660,9836,gene,0.0,True,Gene
18661,9837,gene,0.0,True,Gene
18662,9839,gene,0.0,True,Gene
18663,984,gene,0.0,True,Gene
18664,9840,gene,0.0,True,Gene
18665,9841,gene,0.0,True,Gene
18666,9842,gene,0.0,True,Gene
18667,9843,gene,0.0,True,Gene
18668,9844,gene,0.0,True,Gene
18669,9846,gene,0.0,True,Gene
18670,9847,gene,0.0,True,Gene
18671,9848,gene,0.0,True,Gene
18672,9849,gene,0.0,True,Gene
18673,9851,gene,0.0,True,Gene
18674,9852,gene,0.0,True,Gene
18675,9853,gene,0.0,True,Gene
18676,9854,gene,0.0,True,Gene
18677,9855,gene,0.0,True,Gene
18678,9856,gene,0.0,True,Gene
18679,9857,gene,0.0,True,Gene
18680,9858,gene,0.0,True,Gene
18681,9859,gene,0.0,True,Gene
18682,9860,gene,0.0,True,Gene
18683,9861,gene,0.0,True,Gene
18684,9862,gene,0.0,True,Gene
18685,9863,gene,0.0,True,Gene
18686,9865,gene,0.0,True,Gene
18687,9866,gene,0.0,True,Gene
18688,9867,gene,0.0,True,Gene
18689,9868,gene,0.0,True,Gene
18690,9869,gene,0.0,True,Gene
18691,987,gene,1.7489029,True,Gene
18692,9870,gene,0.0,True,Gene
18693,9871,gene,0.0,True,Gene
18694,9873,gene,0.0,True,Gene
18695,9874,gene,0.0,True,Gene
18696,9875,gene,0.0,True,Gene
18697,9877,gene,0.0,True,Gene
18698,9878,gene,0.0,True,Gene
18699,9879,gene,0.0,True,Gene
18700,988,gene,0.0,True,Gene
18701,9880,gene,0.0,True,Gene
18702,9881,gene,0.0,True,Gene
18703,9882,gene,0.0,True,Gene
18704,9883,gene,0.0,True,Gene
18705,9884,gene,0.0,True,Gene
18706,9885,gene,0.0,True,Gene
18707,9886,gene,0.0,True,Gene
18708,9887,gene,0.0,True,Gene
18709,9889,gene,0.0,True,Gene
18710,989,gene,0.0,True,Gene
18711,9890,gene,0.0,True,Gene
18712,9891,gene,0.0,True,Gene
18713,9892,gene,0.0,True,Gene
18714,9894,gene,0.0,True,Gene
18715,9895,gene,0.0,True,Gene
18716,9896,gene,0.0,True,Gene
18717,9897,gene,0.0,True,Gene
18718,9898,gene,0.0,True,Gene
18719,9899,gene,0.0,True,Gene
18720,990,gene,0.0,True,Gene
18721,9900,gene,0.0,True,Gene
18722,9901,gene,0.0,True,Gene
18723,9902,gene,0.0,True,Gene
18724,9903,gene,0.0,True,Gene
18725,9904,gene,0.0,True,Gene
18726,9905,gene,0.0,True,Gene
18727,9907,gene,0.0,True,Gene
18728,9908,gene,0.0,True,Gene
18729,9909,gene,0.0,True,Gene
18730,991,gene,0.0,True,Gene
18731,9910,gene,0.0,True,Gene
18732,9911,gene,0.0,True,Gene
18733,9912,gene,0.0,True,Gene
18734,9913,gene,0.0,True,Gene
18735,9914,gene,0.0,True,Gene
18736,9915,gene,0.0,True,Gene
18737,9917,gene,0.0,True,Gene
18738,9918,gene,0.0,True,Gene
18739,9919,gene,0.0,True,Gene
18740,9920,gene,0.0,True,Gene
18741,9921,gene,0.0,True,Gene
18742,9922,gene,0.0,True,Gene
18743,9923,gene,0.0,True,Gene
18744,9924,gene,0.0,True,Gene
18745,9925,gene,0.0,True,Gene
18746,9926,gene,0.0,True,Gene
18747,9927,gene,0.0,True,Gene
18748,9928,gene,0.0,True,Gene
18749,9929,gene,0.0,True,Gene
18750,993,gene,0.0,True,Gene
18751,9931,gene,0.0,True,Gene
18752,9933,gene,0.0,True,Gene
18753,9934,gene,0.0,True,Gene
18754,9935,gene,0.0,True,Gene
18755,9936,gene,0.0,True,Gene
18756,9937,gene,0.0,True,Gene
18757,9938,gene,0.0,True,Gene
18758,9939,gene,0.0,True,Gene
18759,994,gene,0.0,True,Gene
18760,9940,gene,0.0,True,Gene
18761,9941,gene,0.0,True,Gene
18762,9942,gene,0.0,True,Gene
18763,9943,gene,0.0,True,Gene
18764,9945,gene,0.0,True,Gene
18765,9946,gene,0.0,True,Gene
18766,9947,gene,0.0,True,Gene
18767,9948,gene,0.0,True,Gene
18768,9949,gene,0.0,True,Gene
18769,995,gene,0.0,True,Gene
18770,9950,gene,0.0,True,Gene
18771,9951,gene,0.0,True,Gene
18772,9953,gene,0.0,True,Gene
18773,9955,gene,0.0,True,Gene
18774,9956,gene,0.0,True,Gene
18775,9957,gene,0.0,True,Gene
18776,9958,gene,0.0,True,Gene
18777,996,gene,0.0,True,Gene
18778,9960,gene,0.0,True,Gene
18779,9961,gene,0.0,True,Gene
18780,9962,gene,0.0,True,Gene
18781,9963,gene,0.0,True,Gene
18782,9965,gene,0.0,True,Gene
18783,9966,gene,0.0,True,Gene
18784,9967,gene,0.0,True,Gene
18785,9968,gene,0.0,True,Gene
18786,9969,gene,0.0,True,Gene
18787,997,gene,0.0,True,Gene
18788,9970,gene,0.0,True,Gene
18789,9971,gene,0.0,True,Gene
18790,9972,gene,0.0,True,Gene
18791,9973,gene,0.0,True,Gene
18792,9975,gene,0.0,True,Gene
18793,9976,gene,0.0,True,Gene
18794,9978,gene,0.0,True,Gene
18795,998,gene,0.0,True,Gene
18796,9980,gene,0.0,True,Gene
18797,9982,gene,0.0,True,Gene
18798,9984,gene,0.0,True,Gene
18799,9985,gene,0.0,True,Gene
18800,9986,gene,0.0,True,Gene
18801,9987,gene,0.0,True,Gene
18802,9988,gene,0.0,True,Gene
18803,9989,gene,0.0,True,Gene
18804,999,gene,0.0,True,Gene
18805,9990,gene,0.0,True,Gene
18806,9991,gene,0.0,True,Gene
18807,9992,gene,0.0,True,Gene
18808,9993,gene,0.0,True,Gene
18809,9994,gene,0.0,True,Gene
18810,9997,gene,0.0,True,Gene
18811,Cluster1-4,sys,0.0,True,System
18812,Cluster2-14,sys,0.0,True,System
18813,Cluster4-8,sys,0.0,True,System
18814,Cluster5-2,sys,0.0,True,System
18815,Cluster2-15,sys,0.0,True,System
18816,Cluster2-16,sys,0.0,True,System
18817,Cluster4-9,sys,0.0,True,System
18818,Cluster4-10,sys,0.0,True,System
18819,Cluster5-3,sys,0.0,True,System
18820,Cluster2-17,sys,0.0,True,System
18821,Cluster5-4,sys,0.0,True,System
18822,Cluster2-18,sys,0.0,True,System
18823,Cluster6-0,sys,2.622815,True,System
18824,Cluster2-19,sys,0.0,True,System
18825,Cluster2-20,sys,0.0,True,System
18826,Cluster3-12,sys,5.2796326,True,System
18827,Cluster3-13,sys,0.0,True,System
18828,Cluster4-11,sys,5.699607,True,System
18829,Cluster2-21,sys,0.0,True,System
18830,Cluster3-14,sys,0.0,True,System
18831,Cluster1-5,sys,0.0,True,System
18832,Cluster3-15,sys,0.0,True,System
18833,Cluster2-22,sys,0.0,True,System
18834,Cluster5-5,sys,0.0,True,System
18835,Cluster2-23,sys,0.0,True,System
18836,Cluster1-6,sys,0.0,True,System
18837,Cluster4-12,sys,0.0,True,System
18838,Cluster2-24,sys,0.0,True,System
18839,Cluster4-13,sys,0.0,True,System
18840,Cluster2-25,sys,0.0,True,System
18841,Cluster4-14,sys,0.0,True,System
18842,Cluster5-6,sys,7.4464984,True,System
18843,Cluster2-26,sys,0.0,True,System
18844,Cluster5-7,sys,0.0,True,System
18845,Cluster6-1,sys,0.0,True,System
18846,Cluster6-2,sys,0.0,True,System
18847,Cluster2-27,sys,0.0,True,System
18848,Cluster3-16,sys,3.31557,True,System
18849,Cluster2-28,sys,0.0,True,System
18850,Cluster6-3,sys,0.0,True,System
18851,Cluster2-29,sys,0.0,True,System
18852,Cluster5-8,sys,0.0,True,System
18853,Cluster3-17,sys,0.0,True,System
18854,Cluster3-18,sys,0.0,True,System
18855,Cluster5-9,sys,0.0,True,System
18856,Cluster5-10,sys,0.0,True,System
18857,Cluster2-30,sys,7.2315483,True,System
18858,Cluster6-4,sys,0.0,True,System
18859,Cluster2-31,sys,0.0,True,System
18860,Cluster5-11,sys,0.0,True,System
18861,Cluster3-19,sys,0.0,True,System
18862,Cluster3-20,sys,0.0,True,System
18863,Cluster6-5,sys,0.0,True,System
18864,Cluster2-32,sys,0.0,True,System
18865,Cluster2-33,sys,0.0,True,System
18866,Cluster5-12,sys,0.0,True,System
18867,Cluster1-7,sys,0.0,True,System
18868,Cluster4-15,sys,0.0,True,System
18869,Cluster5-13,sys,0.0,True,System
18870,Cluster3-21,sys,0.0,True,System
18871,Cluster5-14,sys,0.0,True,System
18872,Cluster2-34,sys,0.0,True,System
18873,Cluster3-22,sys,0.0,True,System
18874,Cluster5-15,sys,0.0,True,System
18875,Cluster6-6,sys,0.0,True,System
18876,Cluster4-16,sys,0.0,True,System
18877,Cluster3-23,sys,0.0,True,System
18878,Cluster3-24,sys,0.0,True,System
18879,Cluster6-7,sys,0.0,True,System
18880,Cluster2-35,sys,0.0,True,System
18881,Cluster3-25,sys,0.0,True,System
18882,Cluster2-36,sys,0.0,True,System
18883,Cluster2-37,sys,0.0,True,System
18884,Cluster2-38,sys,0.0,True,System
18885,Cluster2-39,sys,3.0483847,True,System
18886,Cluster6-8,sys,0.0,True,System
18887,Cluster2-40,sys,0.0,True,System
18888,Cluster4-17,sys,0.0,True,System
18889,Cluster3-26,sys,0.0,True,System
18890,Cluster2-41,sys,0.0,True,System
18891,Cluster3-27,sys,0.0,True,System
18892,Cluster2-42,sys,0.0,True,System
18893,Cluster3-28,sys,0.0,True,System
18894,Cluster4-18,sys,0.0,True,System
18895,Cluster4-19,sys,4.79429,True,System
18896,Cluster2-43,sys,0.0,True,System
18897,Cluster2-44,sys,0.0,True,System
18898,Cluster5-16,sys,0.0,True,System
18899,Cluster3-29,sys,0.0,True,System
18900,Cluster2-45,sys,0.0,True,System
18901,Cluster2-46,sys,0.0,True,System
18902,Cluster2-47,sys,0.0,True,System
18903,Cluster2-48,sys,0.0,True,System
18904,Cluster2-49,sys,0.0,True,System
18905,Cluster2-50,sys,0.0,True,System
18906,Cluster2-51,sys,0.0,True,System
18907,Cluster3-30,sys,0.0,True,System
18908,Cluster4-20,sys,0.0,True,System
18909,Cluster3-31,sys,0.0,True,System
18910,Cluster6-9,sys,0.0,True,System
18911,Cluster3-32,sys,0.0,True,System
18912,Cluster2-52,sys,0.0,True,System
18913,Cluster7-0,sys,0.0,True,System
18914,Cluster2-53,sys,2.8517487,True,System
18915,Cluster3-33,sys,0.0,True,System
18916,Cluster6-10,sys,0.0,True,System
18917,Cluster2-54,sys,0.0,True,System
18918,Cluster2-55,sys,0.0,True,System
18919,Cluster3-34,sys,0.0,True,System
18920,Cluster4-21,sys,1.9329942,True,System
18921,Cluster5-17,sys,0.0,True,System
18922,Cluster2-56,sys,0.0,True,System
18923,Cluster4-22,sys,0.0,True,System
18924,Cluster2-57,sys,0.0,True,System
18925,Cluster5-18,sys,0.0,True,System
18926,Cluster2-58,sys,0.0,True,System
18927,Cluster2-59,sys,0.0,True,System
18928,Cluster2-60,sys,0.0,True,System
18929,Cluster3-35,sys,0.0,True,System
18930,Cluster4-23,sys,0.0,True,System
18931,Cluster4-24,sys,0.0,True,System
18932,Cluster2-61,sys,0.0,True,System
18933,Cluster2-62,sys,4.9518714,True,System
18934,Cluster3-36,sys,0.0,True,System
18935,Cluster2-63,sys,0.0,True,System
18936,Cluster4-25,sys,0.0,True,System
18937,Cluster2-64,sys,0.0,True,System
18938,Cluster3-37,sys,0.0,True,System
18939,Cluster4-26,sys,0.0,True,System
18940,Cluster2-65,sys,0.0,True,System
18941,Cluster3-38,sys,0.0,True,System
18942,Cluster5-19,sys,0.0,True,System
18943,Cluster5-20,sys,0.0,True,System
18944,Cluster5-21,sys,0.0,True,System
18945,Cluster1-8,sys,0.0,True,System
18946,Cluster3-39,sys,0.0,True,System
18947,Cluster4-27,sys,0.0,True,System
18948,Cluster2-66,sys,4.079844,True,System
18949,Cluster2-67,sys,0.0,True,System
18950,Cluster3-40,sys,0.0,True,System
18951,Cluster4-28,sys,0.0,True,System
18952,Cluster3-41,sys,0.0,True,System
18953,Cluster5-22,sys,0.0,True,System
18954,Cluster7-1,sys,0.0,True,System
18955,Cluster2-68,sys,0.0,True,System
18956,Cluster3-42,sys,0.0,True,System
18957,Cluster5-23,sys,0.0,True,System
18958,Cluster3-43,sys,0.0,True,System
18959,Cluster5-24,sys,0.0,True,System
18960,Cluster4-29,sys,0.0,True,System
18961,Cluster6-11,sys,0.0,True,System
18962,Cluster4-30,sys,0.0,True,System
18963,Cluster3-44,sys,0.0,True,System
18964,Cluster2-69,sys,0.0,True,System
18965,Cluster2-70,sys,0.0,True,System
18966,Cluster4-31,sys,0.0,True,System
18967,Cluster5-25,sys,0.0,True,System
18968,Cluster3-45,sys,0.0,True,System
18969,Cluster3-46,sys,0.0,True,System
18970,Cluster4-32,sys,0.0,True,System
18971,Cluster2-71,sys,0.0,True,System
18972,Cluster2-72,sys,0.0,True,System
18973,Cluster5-26,sys,0.0,True,System
18974,Cluster2-73,sys,0.0,True,System
18975,Cluster3-47,sys,0.0,True,System
18976,Cluster4-33,sys,0.0,True,System
18977,Cluster5-27,sys,0.0,True,System
18978,Cluster2-74,sys,0.0,True,System
18979,Cluster2-75,sys,0.0,True,System
18980,Cluster2-76,sys,0.0,True,System
18981,Cluster6-12,sys,0.25219172,True,System
18982,Cluster5-28,sys,0.0,True,System
18983,Cluster5-29,sys,0.0,True,System
18984,Cluster3-48,sys,0.0,True,System
18985,Cluster2-77,sys,0.0,True,System
18986,Cluster5-30,sys,0.0,True,System
18987,Cluster2-78,sys,0.0,True,System
18988,Cluster2-79,sys,0.0,True,System
18989,Cluster2-80,sys,2.594064,True,System
18990,Cluster2-81,sys,0.0,True,System
18991,Cluster2-82,sys,0.0,True,System
18992,Cluster2-83,sys,0.0,True,System
18993,Cluster2-84,sys,3.4419098,True,System
18994,Cluster4-34,sys,0.0,True,System
18995,Cluster2-85,sys,0.0,True,System
18996,Cluster3-49,sys,0.0,True,System
18997,Cluster3-50,sys,0.0,True,System
18998,Cluster4-35,sys,0.0,True,System
18999,Cluster2-86,sys,0.0,True,System
19000,Cluster4-36,sys,6.8702326,True,System
19001,Cluster3-51,sys,1.7288748,True,System
19002,Cluster2-87,sys,0.0,True,System
19003,Cluster2-88,sys,0.0,True,System
19004,Cluster2-89,sys,0.0,True,System
19005,Cluster6-13,sys,0.0,True,System
19006,Cluster5-31,sys,0.0,True,System
19007,Cluster2-90,sys,0.0,True,System
19008,Cluster2-91,sys,2.7481883,True,System
19009,Cluster2-92,sys,0.0,True,System
19010,Cluster2-93,sys,0.0,True,System
19011,Cluster3-52,sys,0.0,True,System
19012,Cluster2-94,sys,0.0,True,System
19013,Cluster4-37,sys,0.0,True,System
19014,Cluster8-0,sys,0.0,True,System
19015,Cluster1-9,sys,0.0,True,System
19016,Cluster2-95,sys,0.0,True,System
19017,Cluster2-96,sys,0.0,True,System
19018,Cluster2-97,sys,0.0,True,System
19019,Cluster5-32,sys,0.0,True,System
19020,Cluster7-2,sys,0.0,True,System
19021,Cluster4-38,sys,0.0,True,System
19022,Cluster3-53,sys,0.0,True,System
19023,Cluster2-98,sys,0.0,True,System
19024,Cluster3-54,sys,0.0,True,System
19025,Cluster4-39,sys,1.8370149,True,System
19026,Cluster2-99,sys,0.0,True,System
19027,Cluster3-55,sys,0.0,True,System
19028,Cluster3-56,sys,0.0,True,System
19029,Cluster5-33,sys,0.0,True,System
19030,Cluster3-57,sys,0.0,True,System
19031,Cluster4-40,sys,0.0,True,System
19032,Cluster2-100,sys,0.0,True,System
19033,Cluster3-58,sys,0.0,True,System
19034,Cluster3-59,sys,0.0,True,System
19035,Cluster2-101,sys,0.0,True,System
19036,Cluster4-41,sys,0.0,True,System
19037,Cluster2-102,sys,0.0,True,System
19038,Cluster2-103,sys,0.0,True,System
19039,Cluster6-14,sys,0.0,True,System
19040,Cluster2-104,sys,0.0,True,System
19041,Cluster2-105,sys,0.0,True,System
19042,Cluster3-60,sys,0.0,True,System
19043,Cluster2-106,sys,0.0,True,System
19044,Cluster6-15,sys,0.0,True,System
19045,Cluster4-42,sys,0.0,True,System
19046,Cluster2-107,sys,0.0,True,System
19047,Cluster2-108,sys,0.0,True,System
19048,Cluster3-61,sys,0.0,True,System
19049,Cluster3-62,sys,0.0,True,System
19050,Cluster5-34,sys,0.0,True,System
19051,Cluster3-63,sys,0.0,True,System
19052,Cluster2-109,sys,0.0,True,System
19053,Cluster3-64,sys,0.0,True,System
19054,Cluster3-65,sys,0.0,True,System
19055,Cluster5-35,sys,0.0,True,System
19056,Cluster3-66,sys,0.0,True,System
19057,Cluster2-110,sys,0.0,True,System
19058,Cluster6-16,sys,0.0,True,System
19059,Cluster2-111,sys,0.0,True,System
19060,Cluster2-112,sys,0.0,True,System
19061,Cluster2-113,sys,0.0,True,System
19062,Cluster2-114,sys,0.0,True,System
19063,Cluster3-67,sys,0.0,True,System
19064,Cluster2-115,sys,0.0,True,System
19065,Cluster2-116,sys,0.0,True,System
19066,Cluster2-117,sys,0.0,True,System
19067,Cluster7-3,sys,0.0,True,System
19068,Cluster2-118,sys,0.0,True,System
19069,Cluster2-119,sys,0.0,True,System
19070,Cluster5-36,sys,0.0,True,System
19071,Cluster2-120,sys,0.0,True,System
19072,Cluster5-37,sys,2.3221397,True,System
19073,Cluster6-17,sys,0.0,True,System
19074,Cluster6-18,sys,0.0,True,System
19075,Cluster5-38,sys,0.0,True,System
19076,Cluster2-121,sys,0.0,True,System
19077,Cluster2-122,sys,0.0,True,System
19078,Cluster2-123,sys,0.0,True,System
19079,Cluster3-68,sys,0.0,True,System
19080,Cluster1-10,sys,0.0,True,System
19081,Cluster2-124,sys,0.0,True,System
19082,Cluster1-11,sys,0.0,True,System
19083,Cluster1-12,sys,0.0,True,System
19084,Cluster3-69,sys,0.0,True,System
19085,Cluster3-70,sys,0.0,True,System
19086,Cluster2-125,sys,0.0,True,System
19087,Cluster3-71,sys,0.0,True,System
19088,Cluster2-126,sys,0.0,True,System
19089,Cluster6-19,sys,0.0,True,System
19090,Cluster5-39,sys,0.0,True,System
19091,Cluster2-127,sys,0.0,True,System
19092,Cluster2-128,sys,0.0,True,System
19093,Cluster2-129,sys,0.0,True,System
19094,Cluster2-130,sys,0.0,True,System
19095,Cluster4-43,sys,0.0,True,System
19096,Cluster5-40,sys,1.3023927,True,System
19097,Cluster5-41,sys,0.0,True,System
19098,Cluster2-131,sys,0.0,True,System
19099,Cluster2-132,sys,0.0,True,System
19100,Cluster2-133,sys,0.0,True,System
19101,Cluster2-134,sys,0.0,True,System
19102,Cluster5-42,sys,0.0,True,System
19103,Cluster5-43,sys,0.0,True,System
19104,Cluster2-135,sys,0.0,True,System
19105,Cluster4-44,sys,0.0,True,System
19106,Cluster2-136,sys,0.0,True,System
19107,Cluster2-137,sys,0.0,True,System
19108,Cluster2-138,sys,0.0,True,System
19109,Cluster5-44,sys,0.0,True,System
19110,Cluster5-45,sys,0.0,True,System
19111,Cluster6-20,sys,0.0,True,System
19112,Cluster4-45,sys,0.0,True,System
19113,Cluster3-72,sys,0.0,True,System
19114,Cluster2-139,sys,0.0,True,System
19115,Cluster3-73,sys,0.0,True,System
19116,Cluster2-140,sys,0.0,True,System
19117,Cluster4-46,sys,0.0,True,System
19118,Cluster3-74,sys,0.0,True,System
19119,Cluster4-47,sys,0.0,True,System
19120,Cluster3-75,sys,0.0,True,System
19121,Cluster4-48,sys,0.0,True,System
19122,Cluster2-141,sys,0.0,True,System
19123,Cluster5-46,sys,0.0,True,System
19124,Cluster2-142,sys,0.0,True,System
19125,Cluster2-143,sys,0.0,True,System
19126,Cluster2-144,sys,0.0,True,System
19127,Cluster2-145,sys,0.0,True,System
19128,Cluster3-76,sys,0.0,True,System
19129,Cluster3-77,sys,0.0,True,System
19130,Cluster2-146,sys,0.0,True,System
19131,Cluster4-49,sys,0.0,True,System
19132,Cluster2-147,sys,0.0,True,System
19133,Cluster5-47,sys,0.0,True,System
19134,Cluster2-148,sys,1.1211748,True,System
19135,Cluster2-149,sys,0.0,True,System
19136,Cluster4-50,sys,0.0,True,System
19137,Cluster2-150,sys,0.0,True,System
19138,Cluster3-78,sys,0.0,True,System
19139,Cluster2-151,sys,0.0,True,System
19140,Cluster2-152,sys,0.0,True,System
19141,Cluster7-4,sys,0.0,True,System
19142,Cluster3-79,sys,0.0,True,System
19143,Cluster6-21,sys,0.0,True,System
19144,Cluster5-48,sys,0.0,True,System
19145,Cluster3-80,sys,0.0,True,System
19146,Cluster2-153,sys,0.0,True,System
19147,Cluster3-81,sys,0.0,True,System
19148,Cluster2-154,sys,0.0,True,System
19149,Cluster5-49,sys,0.0,True,System
19150,Cluster3-82,sys,0.0,True,System
19151,Cluster4-51,sys,0.0,True,System
19152,Cluster3-83,sys,0.0,True,System
19153,Cluster2-155,sys,0.0,True,System
19154,Cluster6-22,sys,0.0,True,System
19155,Cluster2-156,sys,0.0,True,System
19156,Cluster5-50,sys,0.0,True,System
19157,Cluster3-84,sys,1.4593884,True,System
19158,Cluster6-23,sys,0.0,True,System
19159,Cluster2-157,sys,0.0,True,System
19160,Cluster2-158,sys,0.0,True,System
19161,Cluster3-85,sys,0.0,True,System
19162,Cluster3-86,sys,0.0,True,System
19163,Cluster3-87,sys,0.0,True,System
19164,Cluster2-159,sys,0.0,True,System
19165,Cluster6-24,sys,0.0,True,System
19166,Cluster2-160,sys,0.0,True,System
19167,Cluster4-52,sys,0.0,True,System
19168,Cluster6-25,sys,0.0,True,System
19169,Cluster3-88,sys,0.0,True,System
19170,Cluster5-51,sys,0.0,True,System
19171,Cluster4-53,sys,0.0,True,System
19172,Cluster2-161,sys,0.0,True,System
19173,Cluster6-26,sys,0.0,True,System
19174,Cluster3-89,sys,0.18531868,True,System
19175,Cluster3-90,sys,0.0,True,System
19176,Cluster6-27,sys,0.0,True,System
19177,Cluster4-54,sys,0.0,True,System
19178,Cluster4-55,sys,0.0,True,System
19179,Cluster2-162,sys,0.0,True,System
19180,Cluster4-56,sys,0.0,True,System
19181,Cluster2-163,sys,0.0,True,System
19182,Cluster2-164,sys,0.0,True,System
19183,Cluster3-91,sys,0.0,True,System
19184,Cluster3-92,sys,0.0,True,System
19185,Cluster4-57,sys,0.0,True,System
19186,Cluster5-52,sys,0.0,True,System
19187,Cluster2-165,sys,0.0,True,System
19188,Cluster2-166,sys,0.0,True,System
19189,Cluster2-167,sys,0.0,True,System
19190,Cluster2-168,sys,0.0,True,System
19191,Cluster3-93,sys,0.0,True,System
19192,Cluster2-169,sys,0.0,True,System
19193,Cluster2-170,sys,0.0,True,System
19194,Cluster5-53,sys,0.0,True,System
19195,Cluster2-171,sys,0.0,True,System
19196,Cluster3-94,sys,0.0,True,System
19197,Cluster6-28,sys,0.0,True,System
19198,Cluster4-58,sys,0.0,True,System
19199,Cluster2-172,sys,0.0,True,System
19200,Cluster3-95,sys,0.0,True,System
19201,Cluster2-173,sys,0.0,True,System
19202,Cluster3-96,sys,0.0,True,System
19203,Cluster2-174,sys,0.0,True,System
19204,Cluster2-175,sys,0.0,True,System
19205,Cluster2-176,sys,0.0,True,System
19206,Cluster4-59,sys,0.0,True,System
19207,Cluster6-29,sys,0.0,True,System
19208,Cluster3-97,sys,0.0,True,System
19209,Cluster2-177,sys,0.0,True,System
19210,Cluster2-178,sys,0.0,True,System
19211,Cluster2-179,sys,0.0,True,System
19212,Cluster2-180,sys,0.0,True,System
19213,Cluster3-98,sys,1.4877543,True,System
19214,Cluster2-181,sys,0.0,True,System
19215,Cluster2-182,sys,0.0,True,System
19216,Cluster3-99,sys,0.0,True,System
19217,Cluster5-54,sys,0.0,True,System
19218,Cluster6-30,sys,0.0,True,System
19219,Cluster2-183,sys,0.0,True,System
19220,Cluster4-60,sys,0.0,True,System
19221,Cluster4-61,sys,0.0,True,System
19222,Cluster2-184,sys,0.0,True,System
19223,Cluster3-100,sys,0.0,True,System
19224,Cluster2-185,sys,0.0,True,System
19225,Cluster4-62,sys,0.0,True,System
19226,Cluster5-55,sys,0.0,True,System
19227,Cluster5-56,sys,0.0,True,System
19228,Cluster2-186,sys,0.0,True,System
19229,Cluster2-187,sys,0.0,True,System
19230,Cluster2-188,sys,0.0,True,System
19231,Cluster2-189,sys,0.0,True,System
19232,Cluster2-190,sys,0.0,True,System
19233,Cluster2-191,sys,0.0,True,System
19234,Cluster2-192,sys,0.0,True,System
19235,Cluster6-31,sys,0.0,True,System
19236,Cluster5-57,sys,0.0,True,System
19237,Cluster2-193,sys,0.0,True,System
19238,Cluster3-101,sys,0.0,True,System
19239,Cluster4-63,sys,0.0,True,System
19240,Cluster4-64,sys,0.0,True,System
19241,Cluster4-65,sys,0.0,True,System
19242,Cluster2-194,sys,0.0,True,System
19243,Cluster2-195,sys,0.0,True,System
19244,Cluster2-196,sys,0.0,True,System
19245,Cluster2-197,sys,0.0,True,System
19246,Cluster3-102,sys,0.0,True,System
19247,Cluster5-58,sys,0.0,True,System
19248,Cluster2-198,sys,0.0,True,System
19249,Cluster4-66,sys,0.0,True,System
19250,Cluster2-199,sys,0.0,True,System
19251,Cluster4-67,sys,0.0,True,System
19252,Cluster2-200,sys,0.0,True,System
19253,Cluster3-103,sys,0.0,True,System
19254,Cluster5-59,sys,0.7109728,True,System
19255,Cluster3-104,sys,0.0,True,System
19256,Cluster4-68,sys,0.0,True,System
19257,Cluster5-60,sys,0.0,True,System
19258,Cluster2-201,sys,0.0,True,System
19259,Cluster4-69,sys,0.0,True,System
19260,Cluster7-5,sys,0.0,True,System
19261,Cluster2-202,sys,0.0,True,System
19262,Cluster3-105,sys,0.0,True,System
19263,Cluster2-203,sys,0.0,True,System
19264,Cluster2-204,sys,0.0,True,System
19265,Cluster3-106,sys,0.0,True,System
19266,Cluster4-70,sys,0.0,True,System
19267,Cluster2-205,sys,0.0,True,System
19268,Cluster4-71,sys,0.0,True,System
19269,Cluster2-206,sys,0.0,True,System
19270,Cluster4-72,sys,0.0,True,System
19271,Cluster2-207,sys,0.0,True,System
19272,Cluster2-208,sys,0.0,True,System
19273,Cluster3-107,sys,0.0,True,System
19274,Cluster3-108,sys,0.0,True,System
19275,Cluster6-32,sys,0.0,True,System
19276,Cluster6-33,sys,0.0,True,System
19277,Cluster3-109,sys,0.0,True,System
19278,Cluster3-110,sys,0.0,True,System
19279,Cluster2-209,sys,0.0,True,System
19280,Cluster2-210,sys,0.0,True,System
19281,Cluster3-111,sys,0.0,True,System
19282,Cluster2-211,sys,0.0,True,System
19283,Cluster2-212,sys,0.0,True,System
19284,Cluster4-73,sys,0.0,True,System
19285,Cluster2-213,sys,0.0,True,System
19286,Cluster2-214,sys,0.0,True,System
19287,Cluster2-215,sys,0.0,True,System
19288,Cluster2-216,sys,0.0,True,System
19289,Cluster2-217,sys,0.0,True,System
19290,Cluster3-112,sys,0.0,True,System
19291,Cluster5-61,sys,0.0,True,System
19292,Cluster3-113,sys,0.0,True,System
19293,Cluster4-74,sys,0.0,True,System
19294,Cluster4-75,sys,0.0,True,System
19295,Cluster5-62,sys,0.0,True,System
19296,Cluster6-34,sys,0.0,True,System
19297,Cluster6-35,sys,0.0,True,System
19298,Cluster2-218,sys,0.0,True,System
19299,Cluster5-63,sys,0.0,True,System
19300,Cluster2-219,sys,0.0,True,System
19301,Cluster3-114,sys,0.0,True,System
19302,Cluster2-220,sys,0.0,True,System
19303,Cluster2-221,sys,0.0,True,System
19304,Cluster2-222,sys,0.0,True,System
19305,Cluster4-76,sys,0.0,True,System
19306,Cluster5-64,sys,0.0,True,System
19307,Cluster2-223,sys,0.0,True,System
19308,Cluster2-224,sys,0.0,True,System
19309,Cluster2-225,sys,0.0,True,System
19310,Cluster2-226,sys,0.0,True,System
19311,Cluster2-227,sys,0.0,True,System
19312,Cluster4-77,sys,0.0,True,System
19313,Cluster4-78,sys,0.0,True,System
19314,Cluster2-228,sys,0.0,True,System
19315,Cluster2-229,sys,0.0,True,System
19316,Cluster3-115,sys,0.0,True,System
19317,Cluster2-230,sys,0.0,True,System
19318,Cluster4-79,sys,0.0,True,System
19319,Cluster2-231,sys,0.0,True,System
19320,Cluster4-80,sys,0.0,True,System
19321,Cluster2-232,sys,0.0,True,System
19322,Cluster3-116,sys,0.0,True,System
19323,Cluster3-117,sys,0.0,True,System
19324,Cluster6-36,sys,0.0,True,System
19325,Cluster4-81,sys,0.0,True,System
19326,Cluster6-37,sys,0.0,True,System
19327,Cluster3-118,sys,0.0,True,System
19328,Cluster5-65,sys,0.0,True,System
19329,Cluster5-66,sys,0.0,True,System
19330,Cluster3-119,sys,0.0,True,System
19331,Cluster3-120,sys,0.0,True,System
19332,Cluster2-233,sys,0.0,True,System
19333,Cluster4-82,sys,0.0,True,System
19334,Cluster2-234,sys,0.0,True,System
19335,Cluster3-121,sys,0.0,True,System
19336,Cluster2-235,sys,0.0,True,System
19337,Cluster2-236,sys,0.0,True,System
19338,Cluster2-237,sys,0.0,True,System
19339,Cluster3-122,sys,0.0,True,System
19340,Cluster2-238,sys,0.0,True,System
19341,Cluster4-83,sys,0.0,True,System
19342,Cluster3-123,sys,0.0,True,System
19343,Cluster2-239,sys,0.0,True,System
19344,Cluster3-124,sys,2.6505544,True,System
19345,Cluster4-84,sys,0.0,True,System
19346,Cluster2-240,sys,0.0,True,System
19347,Cluster4-85,sys,0.0,True,System
19348,Cluster5-67,sys,0.0,True,System
19349,Cluster6-38,sys,0.0,True,System
19350,Cluster5-68,sys,0.0,True,System
19351,Cluster3-125,sys,0.0,True,System
19352,Cluster4-86,sys,0.0,True,System
19353,Cluster3-126,sys,0.0,True,System
19354,Cluster2-241,sys,0.0,True,System
19355,Cluster2-242,sys,0.0,True,System
19356,Cluster5-69,sys,0.0,True,System
19357,Cluster5-70,sys,0.0,True,System
19358,Cluster4-87,sys,0.0,True,System
19359,Cluster5-71,sys,0.0,True,System
19360,Cluster7-6,sys,0.0,True,System
19361,Cluster2-243,sys,0.0,True,System
19362,Cluster4-88,sys,0.0,True,System
19363,Cluster2-244,sys,0.0,True,System
19364,Cluster2-245,sys,0.0,True,System
19365,Cluster2-246,sys,0.0,True,System
19366,Cluster2-247,sys,0.0,True,System
19367,Cluster2-248,sys,0.0,True,System
19368,Cluster3-127,sys,0.0,True,System
19369,Cluster3-128,sys,0.0,True,System
19370,Cluster2-249,sys,0.0,True,System
19371,Cluster1-13,sys,0.0,True,System
19372,Cluster2-250,sys,0.0,True,System
19373,Cluster6-39,sys,0.0,True,System
19374,Cluster2-251,sys,0.0,True,System
19375,Cluster7-7,sys,0.0,True,System
19376,Cluster3-129,sys,0.0,True,System
19377,Cluster5-72,sys,0.0,True,System
19378,Cluster3-130,sys,0.0,True,System
19379,Cluster2-252,sys,0.0,True,System
19380,Cluster5-73,sys,0.0,True,System
19381,Cluster2-253,sys,0.0,True,System
19382,Cluster4-89,sys,0.0,True,System
19383,Cluster2-254,sys,0.0,True,System
19384,Cluster2-255,sys,0.0,True,System
19385,Cluster2-256,sys,0.0,True,System
19386,Cluster2-257,sys,0.0,True,System
19387,Cluster4-90,sys,0.5061881,True,System
19388,Cluster6-40,sys,0.0,True,System
19389,Cluster3-131,sys,0.0,True,System
19390,Cluster3-132,sys,0.0,True,System
19391,Cluster7-8,sys,0.0,True,System
19392,Cluster6-41,sys,0.0,True,System
19393,Cluster2-258,sys,0.0,True,System
19394,Cluster5-74,sys,0.0,True,System
19395,Cluster2-259,sys,0.0,True,System
19396,Cluster2-260,sys,0.0,True,System
19397,Cluster6-42,sys,0.0,True,System
19398,Cluster5-75,sys,0.0,True,System
19399,Cluster2-261,sys,0.0,True,System
19400,Cluster5-76,sys,0.0,True,System
19401,Cluster2-262,sys,0.0,True,System
19402,Cluster4-91,sys,0.0,True,System
19403,Cluster3-133,sys,0.0,True,System
19404,Cluster2-263,sys,0.0,True,System
19405,Cluster2-264,sys,0.0,True,System
19406,Cluster3-134,sys,0.0,True,System
19407,Cluster4-92,sys,0.0,True,System
19408,Cluster2-265,sys,1.7947074,True,System
19409,Cluster2-266,sys,0.0,True,System
19410,Cluster3-135,sys,0.0,True,System
19411,Cluster2-267,sys,0.0,True,System
19412,Cluster2-268,sys,0.0,True,System
19413,Cluster3-136,sys,0.0,True,System
19414,Cluster2-269,sys,0.0,True,System
19415,Cluster1-14,sys,0.0,True,System
19416,Cluster3-137,sys,0.0,True,System
19417,Cluster2-270,sys,0.0,True,System
19418,Cluster5-77,sys,0.0,True,System
19419,Cluster2-271,sys,0.0,True,System
19420,Cluster2-272,sys,0.0,True,System
19421,Cluster6-43,sys,0.0,True,System
19422,Cluster4-93,sys,0.0,True,System
19423,Cluster2-273,sys,0.0,True,System
19424,Cluster3-138,sys,0.0,True,System
19425,Cluster6-44,sys,0.0,True,System
19426,Cluster4-94,sys,0.0,True,System
19427,Cluster2-274,sys,0.0,True,System
19428,Cluster3-139,sys,0.0,True,System
19429,Cluster2-275,sys,0.0,True,System
19430,Cluster7-9,sys,0.0,True,System
19431,Cluster4-95,sys,0.0,True,System
19432,Cluster2-276,sys,0.0,True,System
19433,Cluster6-45,sys,0.0,True,System
19434,Cluster5-78,sys,0.0,True,System
19435,Cluster2-277,sys,0.0,True,System
19436,Cluster2-278,sys,0.0,True,System
19437,Cluster5-79,sys,0.0,True,System
19438,Cluster3-140,sys,0.0,True,System
19439,Cluster2-279,sys,0.0,True,System
19440,Cluster3-141,sys,0.0,True,System
19441,Cluster4-96,sys,0.0,True,System
19442,Cluster3-142,sys,0.0,True,System
19443,Cluster3-143,sys,0.0,True,System
19444,Cluster5-80,sys,0.0,True,System
19445,Cluster3-144,sys,0.0,True,System
19446,Cluster3-145,sys,0.0,True,System
19447,Cluster2-280,sys,0.0,True,System
19448,Cluster2-281,sys,0.0,True,System
19449,Cluster2-282,sys,0.0,True,System
19450,Cluster3-146,sys,0.0,True,System
19451,Cluster3-147,sys,0.0,True,System
19452,Cluster6-46,sys,0.0,True,System
19453,Cluster5-81,sys,0.0,True,System
19454,Cluster3-148,sys,0.0,True,System
19455,Cluster3-149,sys,0.0,True,System
19456,Cluster2-283,sys,0.0,True,System
19457,Cluster3-150,sys,0.0,True,System
19458,Cluster2-284,sys,0.0,True,System
19459,Cluster4-97,sys,0.0,True,System
19460,Cluster2-285,sys,0.0,True,System
19461,Cluster3-151,sys,0.0,True,System
19462,Cluster2-286,sys,0.0,True,System
19463,Cluster6-47,sys,0.0,True,System
19464,Cluster3-152,sys,0.0,True,System
19465,Cluster5-82,sys,0.0,True,System
19466,Cluster5-83,sys,0.0,True,System
19467,Cluster7-10,sys,0.0,True,System
19468,Cluster7-11,sys,0.0,True,System
19469,Cluster2-287,sys,0.0,True,System
19470,Cluster6-48,sys,0.0,True,System
19471,Cluster5-84,sys,0.0,True,System
19472,Cluster5-85,sys,0.0,True,System
19473,Cluster4-98,sys,0.0,True,System
19474,Cluster4-99,sys,0.0,True,System
19475,Cluster2-288,sys,0.0,True,System
19476,Cluster2-289,sys,0.0,True,System
19477,Cluster2-290,sys,0.0,True,System
19478,Cluster3-153,sys,0.0,True,System
19479,Cluster4-100,sys,0.0,True,System
19480,Cluster3-154,sys,0.0,True,System
19481,Cluster2-291,sys,0.0,True,System
19482,Cluster2-292,sys,0.0,True,System
19483,Cluster5-86,sys,0.0,True,System
19484,Cluster5-87,sys,0.0,True,System
19485,Cluster5-88,sys,0.0,True,System
19486,Cluster2-293,sys,0.0,True,System
19487,Cluster3-155,sys,0.0,True,System
19488,Cluster2-294,sys,0.0,True,System
19489,Cluster5-89,sys,0.0,True,System
19490,Cluster2-295,sys,0.0,True,System
19491,Cluster2-296,sys,0.0,True,System
19492,Cluster1-15,sys,0.0,True,System
19493,Cluster2-297,sys,0.0,True,System
19494,Cluster2-298,sys,0.0,True,System
19495,Cluster6-49,sys,0.0,True,System
19496,Cluster3-156,sys,0.0,True,System
19497,Cluster3-157,sys,0.0,True,System
19498,Cluster3-158,sys,0.0,True,System
19499,Cluster3-159,sys,0.0,True,System
19500,Cluster2-299,sys,0.0,True,System
19501,Cluster5-90,sys,2.2904487,True,System
19502,Cluster3-160,sys,0.0,True,System
19503,Cluster3-161,sys,0.0,True,System
19504,Cluster6-50,sys,0.0,True,System
19505,Cluster2-300,sys,0.0,True,System
19506,Cluster2-301,sys,0.0,True,System
19507,Cluster2-302,sys,0.0,True,System
19508,Cluster2-303,sys,0.0,True,System
19509,Cluster4-101,sys,0.0,True,System
19510,Cluster3-162,sys,0.0,True,System
19511,Cluster2-304,sys,0.0,True,System
19512,Cluster5-91,sys,0.0,True,System
19513,Cluster4-102,sys,0.0,True,System
19514,Cluster2-305,sys,0.0,True,System
19515,Cluster4-103,sys,0.0,True,System
19516,Cluster7-12,sys,0.0,True,System
19517,Cluster4-104,sys,0.0,True,System
19518,Cluster6-51,sys,0.0,True,System
19519,Cluster3-163,sys,0.0,True,System
19520,Cluster6-52,sys,0.0,True,System
19521,Cluster6-53,sys,0.0,True,System
19522,Cluster5-92,sys,0.0,True,System
19523,Cluster2-306,sys,0.0,True,System
19524,Cluster2-307,sys,0.0,True,System
19525,Cluster4-105,sys,0.0,True,System
19526,Cluster5-93,sys,0.0,True,System
19527,Cluster7-13,sys,0.0,True,System
19528,Cluster5-94,sys,0.0,True,System
19529,Cluster5-95,sys,0.0,True,System
19530,Cluster4-106,sys,0.0,True,System
19531,Cluster4-107,sys,0.0,True,System
19532,Cluster4-108,sys,0.0,True,System
19533,Cluster2-308,sys,0.0,True,System
19534,Cluster2-309,sys,0.0,True,System
19535,Cluster4-109,sys,0.0,True,System
19536,Cluster3-164,sys,0.0,True,System
19537,Cluster6-54,sys,0.0,True,System
19538,Cluster5-96,sys,0.0,True,System
19539,Cluster2-310,sys,0.0,True,System
19540,Cluster5-97,sys,0.0,True,System
19541,Cluster7-14,sys,0.0,True,System
19542,Cluster7-15,sys,1.1463386,True,System
19543,Cluster5-98,sys,0.0,True,System
19544,Cluster5-99,sys,0.0,True,System
19545,Cluster3-165,sys,0.0,True,System
19546,Cluster3-166,sys,0.0,True,System
19547,Cluster7-16,sys,0.0,True,System
19548,Cluster4-110,sys,0.0,True,System
19549,Cluster3-167,sys,0.0,True,System
19550,Cluster3-168,sys,0.0,True,System
19551,Cluster7-17,sys,0.0,True,System
19552,Cluster3-169,sys,0.0,True,System
19553,Cluster3-170,sys,0.0,True,System
19554,Cluster4-111,sys,0.0,True,System
19555,Cluster2-311,sys,0.0,True,System
19556,Cluster2-312,sys,0.0,True,System
19557,Cluster3-171,sys,0.0,True,System
19558,Cluster2-313,sys,0.0,True,System
19559,Cluster2-314,sys,0.0,True,System
19560,Cluster4-112,sys,0.0,True,System
19561,Cluster2-315,sys,0.0,True,System
19562,Cluster2-316,sys,0.0,True,System
19563,Cluster2-317,sys,0.0,True,System
19564,Cluster2-318,sys,0.0,True,System
19565,Cluster3-172,sys,0.0,True,System
19566,Cluster4-113,sys,0.0,True,System
19567,Cluster2-319,sys,0.0,True,System
19568,Cluster4-114,sys,2.1970181,True,System
19569,Cluster7-18,sys,0.0,True,System
19570,Cluster3-173,sys,0.0,True,System
19571,Cluster2-320,sys,0.0,True,System
19572,Cluster5-100,sys,0.0,True,System
19573,Cluster3-174,sys,0.0,True,System
19574,Cluster7-19,sys,0.0,True,System
19575,Cluster5-101,sys,0.0,True,System
19576,Cluster7-20,sys,0.0,True,System
19577,Cluster3-175,sys,0.0,True,System
19578,Cluster4-115,sys,0.0,True,System
19579,Cluster5-102,sys,0.0,True,System
19580,Cluster5-103,sys,0.0,True,System
19581,Cluster5-104,sys,0.0,True,System
19582,Cluster5-105,sys,0.0,True,System
19583,Cluster3-176,sys,0.0,True,System
19584,Cluster2-321,sys,0.0,True,System
19585,Cluster5-106,sys,0.0,True,System
19586,Cluster5-107,sys,0.0,True,System
19587,Cluster4-116,sys,0.0,True,System
19588,Cluster3-177,sys,0.0,True,System
19589,Cluster5-108,sys,0.0,True,System
19590,Cluster3-178,sys,0.0,True,System
19591,Cluster4-117,sys,0.0,True,System
19592,Cluster6-55,sys,0.4555253,True,System
19593,Cluster4-118,sys,0.0,True,System
19594,Cluster4-119,sys,0.0,True,System
19595,Cluster6-56,sys,0.0,True,System
19596,Cluster5-109,sys,0.0,True,System
19597,Cluster2-322,sys,0.0,True,System
19598,Cluster5-110,sys,0.0,True,System
19599,Cluster6-57,sys,0.0,True,System
19600,Cluster3-179,sys,0.0,True,System
19601,Cluster6-58,sys,0.0,True,System
19602,Cluster2-323,sys,0.0,True,System
19603,Cluster3-180,sys,0.5416474,True,System
19604,Cluster6-59,sys,0.0,True,System
19605,Cluster7-21,sys,0.0,True,System
19606,Cluster3-181,sys,0.0,True,System
19607,Cluster5-111,sys,0.0,True,System
19608,Cluster2-324,sys,0.0,True,System
19609,Cluster2-325,sys,0.0,True,System
19610,Cluster3-182,sys,0.0,True,System
19611,Cluster2-326,sys,0.0,True,System
19612,Cluster3-183,sys,0.0,True,System
19613,Cluster2-327,sys,0.74226236,True,System
19614,Cluster2-328,sys,0.0,True,System
19615,Cluster2-329,sys,0.0,True,System
19616,Cluster3-184,sys,0.0,True,System
19617,Cluster3-185,sys,0.0,True,System
19618,Cluster2-330,sys,0.0,True,System
19619,Cluster2-331,sys,0.0,True,System
19620,Cluster1-16,sys,0.0,True,System
19621,Cluster2-332,sys,0.0,True,System
19622,Cluster2-333,sys,0.0,True,System
19623,Cluster2-334,sys,0.0,True,System
19624,Cluster3-186,sys,0.0,True,System
19625,Cluster3-187,sys,0.0,True,System
19626,Cluster2-335,sys,0.0,True,System
19627,Cluster7-22,sys,0.0,True,System
19628,Cluster3-188,sys,0.0,True,System
19629,Cluster6-60,sys,0.0,True,System
19630,Cluster2-336,sys,0.0,True,System
19631,Cluster3-189,sys,0.0,True,System
19632,Cluster5-112,sys,0.0,True,System
19633,Cluster5-113,sys,0.0,True,System
19634,Cluster6-61,sys,0.0,True,System
19635,Cluster6-62,sys,0.0,True,System
19636,Cluster6-63,sys,0.0,True,System
19637,Cluster6-64,sys,0.0,True,System
19638,Cluster5-114,sys,0.0,True,System
19639,Cluster5-115,sys,0.0,True,System
19640,Cluster5-116,sys,0.0,True,System
19641,Cluster6-65,sys,0.0,True,System
19642,Cluster4-120,sys,0.0,True,System
19643,Cluster7-23,sys,0.0,True,System
19644,Cluster2-337,sys,0.3243668,True,System
19645,Cluster4-121,sys,0.0,True,System
19646,Cluster3-190,sys,0.0,True,System
19647,Cluster7-24,sys,0.0,True,System
19648,Cluster2-338,sys,0.0,True,System
19649,Cluster6-66,sys,0.0,True,System
19650,Cluster2-339,sys,0.0,True,System
19651,Cluster7-25,sys,0.0,True,System
19652,Cluster3-191,sys,0.0,True,System
19653,Cluster6-67,sys,0.0,True,System
19654,Cluster4-122,sys,0.0,True,System
19655,Cluster4-123,sys,0.0,True,System
19656,Cluster2-340,sys,0.0,True,System
19657,Cluster3-192,sys,0.0,True,System
19658,Cluster3-193,sys,1.0369277,True,System
19659,Cluster4-124,sys,0.0,True,System
19660,Cluster2-341,sys,0.0,True,System
19661,Cluster3-194,sys,0.0,True,System
19662,Cluster2-342,sys,0.0,True,System
19663,Cluster6-68,sys,0.0,True,System
19664,Cluster3-195,sys,0.0,True,System
19665,Cluster2-343,sys,0.0,True,System
19666,Cluster5-117,sys,0.0,True,System
19667,Cluster3-196,sys,0.0,True,System
19668,Cluster3-197,sys,0.0,True,System
19669,Cluster6-69,sys,0.0,True,System
19670,Cluster5-118,sys,0.0,True,System
19671,Cluster2-344,sys,0.0,True,System
19672,Cluster3-198,sys,0.0,True,System
19673,Cluster3-199,sys,0.0,True,System
19674,Cluster5-119,sys,0.0,True,System
19675,Cluster3-200,sys,0.0,True,System
19676,Cluster6-70,sys,0.0,True,System
19677,Cluster4-125,sys,0.0,True,System
19678,Cluster6-71,sys,0.0,True,System
19679,Cluster4-126,sys,0.0,True,System
19680,Cluster5-120,sys,0.0,True,System
19681,Cluster5-121,sys,0.0,True,System
19682,Cluster2-345,sys,0.0,True,System
19683,Cluster3-201,sys,0.0,True,System
19684,Cluster2-346,sys,0.0,True,System
19685,Cluster4-127,sys,0.0,True,System
19686,Cluster6-72,sys,0.0,True,System
19687,Cluster6-73,sys,0.0,True,System
19688,Cluster2-347,sys,0.0,True,System
19689,Cluster2-348,sys,0.0,True,System
19690,Cluster4-128,sys,0.0,True,System
19691,Cluster3-202,sys,0.0,True,System
19692,Cluster3-203,sys,0.0,True,System
19693,Cluster2-349,sys,0.0,True,System
19694,Cluster4-129,sys,0.0,True,System
19695,Cluster4-130,sys,0.0,True,System
19696,Cluster5-122,sys,0.0,True,System
19697,Cluster7-26,sys,0.0,True,System
19698,Cluster3-204,sys,0.0,True,System
19699,Cluster4-131,sys,0.0,True,System
19700,Cluster2-350,sys,0.0,True,System
19701,Cluster6-74,sys,0.0,True,System
19702,Cluster3-205,sys,0.0,True,System
19703,Cluster5-123,sys,0.0,True,System
19704,Cluster6-75,sys,0.0,True,System
19705,Cluster3-206,sys,0.0,True,System
19706,Cluster2-351,sys,0.0,True,System
19707,Cluster6-76,sys,0.0,True,System
19708,Cluster2-352,sys,0.0,True,System
19709,Cluster3-207,sys,0.0,True,System
19710,Cluster7-27,sys,0.0,True,System
19711,Cluster5-124,sys,0.0,True,System
19712,Cluster5-125,sys,0.0,True,System
19713,Cluster5-126,sys,0.0,True,System
19714,Cluster2-353,sys,0.0,True,System
19715,Cluster4-132,sys,0.0,True,System
19716,Cluster6-77,sys,0.0,True,System
19717,Cluster4-133,sys,0.0,True,System
19718,Cluster5-127,sys,0.0,True,System
19719,Cluster3-208,sys,0.0,True,System
19720,Cluster5-128,sys,0.0,True,System
19721,Cluster4-134,sys,0.0,True,System
19722,Cluster5-129,sys,0.0,True,System
19723,Cluster2-354,sys,0.0,True,System
19724,Cluster2-355,sys,0.0,True,System
19725,Cluster7-28,sys,0.0,True,System
19726,Cluster6-78,sys,0.0,True,System
19727,Cluster2-356,sys,0.0,True,System
19728,Cluster5-130,sys,0.0,True,System
19729,Cluster6-79,sys,0.0,True,System
19730,Cluster6-80,sys,0.0,True,System
19731,Cluster7-29,sys,0.0,True,System
19732,Cluster5-131,sys,0.0,True,System
19733,Cluster3-209,sys,0.0,True,System
19734,Cluster5-132,sys,0.0,True,System
19735,Cluster3-210,sys,0.0,True,System
19736,Cluster3-211,sys,0.0,True,System
19737,Cluster3-212,sys,0.0,True,System
19738,Cluster6-81,sys,0.0,True,System
19739,Cluster5-133,sys,0.0,True,System
19740,Cluster2-357,sys,0.0,True,System
19741,Cluster3-213,sys,0.0,True,System
19742,Cluster5-134,sys,0.0,True,System
19743,Cluster6-82,sys,0.0,True,System
19744,Cluster5-135,sys,0.0,True,System
19745,Cluster5-136,sys,0.0,True,System
19746,Cluster7-30,sys,0.0,True,System
19747,Cluster6-83,sys,0.0,True,System
19748,Cluster2-358,sys,0.0,True,System
19749,Cluster4-135,sys,0.0,True,System
19750,Cluster4-136,sys,0.0,True,System
19751,Cluster5-137,sys,0.0,True,System
19752,Cluster4-137,sys,0.0,True,System
19753,Cluster3-214,sys,0.0,True,System
19754,Cluster2-359,sys,0.0,True,System
19755,Cluster8-1,sys,0.0,True,System
19756,Cluster5-138,sys,0.0,True,System
19757,Cluster3-215,sys,0.0,True,System
19758,Cluster4-138,sys,0.0,True,System
19759,Cluster5-139,sys,0.0,True,System
19760,Cluster5-140,sys,0.0,True,System
19761,Cluster3-216,sys,0.0,True,System
19762,Cluster2-360,sys,0.0,True,System
19763,Cluster3-217,sys,0.0,True,System
19764,Cluster3-218,sys,0.0,True,System
19765,Cluster3-219,sys,0.0,True,System
19766,Cluster6-84,sys,0.0,True,System
19767,Cluster2-361,sys,0.0,True,System
19768,Cluster5-141,sys,0.0,True,System
19769,Cluster6-85,sys,0.0,True,System
19770,Cluster6-86,sys,0.0,True,System
19771,Cluster7-31,sys,0.0,True,System
19772,Cluster4-139,sys,0.0,True,System
19773,Cluster7-32,sys,0.0,True,System
19774,Cluster3-220,sys,0.0,True,System
19775,Cluster3-221,sys,0.0,True,System
19776,Cluster4-140,sys,0.0,True,System
19777,Cluster4-141,sys,0.0,True,System
19778,Cluster5-142,sys,0.0,True,System
19779,Cluster6-87,sys,0.0,True,System
19780,Cluster7-33,sys,0.0,True,System
19781,Cluster5-143,sys,0.0,True,System
19782,Cluster2-362,sys,0.0,True,System
19783,Cluster4-142,sys,0.0,True,System
19784,Cluster2-363,sys,0.0,True,System
19785,Cluster6-88,sys,0.0,True,System
19786,Cluster4-143,sys,0.0,True,System
19787,Cluster4-144,sys,0.0,True,System
19788,Cluster6-89,sys,0.0,True,System
19789,Cluster6-90,sys,0.0,True,System
19790,Cluster3-222,sys,0.0,True,System
19791,Cluster6-91,sys,0.0,True,System
19792,Cluster4-145,sys,0.0,True,System
19793,Cluster4-146,sys,0.0,True,System
19794,Cluster2-364,sys,0.0,True,System
19795,Cluster2-365,sys,0.0,True,System
19796,Cluster5-144,sys,0.0,True,System
19797,Cluster4-147,sys,0.0,True,System
19798,Cluster2-366,sys,0.0,True,System
19799,Cluster2-367,sys,0.0,True,System
19800,Cluster7-34,sys,0.0,True,System
19801,Cluster5-145,sys,0.0,True,System
19802,Cluster3-223,sys,0.0,True,System
19803,Cluster3-224,sys,0.0,True,System
19804,Cluster4-148,sys,0.0,True,System
19805,Cluster5-146,sys,0.0,True,System
19806,Cluster4-149,sys,0.0,True,System
19807,Cluster4-150,sys,0.0,True,System
19808,Cluster5-147,sys,0.0,True,System
19809,Cluster6-92,sys,0.0,True,System
19810,Cluster7-35,sys,0.0,True,System
19811,Cluster3-225,sys,0.0,True,System
19812,Cluster2-368,sys,0.0,True,System
19813,Cluster3-226,sys,0.54579884,True,System
19814,Cluster3-227,sys,0.0,True,System
19815,Cluster3-228,sys,0.0,True,System
19816,Cluster3-229,sys,0.0,True,System
19817,Cluster4-151,sys,0.0,True,System
19818,Cluster4-152,sys,0.0,True,System
19819,Cluster8-2,sys,0.0,True,System
19820,Cluster3-230,sys,0.0,True,System
19821,Cluster3-231,sys,0.0,True,System
19822,Cluster3-232,sys,0.0,True,System
19823,Cluster3-233,sys,0.0,True,System
19824,Cluster7-36,sys,0.0,True,System
19825,Cluster7-37,sys,0.0,True,System
19826,Cluster8-3,sys,0.0,True,System
19827,Cluster5-148,sys,0.0,True,System
19828,Cluster8-4,sys,0.0,True,System
19829,Cluster2-369,sys,0.0,True,System
19830,Cluster6-93,sys,0.0,True,System
19831,Cluster4-153,sys,0.0,True,System
19832,Cluster5-149,sys,0.0,True,System
19833,Cluster2-370,sys,0.0,True,System
19834,Cluster5-150,sys,0.0,True,System
19835,Cluster5-151,sys,0.0,True,System
19836,Cluster4-154,sys,0.0,True,System
19837,Cluster6-94,sys,0.0,True,System
19838,Cluster5-152,sys,0.0,True,System
19839,Cluster4-155,sys,0.0,True,System
19840,Cluster5-153,sys,0.0,True,System
19841,Cluster5-154,sys,0.0,True,System
19842,Cluster3-234,sys,0.0,True,System
19843,Cluster1-17,sys,0.0,True,System
19844,Cluster4-156,sys,0.0,True,System
19845,Cluster4-157,sys,0.0,True,System
19846,Cluster6-95,sys,0.0,True,System
19847,Cluster7-38,sys,0.0,True,System
19848,Cluster3-235,sys,0.0,True,System
19849,Cluster5-155,sys,0.0,True,System
19850,Cluster4-158,sys,0.0,True,System
19851,Cluster8-5,sys,0.0,True,System
19852,Cluster2-371,sys,0.0,True,System
19853,Cluster6-96,sys,0.0,True,System
19854,Cluster3-236,sys,0.0,True,System
19855,Cluster4-159,sys,0.0,True,System
19856,Cluster4-160,sys,0.0,True,System
19857,Cluster2-372,sys,0.0,True,System
19858,Cluster5-156,sys,0.0,True,System
19859,Cluster3-237,sys,0.0,True,System
19860,Cluster5-157,sys,0.0,True,System
19861,Cluster6-97,sys,0.0,True,System
19862,Cluster4-161,sys,0.0,True,System
19863,Cluster5-158,sys,0.0,True,System
19864,Cluster6-98,sys,0.0,True,System
19865,Cluster5-159,sys,0.0,True,System
19866,Cluster7-39,sys,0.0,True,System
19867,Cluster6-99,sys,0.0,True,System
19868,Cluster4-162,sys,0.0,True,System
19869,Cluster6-100,sys,0.0,True,System
19870,Cluster2-373,sys,0.0,True,System
19871,Cluster3-238,sys,0.0,True,System
19872,Cluster5-160,sys,0.0,True,System
19873,Cluster5-161,sys,0.0,True,System
19874,Cluster6-101,sys,0.0,True,System
19875,Cluster2-374,sys,0.0,True,System
19876,Cluster1-18,sys,0.0,True,System
19877,Cluster4-163,sys,0.0,True,System
19878,Cluster4-164,sys,0.0,True,System
19879,Cluster3-239,sys,0.0,True,System
19880,Cluster4-165,sys,0.0,True,System
19881,Cluster4-166,sys,0.0,True,System
19882,Cluster2-375,sys,0.0,True,System
19883,Cluster3-240,sys,0.0,True,System
19884,Cluster5-162,sys,0.0,True,System
19885,Cluster4-167,sys,0.0,True,System
19886,Cluster4-168,sys,0.0,True,System
19887,Cluster5-163,sys,0.0,True,System
19888,Cluster7-40,sys,0.0,True,System
19889,Cluster4-169,sys,0.0,True,System
19890,Cluster3-241,sys,0.0,True,System
19891,Cluster5-164,sys,0.0,True,System
19892,Cluster2-376,sys,0.0,True,System
19893,Cluster6-102,sys,0.0,True,System
19894,Cluster3-242,sys,0.0,True,System
19895,Cluster2-377,sys,0.0,True,System
19896,Cluster2-378,sys,0.0,True,System
19897,Cluster4-170,sys,0.0,True,System
19898,Cluster2-379,sys,0.0,True,System
19899,Cluster5-165,sys,0.0,True,System
19900,Cluster3-243,sys,0.0,True,System
19901,Cluster5-166,sys,0.0,True,System
19902,Cluster2-380,sys,0.0,True,System
19903,Cluster4-171,sys,0.0,True,System
19904,Cluster4-172,sys,0.0,True,System
19905,Cluster7-41,sys,0.0,True,System
19906,Cluster5-167,sys,0.0,True,System
19907,Cluster3-244,sys,0.0,True,System
19908,Cluster3-245,sys,0.0,True,System
19909,Cluster5-168,sys,0.0,True,System
19910,Cluster3-246,sys,0.0,True,System
19911,Cluster4-173,sys,0.0,True,System
19912,Cluster2-381,sys,0.0,True,System
19913,Cluster2-382,sys,0.0,True,System
19914,Cluster2-383,sys,0.0,True,System
19915,Cluster5-169,sys,0.0,True,System
19916,Cluster6-103,sys,0.0,True,System
19917,Cluster3-247,sys,0.0,True,System
19918,Cluster2-384,sys,0.0,True,System
19919,Cluster4-174,sys,0.0,True,System
19920,Cluster5-170,sys,0.0,True,System
19921,Cluster3-248,sys,0.0,True,System
19922,Cluster7-42,sys,0.0,True,System
19923,Cluster4-175,sys,0.0,True,System
19924,Cluster5-171,sys,0.0,True,System
19925,Cluster4-176,sys,0.0,True,System
19926,Cluster2-385,sys,0.0,True,System
19927,Cluster5-172,sys,0.0,True,System
19928,Cluster6-104,sys,0.0,True,System
19929,Cluster3-249,sys,0.0,True,System
19930,Cluster3-250,sys,0.0,True,System
19931,Cluster4-177,sys,0.0,True,System
19932,Cluster3-251,sys,0.0,True,System
19933,Cluster4-178,sys,0.0,True,System
19934,Cluster4-179,sys,0.0,True,System
19935,Cluster2-386,sys,0.0,True,System
19936,Cluster2-387,sys,0.0,True,System
19937,Cluster3-252,sys,0.0,True,System
19938,Cluster5-173,sys,0.0,True,System
19939,Cluster4-180,sys,0.0,True,System
19940,Cluster5-174,sys,0.0,True,System
19941,Cluster5-175,sys,0.0,True,System
19942,Cluster5-176,sys,0.0,True,System
19943,Cluster3-253,sys,0.0,True,System
19944,Cluster5-177,sys,0.0,True,System
19945,Cluster5-178,sys,0.0,True,System
19946,Cluster3-254,sys,0.0,True,System
19947,Cluster5-179,sys,0.0,True,System
19948,Cluster6-105,sys,0.0,True,System
19949,Cluster6-106,sys,0.0,True,System
19950,Cluster8-6,sys,0.0,True,System
19951,Cluster3-255,sys,0.0,True,System
19952,Cluster8-7,sys,0.0,True,System
19953,Cluster8-8,sys,0.0,True,System
19954,Cluster2-388,sys,0.0,True,System
19955,Cluster4-181,sys,0.0,True,System
19956,Cluster8-9,sys,0.0,True,System
19957,Cluster5-180,sys,0.0,True,System
19958,Cluster2-389,sys,0.0,True,System
19959,Cluster6-107,sys,0.0,True,System
19960,Cluster5-181,sys,0.0,True,System
19961,Cluster3-256,sys,0.0,True,System
19962,Cluster7-43,sys,0.0,True,System
19963,Cluster3-257,sys,0.0,True,System
19964,Cluster6-108,sys,0.0,True,System
19965,Cluster4-182,sys,0.0,True,System
19966,Cluster3-258,sys,0.0,True,System
19967,Cluster3-259,sys,0.0,True,System
19968,Cluster5-182,sys,0.0,True,System
19969,Cluster5-183,sys,0.0,True,System
19970,Cluster4-183,sys,0.0,True,System
19971,Cluster3-260,sys,0.0,True,System
19972,Cluster3-261,sys,0.0,True,System
19973,Cluster5-184,sys,0.0,True,System
19974,Cluster5-185,sys,0.0,True,System
19975,Cluster4-184,sys,0.0,True,System
19976,Cluster3-262,sys,0.0,True,System
19977,Cluster4-185,sys,0.0,True,System
19978,Cluster5-186,sys,0.0,True,System
19979,Cluster5-187,sys,0.0,True,System
19980,Cluster3-263,sys,0.0,True,System
19981,Cluster4-186,sys,0.0,True,System
19982,Cluster3-264,sys,0.0,True,System
19983,Cluster3-265,sys,0.0,True,System
19984,Cluster5-188,sys,0.0,True,System
19985,Cluster5-189,sys,0.0,True,System
19986,Cluster5-190,sys,4.2607307,True,System
19987,Cluster6-109,sys,0.0,True,System
19988,Cluster6-110,sys,0.0,True,System
19989,Cluster4-187,sys,0.0,True,System
19990,Cluster5-191,sys,0.0,True,System
19991,Cluster3-266,sys,0.0,True,System
19992,Cluster4-188,sys,0.0,True,System
19993,Cluster6-111,sys,0.0,True,System
19994,Cluster5-192,sys,0.0,True,System
19995,Cluster3-267,sys,0.0,True,System
19996,Cluster3-268,sys,0.0,True,System
19997,Cluster3-269,sys,0.0,True,System
19998,Cluster4-189,sys,0.0,True,System
19999,Cluster5-193,sys,0.0,True,System
20000,Cluster6-112,sys,0.0,True,System
20001,Cluster7-44,sys,0.0,True,System
20002,Cluster3-270,sys,0.0,True,System
20003,Cluster4-190,sys,0.0,True,System
20004,Cluster3-271,sys,0.0,True,System
20005,Cluster9-0,sys,0.0,True,System
20006,Cluster3-272,sys,0.0,True,System
20007,Cluster6-113,sys,0.0,True,System
20008,Cluster4-191,sys,0.0,True,System
20009,Cluster3-273,sys,0.0,True,System
20010,Cluster5-194,sys,0.0,True,System
20011,Cluster3-274,sys,0.0,True,System
20012,Cluster6-114,sys,0.0,True,System
20013,Cluster5-195,sys,0.0,True,System
20014,Cluster6-115,sys,0.0,True,System
20015,Cluster4-192,sys,0.0,True,System
20016,Cluster5-196,sys,0.0,True,System
20017,Cluster5-197,sys,0.0,True,System
20018,Cluster2-390,sys,0.0,True,System
20019,Cluster4-193,sys,0.0,True,System
20020,Cluster5-198,sys,0.0,True,System
20021,Cluster5-199,sys,0.0,True,System
20022,Cluster5-200,sys,0.0,True,System
20023,Cluster7-45,sys,0.0,True,System
20024,Cluster2-391,sys,0.0,True,System
20025,Cluster6-116,sys,0.0,True,System
20026,Cluster5-201,sys,0.0,True,System
20027,Cluster4-194,sys,0.0,True,System
20028,Cluster6-117,sys,0.0,True,System
20029,Cluster6-118,sys,0.0,True,System
20030,Cluster2-392,sys,0.0,True,System
20031,Cluster4-195,sys,0.0,True,System
20032,Cluster3-275,sys,0.0,True,System
20033,Cluster4-196,sys,0.0,True,System
20034,Cluster4-197,sys,0.0,True,System
20035,Cluster6-119,sys,0.0,True,System
20036,Cluster7-46,sys,0.0,True,System
20037,Cluster3-276,sys,0.0,True,System
20038,Cluster6-120,sys,0.0,True,System
20039,Cluster3-277,sys,0.0,True,System
20040,Cluster2-393,sys,0.0,True,System
20041,Cluster5-202,sys,0.0,True,System
20042,Cluster5-203,sys,0.0,True,System
20043,Cluster4-198,sys,0.0,True,System
20044,Cluster4-199,sys,0.0,True,System
20045,Cluster3-278,sys,0.0,True,System
20046,Cluster2-394,sys,0.0,True,System
20047,Cluster4-200,sys,0.0,True,System
20048,Cluster3-279,sys,0.0,True,System
20049,Cluster5-204,sys,0.0,True,System
20050,Cluster5-205,sys,0.0,True,System
20051,Cluster5-206,sys,0.0,True,System
20052,Cluster7-47,sys,0.0,True,System
20053,Cluster2-395,sys,0.0,True,System
20054,Cluster5-207,sys,0.0,True,System
20055,Cluster2-396,sys,0.0,True,System
20056,Cluster7-48,sys,0.0,True,System
20057,Cluster5-208,sys,0.0,True,System
20058,Cluster2-397,sys,0.0,True,System
20059,Cluster2-398,sys,0.0,True,System
20060,Cluster3-280,sys,0.0,True,System
20061,Cluster3-281,sys,0.0,True,System
20062,Cluster7-49,sys,0.0,True,System
20063,Cluster6-121,sys,0.0,True,System
20064,Cluster2-399,sys,2.4997559,True,System
20065,Cluster5-209,sys,0.0,True,System
20066,Cluster6-122,sys,0.0,True,System
20067,Cluster2-400,sys,0.0,True,System
20068,Cluster2-401,sys,0.0,True,System
20069,Cluster8-10,sys,0.0,True,System
20070,Cluster2-402,sys,0.0,True,System
20071,Cluster5-210,sys,0.0,True,System
20072,Cluster3-282,sys,0.0,True,System
20073,Cluster6-123,sys,0.0,True,System
20074,Cluster5-211,sys,0.0,True,System
20075,Cluster1-19,sys,0.0,True,System
20076,Cluster5-212,sys,0.0,True,System
20077,Cluster5-213,sys,0.0,True,System
20078,Cluster4-201,sys,0.0,True,System
20079,Cluster4-202,sys,0.0,True,System
20080,Cluster3-283,sys,0.0,True,System
20081,Cluster3-284,sys,0.0,True,System
20082,Cluster5-214,sys,0.0,True,System
20083,Cluster4-203,sys,0.8356113,True,System
20084,Cluster5-215,sys,0.0,True,System
20085,Cluster4-204,sys,0.0,True,System
20086,Cluster3-285,sys,0.0,True,System
20087,Cluster4-205,sys,0.0,True,System
20088,Cluster3-286,sys,0.0,True,System
20089,Cluster2-403,sys,0.0,True,System
20090,Cluster2-404,sys,0.0,True,System
20091,Cluster3-287,sys,0.0,True,System
20092,Cluster2-405,sys,0.0,True,System
20093,Cluster3-288,sys,0.0,True,System
20094,Cluster6-124,sys,0.0,True,System
20095,Cluster5-216,sys,0.0,True,System
20096,Cluster3-289,sys,0.0,True,System
20097,Cluster2-406,sys,0.0,True,System
20098,Cluster1-20,sys,0.0,True,System
20099,Cluster3-290,sys,0.0,True,System
20100,Cluster3-291,sys,0.0,True,System
20101,Cluster2-407,sys,0.0,True,System
20102,Cluster3-292,sys,0.0,True,System
20103,Cluster4-206,sys,0.0,True,System
20104,Cluster3-293,sys,0.0,True,System
20105,Cluster5-217,sys,0.0,True,System
20106,Cluster7-50,sys,0.0,True,System
20107,Cluster3-294,sys,0.0,True,System
20108,Cluster4-207,sys,0.0,True,System
20109,Cluster5-218,sys,0.0,True,System
20110,Cluster7-51,sys,0.0,True,System
20111,Cluster6-125,sys,0.0,True,System
20112,Cluster3-295,sys,0.0,True,System
20113,Cluster7-52,sys,0.0,True,System
20114,Cluster6-126,sys,0.0,True,System
20115,Cluster5-219,sys,0.0,True,System
20116,Cluster5-220,sys,0.0,True,System
20117,Cluster6-127,sys,0.0,True,System
20118,Cluster6-128,sys,0.0,True,System
20119,Cluster3-296,sys,0.0,True,System
20120,Cluster7-53,sys,0.0,True,System
20121,Cluster5-221,sys,0.0,True,System
20122,Cluster8-11,sys,0.0,True,System
20123,Cluster5-222,sys,0.0,True,System
20124,Cluster7-54,sys,0.0,True,System
20125,Cluster8-12,sys,0.0,True,System
20126,Cluster3-297,sys,0.0,True,System
20127,Cluster5-223,sys,0.0,True,System
20128,Cluster8-13,sys,0.0,True,System
20129,Cluster2-408,sys,0.0,True,System
20130,Cluster3-298,sys,0.0,True,System
20131,Cluster4-208,sys,0.0,True,System
20132,Cluster3-299,sys,0.0,True,System
20133,Cluster2-409,sys,0.0,True,System
20134,Cluster7-55,sys,0.0,True,System
20135,Cluster7-56,sys,0.0,True,System
20136,Cluster3-300,sys,0.0,True,System
20137,Cluster7-57,sys,0.0,True,System
20138,Cluster2-410,sys,0.0,True,System
20139,Cluster2-411,sys,0.0,True,System
20140,Cluster4-209,sys,0.0,True,System
20141,Cluster5-224,sys,0.0,True,System
20142,Cluster6-129,sys,0.0,True,System
20143,Cluster5-225,sys,0.0,True,System
20144,Cluster2-412,sys,0.0,True,System
20145,Cluster2-413,sys,0.0,True,System
20146,Cluster4-210,sys,0.0,True,System
20147,Cluster6-130,sys,0.0,True,System
20148,Cluster7-58,sys,0.0,True,System
20149,Cluster8-14,sys,0.0,True,System
20150,Cluster5-226,sys,0.0,True,System
20151,Cluster4-211,sys,0.0,True,System
20152,Cluster7-59,sys,0.0,True,System
20153,Cluster2-414,sys,0.0,True,System
20154,Cluster4-212,sys,0.0,True,System
20155,Cluster5-227,sys,0.0,True,System
20156,Cluster5-228,sys,0.0,True,System
20157,Cluster5-229,sys,0.0,True,System
20158,Cluster2-415,sys,0.0,True,System
20159,Cluster4-213,sys,0.0,True,System
20160,Cluster4-214,sys,0.0,True,System
20161,Cluster5-230,sys,0.0,True,System
20162,Cluster3-301,sys,0.0,True,System
20163,Cluster4-215,sys,0.0,True,System
20164,Cluster3-302,sys,0.0,True,System
20165,Cluster5-231,sys,0.0,True,System
20166,Cluster3-303,sys,0.0,True,System
20167,Cluster5-232,sys,0.0,True,System
20168,Cluster6-131,sys,0.0,True,System
20169,Cluster3-304,sys,0.0,True,System
20170,Cluster4-216,sys,0.0,True,System
20171,Cluster5-233,sys,0.0,True,System
20172,Cluster5-234,sys,0.0,True,System
20173,Cluster2-416,sys,0.0,True,System
20174,Cluster6-132,sys,0.0,True,System
20175,Cluster7-60,sys,0.0,True,System
20176,Cluster4-217,sys,0.0,True,System
20177,Cluster2-417,sys,0.0,True,System
20178,Cluster5-235,sys,0.0,True,System
20179,Cluster2-418,sys,0.0,True,System
20180,Cluster3-305,sys,0.0,True,System
20181,Cluster3-306,sys,0.0,True,System
20182,Cluster3-307,sys,0.0,True,System
20183,Cluster2-419,sys,0.0,True,System
20184,Cluster7-61,sys,0.0,True,System
20185,Cluster5-236,sys,0.0,True,System
20186,Cluster2-420,sys,0.0,True,System
20187,Cluster6-133,sys,0.0,True,System
20188,Cluster5-237,sys,0.0,True,System
20189,Cluster6-134,sys,0.0,True,System
20190,Cluster6-135,sys,0.0,True,System
20191,Cluster4-218,sys,0.0,True,System
20192,Cluster7-62,sys,0.0,True,System
20193,Cluster5-238,sys,0.0,True,System
20194,Cluster4-219,sys,0.0,True,System
20195,Cluster7-63,sys,0.0,True,System
20196,Cluster3-308,sys,0.0,True,System
20197,Cluster8-15,sys,0.0,True,System
20198,Cluster7-64,sys,0.8565186,True,System
20199,Cluster3-309,sys,0.0,True,System
20200,Cluster2-421,sys,0.0,True,System
20201,Cluster3-310,sys,0.0,True,System
20202,Cluster2-422,sys,0.0,True,System
20203,Cluster5-239,sys,0.0,True,System
20204,Cluster7-65,sys,0.0,True,System
20205,Cluster3-311,sys,0.0,True,System
20206,Cluster4-220,sys,0.0,True,System
20207,Cluster6-136,sys,0.0,True,System
20208,Cluster4-221,sys,0.0,True,System
20209,Cluster4-222,sys,0.0,True,System
20210,Cluster3-312,sys,0.0,True,System
20211,Cluster3-313,sys,0.0,True,System
20212,Cluster3-314,sys,0.0,True,System
20213,Cluster3-315,sys,0.0,True,System
20214,Cluster5-240,sys,0.0,True,System
20215,Cluster8-16,sys,0.0,True,System
20216,Cluster2-423,sys,0.0,True,System
20217,Cluster9-1,sys,0.0,True,System
20218,Cluster6-137,sys,0.34354272,True,System
20219,Cluster4-223,sys,0.0,True,System
20220,Cluster4-224,sys,0.0,True,System
20221,Cluster5-241,sys,0.0,True,System
20222,Cluster4-225,sys,0.0,True,System
20223,Cluster4-226,sys,0.0,True,System
20224,Cluster4-227,sys,0.0,True,System
20225,Cluster8-17,sys,0.0,True,System
20226,Cluster7-66,sys,0.0,True,System
20227,Cluster5-242,sys,0.0,True,System
20228,Cluster5-243,sys,0.0,True,System
20229,Cluster6-138,sys,0.0,True,System
20230,Cluster5-244,sys,0.0,True,System
20231,Cluster4-228,sys,0.0,True,System
20232,Cluster7-67,sys,0.0,True,System
20233,Cluster4-229,sys,0.0,True,System
20234,Cluster7-68,sys,0.0,True,System
20235,Cluster3-316,sys,0.0,True,System
20236,Cluster6-139,sys,0.0,True,System
20237,Cluster5-245,sys,0.0,True,System
20238,Cluster4-230,sys,0.0,True,System
20239,Cluster5-246,sys,0.0,True,System
20240,Cluster5-247,sys,0.0,True,System
20241,Cluster3-317,sys,0.0,True,System
20242,Cluster3-318,sys,0.0,True,System
20243,Cluster4-231,sys,0.0,True,System
20244,Cluster3-319,sys,0.0,True,System
20245,Cluster5-248,sys,0.0,True,System
20246,Cluster2-424,sys,0.0,True,System
20247,Cluster4-232,sys,0.0,True,System
20248,Cluster7-69,sys,0.0,True,System
20249,Cluster4-233,sys,0.0,True,System
20250,Cluster4-234,sys,0.0,True,System
20251,Cluster7-70,sys,0.0,True,System
20252,Cluster7-71,sys,0.0,True,System
20253,Cluster2-425,sys,0.0,True,System
20254,Cluster4-235,sys,0.0,True,System
20255,Cluster4-236,sys,0.0,True,System
20256,Cluster5-249,sys,0.0,True,System
20257,Cluster4-237,sys,0.0,True,System
20258,Cluster5-250,sys,0.0,True,System
20259,Cluster6-140,sys,0.0,True,System
20260,Cluster5-251,sys,0.0,True,System
20261,Cluster5-252,sys,0.0,True,System
20262,Cluster2-426,sys,0.0,True,System
20263,Cluster3-320,sys,0.0,True,System
20264,Cluster6-141,sys,0.0,True,System
20265,Cluster2-427,sys,0.0,True,System
20266,Cluster6-142,sys,0.0,True,System
20267,Cluster7-72,sys,1.1841024,True,System
20268,Cluster4-238,sys,0.0,True,System
20269,Cluster7-73,sys,0.0,True,System
20270,Cluster2-428,sys,0.0,True,System
20271,Cluster3-321,sys,0.0,True,System
20272,Cluster3-322,sys,0.0,True,System
20273,Cluster3-323,sys,0.0,True,System
20274,Cluster5-253,sys,0.0,True,System
20275,Cluster4-239,sys,0.0,True,System
20276,Cluster7-74,sys,0.0,True,System
20277,Cluster2-429,sys,0.0,True,System
20278,Cluster3-324,sys,0.0,True,System
20279,Cluster5-254,sys,0.0,True,System
20280,Cluster3-325,sys,0.0,True,System
20281,Cluster5-255,sys,0.0,True,System
20282,Cluster2-430,sys,0.0,True,System
20283,Cluster2-431,sys,1.4617944,True,System
20284,Cluster2-432,sys,0.0,True,System
20285,Cluster3-326,sys,0.0,True,System
20286,Cluster6-143,sys,0.0,True,System
20287,Cluster5-256,sys,0.0,True,System
20288,Cluster6-144,sys,0.0,True,System
20289,Cluster2-433,sys,0.0,True,System
20290,Cluster8-18,sys,0.0,True,System
20291,Cluster6-145,sys,0.0,True,System
20292,Cluster2-434,sys,0.0,True,System
20293,Cluster2-435,sys,0.0,True,System
20294,Cluster5-257,sys,0.0,True,System
20295,Cluster2-436,sys,0.0,True,System
20296,Cluster2-437,sys,0.0,True,System
20297,Cluster2-438,sys,0.0,True,System
20298,Cluster2-439,sys,0.0,True,System
20299,Cluster5-258,sys,0.0,True,System
20300,Cluster5-259,sys,0.0,True,System
20301,Cluster6-146,sys,0.0,True,System
20302,Cluster2-440,sys,0.0,True,System
20303,Cluster6-147,sys,0.0,True,System
20304,Cluster4-240,sys,0.0,True,System
20305,Cluster2-441,sys,2.2352858,True,System
20306,Cluster6-148,sys,0.0,True,System
20307,Cluster4-241,sys,0.0,True,System
20308,Cluster4-242,sys,0.0,True,System
20309,Cluster5-260,sys,0.0,True,System
20310,Cluster5-261,sys,0.0,True,System
20311,Cluster2-442,sys,0.0,True,System
20312,Cluster7-75,sys,0.0,True,System
20313,Cluster6-149,sys,0.0,True,System
20314,Cluster4-243,sys,0.0,True,System
20315,Cluster2-443,sys,0.0,True,System
20316,Cluster1-21,sys,0.0,True,System
20317,Cluster2-444,sys,0.0,True,System
20318,Cluster2-445,sys,0.0,True,System
20319,Cluster6-150,sys,0.0,True,System
20320,Cluster2-446,sys,0.0,True,System
20321,Cluster5-262,sys,0.0,True,System
20322,Cluster4-244,sys,0.0,True,System
20323,Cluster2-447,sys,0.0,True,System
20324,Cluster5-263,sys,0.0,True,System
20325,Cluster6-151,sys,0.0,True,System
20326,Cluster4-245,sys,0.0,True,System
20327,Cluster2-448,sys,0.0,True,System
20328,Cluster3-327,sys,0.0,True,System
20329,Cluster4-246,sys,0.0,True,System
20330,Cluster4-247,sys,0.0,True,System
20331,Cluster7-76,sys,0.0,True,System
20332,Cluster5-264,sys,0.0,True,System
20333,Cluster6-152,sys,0.0,True,System
20334,Cluster4-248,sys,0.0,True,System
20335,Cluster5-265,sys,0.0,True,System
20336,Cluster5-266,sys,0.0,True,System
20337,Cluster7-77,sys,0.0,True,System
20338,Cluster5-267,sys,0.0,True,System
20339,Cluster4-249,sys,0.0,True,System
20340,Cluster3-328,sys,0.0,True,System
20341,Cluster6-153,sys,0.0,True,System
20342,Cluster6-154,sys,0.0,True,System
20343,Cluster5-268,sys,0.0,True,System
20344,Cluster2-449,sys,0.0,True,System
20345,Cluster7-78,sys,0.0,True,System
20346,Cluster2-450,sys,0.0,True,System
20347,Cluster5-269,sys,0.0,True,System
20348,Cluster3-329,sys,0.0,True,System
20349,Cluster5-270,sys,0.0,True,System
20350,Cluster4-250,sys,0.0,True,System
20351,Cluster7-79,sys,0.0,True,System
20352,Cluster4-251,sys,0.0,True,System
20353,Cluster3-330,sys,0.0,True,System
20354,Cluster2-451,sys,0.0,True,System
20355,Cluster2-452,sys,0.0,True,System
20356,Cluster5-271,sys,0.0,True,System
20357,Cluster6-155,sys,0.0,True,System
20358,Cluster3-331,sys,0.0,True,System
20359,Cluster4-252,sys,0.0,True,System
20360,Cluster2-453,sys,0.0,True,System
20361,Cluster4-253,sys,0.0,True,System
20362,Cluster4-254,sys,1.0176823,True,System
20363,Cluster8-19,sys,0.0,True,System
20364,Cluster4-255,sys,0.0,True,System
20365,Cluster7-80,sys,0.0,True,System
20366,Cluster7-81,sys,0.0,True,System
20367,Cluster5-272,sys,0.0,True,System
20368,Cluster3-332,sys,0.0,True,System
20369,Cluster5-273,sys,0.0,True,System
20370,Cluster3-333,sys,0.0,True,System
20371,Cluster7-82,sys,0.0,True,System
20372,Cluster2-454,sys,0.0,True,System
20373,Cluster6-156,sys,0.0,True,System
20374,Cluster3-334,sys,1.2761064,True,System
20375,Cluster3-335,sys,0.0,True,System
20376,Cluster5-274,sys,0.0,True,System
20377,Cluster2-455,sys,0.0,True,System
20378,Cluster4-256,sys,0.0,True,System
20379,Cluster6-157,sys,0.0,True,System
20380,Cluster3-336,sys,0.0,True,System
20381,Cluster4-257,sys,0.0,True,System
20382,Cluster2-456,sys,0.0,True,System
20383,Cluster5-275,sys,0.0,True,System
20384,Cluster7-83,sys,0.0,True,System
20385,Cluster3-337,sys,0.0,True,System
20386,Cluster4-258,sys,0.0,True,System
20387,Cluster6-158,sys,0.0,True,System
20388,Cluster5-276,sys,0.0,True,System
20389,Cluster4-259,sys,0.0,True,System
20390,Cluster3-338,sys,0.0,True,System
20391,Cluster4-260,sys,0.0,True,System
20392,Cluster4-261,sys,0.0,True,System
20393,Cluster9-2,sys,0.0,True,System
20394,Cluster6-159,sys,0.0,True,System
20395,Cluster8-20,sys,0.0,True,System
20396,Cluster4-262,sys,0.0,True,System
20397,Cluster2-457,sys,0.0,True,System
20398,Cluster5-277,sys,0.0,True,System
20399,Cluster4-263,sys,0.0,True,System
20400,Cluster3-339,sys,0.0,True,System
20401,Cluster4-264,sys,0.0,True,System
20402,Cluster2-458,sys,0.0,True,System
20403,Cluster3-340,sys,0.0,True,System
20404,Cluster2-459,sys,0.0,True,System
20405,Cluster3-341,sys,0.0,True,System
20406,Cluster3-342,sys,0.0,True,System
20407,Cluster7-84,sys,0.0,True,System
20408,Cluster6-160,sys,0.0,True,System
20409,Cluster6-161,sys,0.0,True,System
20410,Cluster2-460,sys,0.0,True,System
20411,Cluster4-265,sys,0.0,True,System
20412,Cluster7-85,sys,0.0,True,System
20413,Cluster4-266,sys,0.0,True,System
20414,Cluster6-162,sys,0.0,True,System
20415,Cluster3-343,sys,0.0,True,System
20416,Cluster5-278,sys,0.0,True,System
20417,Cluster7-86,sys,0.0,True,System
20418,Cluster7-87,sys,0.0,True,System
20419,Cluster7-88,sys,0.0,True,System
20420,Cluster7-89,sys,0.0,True,System
20421,Cluster3-344,sys,0.0,True,System
20422,Cluster6-163,sys,0.0,True,System
20423,Cluster3-345,sys,0.0,True,System
20424,Cluster4-267,sys,0.0,True,System
20425,Cluster6-164,sys,0.0,True,System
20426,Cluster5-279,sys,0.0,True,System
20427,Cluster6-165,sys,0.0,True,System
20428,Cluster7-90,sys,0.0,True,System
20429,Cluster6-166,sys,0.0,True,System
20430,Cluster6-167,sys,0.0,True,System
20431,Cluster5-280,sys,0.0,True,System
20432,Cluster3-346,sys,0.0,True,System
20433,Cluster4-268,sys,0.0,True,System
20434,Cluster7-91,sys,0.0,True,System
20435,Cluster5-281,sys,0.0,True,System
20436,Cluster7-92,sys,0.0,True,System
20437,Cluster3-347,sys,0.0,True,System
20438,Cluster4-269,sys,0.0,True,System
20439,Cluster7-93,sys,0.0,True,System
20440,Cluster5-282,sys,0.0,True,System
20441,Cluster3-348,sys,0.0,True,System
20442,Cluster2-461,sys,0.0,True,System
20443,Cluster3-349,sys,0.0,True,System
20444,Cluster3-350,sys,0.0,True,System
20445,Cluster3-351,sys,0.0,True,System
20446,Cluster6-168,sys,0.0,True,System
20447,Cluster7-94,sys,0.0,True,System
20448,Cluster2-462,sys,0.0,True,System
20449,Cluster3-352,sys,0.0,True,System
20450,Cluster4-270,sys,0.0,True,System
20451,Cluster6-169,sys,0.0,True,System
20452,Cluster5-283,sys,0.0,True,System
20453,Cluster4-271,sys,0.0,True,System
20454,Cluster5-284,sys,0.0,True,System
20455,Cluster4-272,sys,0.0,True,System
20456,Cluster8-21,sys,0.0,True,System
20457,Cluster2-463,sys,0.0,True,System
20458,Cluster4-273,sys,0.0,True,System
20459,Cluster3-353,sys,0.0,True,System
20460,Cluster5-285,sys,0.0,True,System
20461,Cluster4-274,sys,0.0,True,System
20462,Cluster5-286,sys,0.0,True,System
20463,Cluster5-287,sys,0.0,True,System
20464,Cluster8-22,sys,0.0,True,System
20465,Cluster5-288,sys,0.0,True,System
20466,Cluster4-275,sys,0.0,True,System
20467,Cluster2-464,sys,0.0,True,System
20468,Cluster2-465,sys,0.0,True,System
20469,Cluster5-289,sys,0.0,True,System
20470,Cluster5-290,sys,0.0,True,System
20471,Cluster3-354,sys,0.0,True,System
20472,Cluster4-276,sys,0.0,True,System
20473,Cluster4-277,sys,0.0,True,System
20474,Cluster3-355,sys,0.0,True,System
20475,Cluster3-356,sys,0.0,True,System
20476,Cluster5-291,sys,0.0,True,System
20477,Cluster4-278,sys,0.0,True,System
20478,Cluster3-357,sys,0.0,True,System
20479,Cluster6-170,sys,0.0,True,System
20480,Cluster5-292,sys,0.0,True,System
20481,Cluster5-293,sys,0.0,True,System
20482,Cluster5-294,sys,0.0,True,System
20483,Cluster5-295,sys,0.0,True,System
20484,Cluster2-466,sys,0.0,True,System
20485,Cluster5-296,sys,0.0,True,System
20486,Cluster7-95,sys,0.0,True,System
20487,Cluster4-279,sys,0.0,True,System
20488,Cluster2-467,sys,0.0,True,System
20489,Cluster3-358,sys,0.0,True,System
20490,Cluster7-96,sys,0.0,True,System
20491,Cluster5-297,sys,0.0,True,System
20492,Cluster2-468,sys,0.0,True,System
20493,Cluster6-171,sys,0.0,True,System
20494,Cluster6-172,sys,0.0,True,System
20495,Cluster4-280,sys,0.0,True,System
20496,Cluster4-281,sys,0.0,True,System
20497,Cluster6-173,sys,0.0,True,System
20498,Cluster7-97,sys,0.0,True,System
20499,Cluster3-359,sys,0.0,True,System
20500,Cluster5-298,sys,0.0,True,System
20501,Cluster3-360,sys,0.0,True,System
20502,Cluster5-299,sys,0.0,True,System
20503,Cluster6-174,sys,0.0,True,System
20504,Cluster5-300,sys,0.0,True,System
20505,Cluster4-282,sys,0.0,True,System
20506,Cluster3-361,sys,0.0,True,System
20507,Cluster2-469,sys,3.0544105,True,System
20508,Cluster2-470,sys,0.0,True,System
20509,Cluster2-471,sys,0.0,True,System
20510,Cluster6-175,sys,0.0,True,System
20511,Cluster4-283,sys,0.0,True,System
20512,Cluster3-362,sys,0.0,True,System
20513,Cluster6-176,sys,0.0,True,System
20514,Cluster4-284,sys,0.0,True,System
20515,Cluster6-177,sys,0.0,True,System
20516,Cluster4-285,sys,0.0,True,System
20517,Cluster6-178,sys,0.0,True,System
20518,Cluster3-363,sys,0.0,True,System
20519,Cluster6-179,sys,0.0,True,System
20520,Cluster3-364,sys,0.0,True,System
20521,Cluster4-286,sys,0.0,True,System
20522,Cluster4-287,sys,0.0,True,System
20523,Cluster2-472,sys,0.0,True,System
20524,Cluster3-365,sys,0.0,True,System
20525,Cluster6-180,sys,0.0,True,System
20526,Cluster4-288,sys,0.0,True,System
20527,Cluster3-366,sys,0.0,True,System
20528,Cluster6-181,sys,0.0,True,System
20529,Cluster3-367,sys,0.0,True,System
20530,Cluster3-368,sys,0.0,True,System
20531,Cluster2-473,sys,0.0,True,System
20532,Cluster3-369,sys,0.0,True,System
20533,Cluster6-182,sys,0.0,True,System
20534,Cluster7-98,sys,0.0,True,System
20535,Cluster4-289,sys,0.0,True,System
20536,Cluster3-370,sys,0.0,True,System
20537,Cluster4-290,sys,0.0,True,System
20538,Cluster7-99,sys,0.0,True,System
20539,Cluster4-291,sys,0.0,True,System
20540,Cluster6-183,sys,0.0,True,System
20541,Cluster4-292,sys,0.0,True,System
20542,Cluster4-293,sys,0.0,True,System
20543,Cluster4-294,sys,0.0,True,System
20544,Cluster4-295,sys,0.0,True,System
20545,Cluster7-100,sys,0.0,True,System
20546,Cluster8-23,sys,0.0,True,System
20547,Cluster5-301,sys,0.0,True,System
20548,Cluster4-296,sys,0.0,True,System
20549,Cluster4-297,sys,0.0,True,System
20550,Cluster3-371,sys,0.0,True,System
20551,Cluster3-372,sys,0.0,True,System
20552,Cluster6-184,sys,0.0,True,System
20553,Cluster4-298,sys,0.0,True,System
20554,Cluster6-185,sys,0.0,True,System
20555,Cluster5-302,sys,0.0,True,System
20556,Cluster7-101,sys,0.0,True,System
20557,Cluster3-373,sys,0.0,True,System
20558,Cluster2-474,sys,0.0,True,System
20559,Cluster6-186,sys,0.0,True,System
20560,Cluster2-475,sys,0.0,True,System
20561,Cluster2-476,sys,0.0,True,System
20562,Cluster5-303,sys,0.0,True,System
20563,Cluster7-102,sys,0.0,True,System
20564,Cluster3-374,sys,0.0,True,System
20565,Cluster3-375,sys,0.0,True,System
20566,Cluster5-304,sys,0.0,True,System
20567,Cluster3-376,sys,0.0,True,System
20568,Cluster2-477,sys,0.0,True,System
20569,Cluster4-299,sys,0.0,True,System
20570,Cluster2-478,sys,0.0,True,System
20571,Cluster2-479,sys,0.0,True,System
20572,Cluster3-377,sys,0.0,True,System
20573,Cluster3-378,sys,0.0,True,System
20574,Cluster6-187,sys,0.0,True,System
20575,Cluster5-305,sys,0.0,True,System
20576,Cluster4-300,sys,0.0,True,System
20577,Cluster2-480,sys,0.0,True,System
20578,Cluster5-306,sys,0.0,True,System
20579,Cluster5-307,sys,0.0,True,System
20580,Cluster2-481,sys,0.0,True,System
20581,Cluster2-482,sys,0.0,True,System
20582,Cluster3-379,sys,0.0,True,System
20583,Cluster6-188,sys,0.0,True,System
20584,Cluster3-380,sys,0.0,True,System
20585,Cluster2-483,sys,0.0,True,System
20586,Cluster2-484,sys,0.0,True,System
20587,Cluster4-301,sys,0.0,True,System
20588,Cluster5-308,sys,0.49366286,True,System
20589,Cluster4-302,sys,0.0,True,System
20590,Cluster4-303,sys,0.0,True,System
20591,Cluster3-381,sys,0.0,True,System
20592,Cluster3-382,sys,0.0,True,System
20593,Cluster6-189,sys,0.0,True,System
20594,Cluster2-485,sys,0.0,True,System
20595,Cluster2-486,sys,0.0,True,System
20596,Cluster3-383,sys,0.0,True,System
20597,Cluster6-190,sys,0.0,True,System
20598,Cluster2-487,sys,0.0,True,System
20599,Cluster5-309,sys,0.0,True,System
20600,Cluster3-384,sys,0.0,True,System
20601,Cluster3-385,sys,0.0,True,System
20602,Cluster3-386,sys,0.0,True,System
20603,Cluster4-304,sys,1.1959606,True,System
20604,Cluster5-310,sys,0.0,True,System
20605,Cluster7-103,sys,0.0,True,System
20606,Cluster4-305,sys,0.0,True,System
20607,Cluster5-311,sys,0.0,True,System
20608,Cluster5-312,sys,0.0,True,System
20609,Cluster4-306,sys,0.26231375,True,System
20610,Cluster2-488,sys,0.0,True,System
20611,Cluster5-313,sys,0.0,True,System
20612,Cluster6-191,sys,0.0,True,System
20613,Cluster3-387,sys,0.0,True,System
20614,Cluster3-388,sys,0.0,True,System
20615,Cluster3-389,sys,0.0,True,System
20616,Cluster4-307,sys,0.0,True,System
20617,Cluster4-308,sys,0.0,True,System
20618,Cluster2-489,sys,0.0,True,System
20619,Cluster7-104,sys,0.0,True,System
20620,Cluster4-309,sys,0.0,True,System
20621,Cluster5-314,sys,0.0,True,System
20622,Cluster6-192,sys,0.0,True,System
20623,Cluster6-193,sys,0.0,True,System
20624,Cluster5-315,sys,0.0,True,System
20625,Cluster5-316,sys,0.0,True,System
20626,Cluster4-310,sys,0.0,True,System
20627,Cluster8-24,sys,0.0,True,System
20628,Cluster2-490,sys,0.0,True,System
20629,Cluster7-105,sys,0.0,True,System
20630,Cluster5-317,sys,0.0,True,System
20631,Cluster7-106,sys,0.0,True,System
20632,Cluster2-491,sys,0.0,True,System
20633,Cluster4-311,sys,0.0,True,System
20634,Cluster5-318,sys,0.0,True,System
20635,Cluster6-194,sys,0.0,True,System
20636,Cluster7-107,sys,0.0,True,System
20637,Cluster3-390,sys,0.0,True,System
20638,Cluster3-391,sys,0.0,True,System
20639,Cluster3-392,sys,0.0,True,System
20640,Cluster7-108,sys,0.0,True,System
20641,Cluster7-109,sys,0.0,True,System
20642,Cluster3-393,sys,0.0,True,System
20643,Cluster4-312,sys,0.0,True,System
20644,Cluster2-492,sys,0.0,True,System
20645,Cluster4-313,sys,0.0,True,System
20646,Cluster6-195,sys,0.0,True,System
20647,Cluster4-314,sys,0.0,True,System
20648,Cluster6-196,sys,0.0,True,System
20649,Cluster5-319,sys,0.0,True,System
20650,Cluster7-110,sys,0.0,True,System
20651,Cluster5-320,sys,0.0,True,System
20652,Cluster3-394,sys,0.0,True,System
20653,Cluster2-493,sys,0.0,True,System
20654,Cluster7-111,sys,0.0,True,System
20655,Cluster3-395,sys,0.0,True,System
20656,Cluster7-112,sys,0.0,True,System
20657,Cluster3-396,sys,1.3399739,True,System
20658,Cluster2-494,sys,0.0,True,System
20659,Cluster2-495,sys,0.0,True,System
20660,Cluster6-197,sys,0.0,True,System
20661,Cluster3-397,sys,0.0,True,System
20662,Cluster3-398,sys,0.0,True,System
20663,Cluster6-198,sys,0.0,True,System
20664,Cluster6-199,sys,0.0,True,System
20665,Cluster3-399,sys,1.0610813,True,System
20666,Cluster2-496,sys,0.0,True,System
20667,Cluster4-315,sys,0.0,True,System
20668,Cluster2-497,sys,0.0,True,System
20669,Cluster3-400,sys,0.0,True,System
20670,Cluster3-401,sys,0.0,True,System
20671,Cluster2-498,sys,0.0,True,System
20672,Cluster5-321,sys,0.0,True,System
20673,Cluster5-322,sys,0.0,True,System
20674,Cluster4-316,sys,0.0,True,System
20675,Cluster5-323,sys,0.0,True,System
20676,Cluster4-317,sys,0.0,True,System
20677,Cluster6-200,sys,0.0,True,System
20678,Cluster6-201,sys,0.0,True,System
20679,Cluster6-202,sys,0.0,True,System
20680,Cluster2-499,sys,0.0,True,System
20681,Cluster5-324,sys,0.0,True,System
20682,Cluster8-25,sys,0.0,True,System
20683,Cluster3-402,sys,0.0,True,System
20684,Cluster5-325,sys,0.0,True,System
20685,Cluster6-203,sys,0.0,True,System
20686,Cluster6-204,sys,0.0,True,System
20687,Cluster7-113,sys,0.0,True,System
20688,Cluster2-500,sys,0.0,True,System
20689,Cluster5-326,sys,0.0,True,System
20690,Cluster3-403,sys,0.0,True,System
20691,Cluster9-3,sys,0.0,True,System
20692,Cluster2-501,sys,0.0,True,System
20693,Cluster3-404,sys,0.0,True,System
20694,Cluster4-318,sys,0.0,True,System
20695,Cluster5-327,sys,0.0,True,System
20696,Cluster2-502,sys,0.0,True,System
20697,Cluster3-405,sys,0.0,True,System
20698,Cluster2-503,sys,0.0,True,System
20699,Cluster7-114,sys,0.0,True,System
20700,Cluster7-115,sys,0.0,True,System
20701,Cluster2-504,sys,0.0,True,System
20702,Cluster5-328,sys,0.0,True,System
20703,Cluster2-505,sys,0.0,True,System
20704,Cluster4-319,sys,0.0,True,System
20705,Cluster4-320,sys,0.0,True,System
20706,Cluster2-506,sys,0.0,True,System
20707,Cluster4-321,sys,0.0,True,System
20708,Cluster6-205,sys,0.5134607,True,System
20709,Cluster5-329,sys,0.0,True,System
20710,Cluster2-507,sys,0.0,True,System
20711,Cluster4-322,sys,0.0,True,System
20712,Cluster3-406,sys,0.0,True,System
20713,Cluster3-407,sys,0.0,True,System
20714,Cluster3-408,sys,0.0,True,System
20715,Cluster5-330,sys,0.0,True,System
20716,Cluster4-323,sys,0.0,True,System
20717,Cluster7-116,sys,0.0,True,System
20718,Cluster4-324,sys,0.0,True,System
20719,Cluster9-4,sys,0.0,True,System
20720,Cluster2-508,sys,0.0,True,System
20721,Cluster2-509,sys,0.0,True,System
20722,Cluster4-325,sys,0.0,True,System
20723,Cluster5-331,sys,0.0,True,System
20724,Cluster5-332,sys,0.0,True,System
20725,Cluster3-409,sys,0.0,True,System
20726,Cluster8-26,sys,0.0,True,System
20727,Cluster3-410,sys,0.0,True,System
20728,Cluster3-411,sys,0.0,True,System
20729,Cluster3-412,sys,0.0,True,System
20730,Cluster7-117,sys,0.0,True,System
20731,Cluster6-206,sys,0.0,True,System
20732,Cluster7-118,sys,0.0,True,System
20733,Cluster7-119,sys,0.0,True,System
20734,Cluster3-413,sys,0.0,True,System
20735,Cluster5-333,sys,0.0,True,System
20736,Cluster8-27,sys,0.0,True,System
20737,Cluster2-510,sys,0.0,True,System
20738,Cluster4-326,sys,0.0,True,System
20739,Cluster3-414,sys,0.0,True,System
20740,Cluster3-415,sys,0.0,True,System
20741,Cluster3-416,sys,0.0,True,System
20742,Cluster3-417,sys,0.0,True,System
20743,Cluster3-418,sys,0.0,True,System
20744,Cluster4-327,sys,0.0,True,System
20745,Cluster2-511,sys,0.0,True,System
20746,Cluster5-334,sys,0.0,True,System
20747,Cluster4-328,sys,0.0,True,System
20748,Cluster5-335,sys,0.0,True,System
20749,Cluster7-120,sys,1.2555652,True,System
20750,Cluster3-419,sys,0.0,True,System
20751,Cluster2-512,sys,0.0,True,System
20752,Cluster3-420,sys,0.0,True,System
20753,Cluster5-336,sys,0.0,True,System
20754,Cluster5-337,sys,0.0,True,System
20755,Cluster2-513,sys,0.0,True,System
20756,Cluster4-329,sys,0.0,True,System
20757,Cluster6-207,sys,0.0,True,System
20758,Cluster2-514,sys,0.0,True,System
20759,Cluster3-421,sys,0.0,True,System
20760,Cluster5-338,sys,0.0,True,System
20761,Cluster3-422,sys,0.0,True,System
20762,Cluster3-423,sys,0.0,True,System
20763,Cluster5-339,sys,0.0,True,System
20764,Cluster6-208,sys,0.0,True,System
20765,Cluster7-121,sys,0.0,True,System
20766,Cluster4-330,sys,0.0,True,System
20767,Cluster6-209,sys,0.0,True,System
20768,Cluster7-122,sys,0.0,True,System
20769,Cluster7-123,sys,0.0,True,System
20770,Cluster2-515,sys,0.0,True,System
20771,Cluster2-516,sys,0.0,True,System
20772,Cluster3-424,sys,0.0,True,System
20773,Cluster5-340,sys,0.0,True,System
20774,Cluster2-517,sys,0.0,True,System
20775,Cluster4-331,sys,0.0,True,System
20776,Cluster6-210,sys,0.0,True,System
20777,Cluster2-518,sys,0.0,True,System
20778,Cluster6-211,sys,0.0,True,System
20779,Cluster7-124,sys,0.0,True,System
20780,Cluster3-425,sys,0.0,True,System
20781,Cluster5-341,sys,0.57310927,True,System
20782,Cluster7-125,sys,0.0,True,System
20783,Cluster3-426,sys,1.0447549,True,System
20784,Cluster8-28,sys,0.0,True,System
20785,Cluster3-427,sys,0.0,True,System
20786,Cluster4-332,sys,0.0,True,System
20787,Cluster4-333,sys,0.0,True,System
20788,Cluster6-212,sys,0.0,True,System
20789,Cluster5-342,sys,0.0,True,System
20790,Cluster3-428,sys,0.0,True,System
20791,Cluster5-343,sys,0.0,True,System
20792,Cluster3-429,sys,0.0,True,System
20793,Cluster5-344,sys,0.0,True,System
20794,Cluster2-519,sys,0.0,True,System
20795,Cluster6-213,sys,0.0,True,System
20796,Cluster6-214,sys,0.0,True,System
20797,Cluster2-520,sys,0.0,True,System
20798,Cluster3-430,sys,0.0,True,System
20799,Cluster6-215,sys,0.0,True,System
20800,Cluster3-431,sys,0.0,True,System
20801,Cluster3-432,sys,0.0,True,System
20802,Cluster3-433,sys,0.0,True,System
20803,Cluster4-334,sys,0.0,True,System
20804,Cluster5-345,sys,0.0,True,System
20805,Cluster6-216,sys,0.0,True,System
20806,Cluster4-335,sys,0.0,True,System
20807,Cluster9-5,sys,0.0,True,System
20808,Cluster7-126,sys,0.0,True,System
20809,Cluster2-521,sys,0.0,True,System
20810,Cluster4-336,sys,0.0,True,System
20811,Cluster2-522,sys,0.0,True,System
20812,Cluster2-523,sys,0.0,True,System
20813,Cluster3-434,sys,0.0,True,System
20814,Cluster4-337,sys,0.0,True,System
20815,Cluster4-338,sys,0.0,True,System
20816,Cluster7-127,sys,0.0,True,System
20817,Cluster3-435,sys,0.0,True,System
20818,Cluster3-436,sys,0.0,True,System
20819,Cluster3-437,sys,0.0,True,System
20820,Cluster2-524,sys,0.0,True,System
20821,Cluster3-438,sys,0.0,True,System
20822,Cluster5-346,sys,0.0,True,System
20823,Cluster5-347,sys,0.0,True,System
20824,Cluster4-339,sys,0.0,True,System
20825,Cluster4-340,sys,0.0,True,System
20826,Cluster6-217,sys,0.0,True,System
20827,Cluster7-128,sys,0.0,True,System
20828,Cluster4-341,sys,0.0,True,System
20829,Cluster5-348,sys,0.0,True,System
20830,Cluster3-439,sys,0.0,True,System
20831,Cluster3-440,sys,0.0,True,System
20832,Cluster2-525,sys,0.0,True,System
20833,Cluster7-129,sys,0.0,True,System
20834,Cluster2-526,sys,0.0,True,System
20835,Cluster5-349,sys,0.0,True,System
20836,Cluster5-350,sys,0.0,True,System
20837,Cluster3-441,sys,0.0,True,System
20838,Cluster4-342,sys,0.0,True,System
20839,Cluster6-218,sys,0.0,True,System
20840,Cluster3-442,sys,0.0,True,System
20841,Cluster3-443,sys,0.0,True,System
20842,Cluster3-444,sys,0.0,True,System
20843,Cluster4-343,sys,0.0,True,System
20844,Cluster3-445,sys,0.0,True,System
20845,Cluster4-344,sys,0.0,True,System
20846,Cluster3-446,sys,0.0,True,System
20847,Cluster5-351,sys,0.0,True,System
20848,Cluster2-527,sys,0.0,True,System
20849,Cluster3-447,sys,0.0,True,System
20850,Cluster3-448,sys,0.0,True,System
20851,Cluster5-352,sys,0.0,True,System
20852,Cluster6-219,sys,0.0,True,System
20853,Cluster5-353,sys,0.0,True,System
20854,Cluster5-354,sys,0.0,True,System
20855,Cluster3-449,sys,0.0,True,System
20856,Cluster6-220,sys,1.131453,True,System
20857,Cluster3-450,sys,0.0,True,System
20858,Cluster5-355,sys,0.0,True,System
20859,Cluster4-345,sys,0.0,True,System
20860,Cluster2-528,sys,0.0,True,System
20861,Cluster4-346,sys,0.0,True,System
20862,Cluster3-451,sys,0.0,True,System
20863,Cluster3-452,sys,0.0,True,System
20864,Cluster4-347,sys,0.0,True,System
20865,Cluster7-130,sys,0.0,True,System
20866,Cluster7-131,sys,0.0,True,System
20867,Cluster2-529,sys,0.0,True,System
20868,Cluster5-356,sys,2.199963,True,System
20869,Cluster7-132,sys,0.0,True,System
20870,Cluster5-357,sys,0.0,True,System
20871,Cluster7-133,sys,0.0,True,System
20872,Cluster5-358,sys,0.0,True,System
20873,Cluster6-221,sys,1.7192613,True,System
20874,Cluster7-134,sys,0.0,True,System
20875,Cluster2-530,sys,0.0,True,System
20876,Cluster3-453,sys,0.0,True,System
20877,Cluster3-454,sys,0.0,True,System
20878,Cluster4-348,sys,0.0,True,System
20879,Cluster6-222,sys,0.0,True,System
20880,Cluster4-349,sys,0.0,True,System
20881,Cluster4-350,sys,0.0,True,System
20882,Cluster5-360,sys,0.0,True,System
20883,Cluster5-361,sys,0.0,True,System
20884,Cluster4-351,sys,0.0,True,System
20885,Cluster5-362,sys,0.0,True,System
20886,Cluster2-531,sys,0.0,True,System
20887,Cluster2-532,sys,0.0,True,System
20888,Cluster4-352,sys,0.0,True,System
20889,Cluster3-455,sys,0.0,True,System
20890,Cluster2-533,sys,0.0,True,System
20891,Cluster2-534,sys,0.0,True,System
20892,Cluster7-135,sys,0.0,True,System
20893,Cluster3-456,sys,0.0,True,System
20894,Cluster4-353,sys,0.0,True,System
20895,Cluster3-457,sys,0.0,True,System
20896,Cluster5-363,sys,0.0,True,System
20897,Cluster2-535,sys,0.0,True,System
20898,Cluster3-458,sys,0.0,True,System
20899,Cluster2-536,sys,0.0,True,System
20900,Cluster5-364,sys,0.0,True,System
20901,Cluster4-354,sys,0.0,True,System
20902,Cluster2-537,sys,0.0,True,System
20903,Cluster4-355,sys,0.0,True,System
20904,Cluster6-223,sys,0.0,True,System
20905,Cluster3-459,sys,0.0,True,System
20906,Cluster7-136,sys,0.0,True,System
20907,Cluster8-29,sys,0.0,True,System
20908,Cluster6-224,sys,0.0,True,System
20909,Cluster4-356,sys,0.0,True,System
20910,Cluster4-357,sys,0.0,True,System
20911,Cluster7-137,sys,0.0,True,System
20912,Cluster8-30,sys,0.0,True,System
20913,Cluster8-31,sys,0.0,True,System
20914,Cluster2-538,sys,0.0,True,System
20915,Cluster4-358,sys,0.0,True,System
20916,Cluster3-460,sys,0.0,True,System
20917,Cluster3-461,sys,0.0,True,System
20918,Cluster2-539,sys,0.0,True,System
20919,Cluster2-540,sys,1.3024676,True,System
20920,Cluster3-462,sys,0.0,True,System
20921,Cluster7-138,sys,0.0,True,System
20922,Cluster5-365,sys,0.0,True,System
20923,Cluster4-359,sys,0.0,True,System
20924,Cluster8-32,sys,0.0,True,System
20925,Cluster3-463,sys,0.0,True,System
20926,Cluster3-464,sys,0.0,True,System
20927,Cluster7-139,sys,0.0,True,System
20928,Cluster7-140,sys,0.0,True,System
20929,Cluster4-360,sys,0.0,True,System
20930,Cluster5-366,sys,0.0,True,System
20931,Cluster7-141,sys,0.0,True,System
20932,Cluster3-465,sys,0.0,True,System
20933,Cluster6-225,sys,0.0,True,System
20934,Cluster6-226,sys,0.0,True,System
20935,Cluster8-33,sys,0.0,True,System
20936,Cluster3-466,sys,0.0,True,System
20937,Cluster7-142,sys,0.0,True,System
20938,Cluster6-227,sys,0.0,True,System
20939,Cluster7-143,sys,0.0,True,System
20940,Cluster7-144,sys,0.0,True,System
20941,Cluster2-541,sys,0.0,True,System
20942,Cluster2-542,sys,0.0,True,System
20943,Cluster4-362,sys,0.0,True,System
20944,Cluster4-363,sys,0.0,True,System
20945,Cluster8-34,sys,0.0,True,System
20946,Cluster2-543,sys,0.0,True,System
20947,Cluster3-467,sys,0.0,True,System
20948,Cluster2-544,sys,0.0,True,System
20949,Cluster6-228,sys,0.0,True,System
20950,Cluster3-468,sys,0.0,True,System
20951,Cluster4-364,sys,0.0,True,System
20952,Cluster4-365,sys,0.0,True,System
20953,Cluster3-469,sys,0.0,True,System
20954,Cluster5-367,sys,0.0,True,System
20955,Cluster4-366,sys,0.0,True,System
20956,Cluster3-470,sys,0.0,True,System
20957,Cluster2-545,sys,0.0,True,System
20958,Cluster3-471,sys,0.0,True,System
20959,Cluster5-368,sys,0.0,True,System
20960,Cluster4-367,sys,0.0,True,System
20961,Cluster3-472,sys,0.0,True,System
20962,Cluster7-145,sys,0.0,True,System
20963,Cluster5-369,sys,0.0,True,System
20964,Cluster4-368,sys,0.0,True,System
20965,Cluster4-369,sys,0.0,True,System
20966,Cluster3-473,sys,0.0,True,System
20967,Cluster2-546,sys,0.0,True,System
20968,Cluster2-547,sys,0.0,True,System
20969,Cluster3-474,sys,0.0,True,System
20970,Cluster5-370,sys,0.0,True,System
20971,Cluster3-475,sys,0.0,True,System
20972,Cluster6-229,sys,0.0,True,System
20973,Cluster2-548,sys,0.0,True,System
20974,Cluster4-370,sys,0.0,True,System
20975,Cluster4-371,sys,0.0,True,System
20976,Cluster4-372,sys,0.0,True,System
20977,Cluster2-549,sys,0.0,True,System
20978,Cluster4-373,sys,0.0,True,System
20979,Cluster3-476,sys,0.0,True,System
20980,Cluster4-374,sys,0.0,True,System
20981,Cluster3-477,sys,0.0,True,System
20982,Cluster5-371,sys,0.0,True,System
20983,Cluster4-375,sys,0.0,True,System
20984,Cluster6-230,sys,0.0,True,System
20985,Cluster7-146,sys,0.0,True,System
20986,Cluster7-147,sys,0.0,True,System
20987,Cluster2-550,sys,0.0,True,System
20988,Cluster5-372,sys,0.0,True,System
20989,Cluster4-376,sys,0.0,True,System
20990,Cluster4-377,sys,0.0,True,System
20991,Cluster8-35,sys,0.0,True,System
20992,Cluster4-378,sys,0.0,True,System
20993,Cluster3-478,sys,0.0,True,System
20994,Cluster6-231,sys,0.0,True,System
20995,Cluster4-379,sys,0.0,True,System
20996,Cluster3-479,sys,0.0,True,System
20997,Cluster6-232,sys,0.0,True,System
20998,Cluster2-551,sys,0.0,True,System
20999,Cluster4-380,sys,0.0,True,System
21000,Cluster6-233,sys,0.0,True,System
21001,Cluster4-381,sys,0.0,True,System
21002,Cluster5-373,sys,0.0,True,System
21003,Cluster3-480,sys,0.0,True,System
21004,Cluster5-374,sys,0.0,True,System
21005,Cluster6-234,sys,0.0,True,System
21006,Cluster5-375,sys,0.0,True,System
21007,Cluster5-376,sys,0.0,True,System
21008,Cluster4-382,sys,0.0,True,System
21009,Cluster6-235,sys,0.0,True,System
21010,Cluster5-377,sys,0.0,True,System
21011,Cluster6-236,sys,0.0,True,System
21012,Cluster5-378,sys,0.0,True,System
21013,Cluster7-148,sys,0.0,True,System
21014,Cluster3-481,sys,0.0,True,System
21015,Cluster5-379,sys,0.0,True,System
21016,Cluster4-383,sys,0.0,True,System
21017,Cluster4-384,sys,0.0,True,System
21018,Cluster6-237,sys,0.0,True,System
21019,Cluster3-482,sys,0.0,True,System
21020,Cluster6-238,sys,0.0,True,System
21021,Cluster3-483,sys,0.0,True,System
21022,Cluster3-484,sys,0.0,True,System
21023,Cluster3-485,sys,0.0,True,System
21024,Cluster6-239,sys,0.0,True,System
21025,Cluster3-486,sys,0.0,True,System
21026,Cluster8-36,sys,0.0,True,System
21027,Cluster3-487,sys,0.0,True,System
21028,Cluster4-385,sys,0.0,True,System
21029,Cluster7-149,sys,0.0,True,System
21030,Cluster4-386,sys,0.0,True,System
21031,Cluster3-488,sys,0.0,True,System
21032,Cluster3-489,sys,0.19039708,True,System
21033,Cluster2-552,sys,0.0,True,System
21034,Cluster7-150,sys,0.0,True,System
21035,Cluster5-380,sys,0.0,True,System
21036,Cluster3-490,sys,0.0,True,System
21037,Cluster3-491,sys,0.0,True,System
21038,Cluster3-492,sys,0.0,True,System
21039,Cluster6-240,sys,0.0,True,System
21040,Cluster8-37,sys,0.0,True,System
21041,Cluster4-387,sys,0.0,True,System
21042,Cluster5-381,sys,0.0,True,System
21043,Cluster3-493,sys,0.0,True,System
21044,Cluster7-151,sys,0.0,True,System
21045,Cluster5-382,sys,0.0,True,System
21046,Cluster9-6,sys,0.0,True,System
21047,Cluster4-388,sys,0.0,True,System
21048,Cluster7-152,sys,0.0,True,System
21049,Cluster4-389,sys,0.0,True,System
21050,Cluster5-383,sys,0.0,True,System
21051,Cluster3-494,sys,0.0,True,System
21052,Cluster4-390,sys,0.0,True,System
21053,Cluster5-384,sys,0.0,True,System
21054,Cluster4-391,sys,0.0,True,System
21055,Cluster2-553,sys,0.0,True,System
21056,Cluster5-385,sys,0.0,True,System
21057,Cluster6-241,sys,0.0,True,System
21058,Cluster4-392,sys,0.0,True,System
21059,Cluster3-495,sys,0.0,True,System
21060,Cluster6-242,sys,0.0,True,System
21061,Cluster4-393,sys,0.0,True,System
21062,Cluster2-554,sys,0.0,True,System
21063,Cluster6-243,sys,0.0,True,System
21064,Cluster4-394,sys,0.0,True,System
21065,Cluster3-496,sys,0.0,True,System
21066,Cluster5-386,sys,0.0,True,System
21067,Cluster3-497,sys,0.0,True,System
21068,Cluster3-498,sys,0.0,True,System
21069,Cluster5-387,sys,0.0,True,System
21070,Cluster6-244,sys,0.0,True,System
21071,Cluster5-388,sys,0.0,True,System
21072,Cluster6-245,sys,0.0,True,System
21073,Cluster3-499,sys,0.0,True,System
21074,Cluster7-153,sys,0.0,True,System
21075,Cluster2-555,sys,0.0,True,System
21076,Cluster4-395,sys,0.0,True,System
21077,Cluster3-500,sys,0.0,True,System
21078,Cluster9-7,sys,0.0,True,System
21079,Cluster6-246,sys,0.0,True,System
21080,Cluster4-396,sys,0.0,True,System
21081,Cluster5-389,sys,0.0,True,System
21082,Cluster4-397,sys,0.0,True,System
21083,Cluster4-398,sys,0.0,True,System
21084,Cluster4-399,sys,0.0,True,System
21085,Cluster4-400,sys,0.0,True,System
21086,Cluster5-390,sys,0.0,True,System
21087,Cluster8-38,sys,0.0,True,System
21088,Cluster5-391,sys,0.0,True,System
21089,Cluster8-39,sys,0.0,True,System
21090,Cluster3-501,sys,0.0,True,System
21091,Cluster3-502,sys,0.0,True,System
21092,Cluster3-503,sys,0.0,True,System
21093,Cluster4-401,sys,0.0,True,System
21094,Cluster4-402,sys,0.0,True,System
21095,Cluster5-392,sys,0.0,True,System
21096,Cluster5-393,sys,0.0,True,System
21097,Cluster5-394,sys,0.0,True,System
21098,Cluster7-154,sys,0.0,True,System
21099,Cluster6-247,sys,0.0,True,System
21100,Cluster7-155,sys,0.0,True,System
21101,Cluster9-8,sys,0.0,True,System
21102,Cluster7-156,sys,0.0,True,System
21103,Cluster6-248,sys,0.0,True,System
21104,Cluster4-403,sys,0.0,True,System
21105,Cluster4-404,sys,0.0,True,System
21106,Cluster6-249,sys,0.0,True,System
21107,SBS1,gb,0.0,True,Gen. Bkgd.
21108,SBS2,gb,1.1767101,True,Gen. Bkgd.
21109,SBS4,gb,1.2472346,True,Gen. Bkgd.
21110,SBS5,gb,0.0,True,Gen. Bkgd.
21111,SBS6,gb,1.6357691,True,Gen. Bkgd.
21112,SBS7b,gb,0.0,True,Gen. Bkgd.
21113,SBS13,gb,0.0,True,Gen. Bkgd.
21114,SBS15,gb,0.0,True,Gen. Bkgd.
21115,SBS26,gb,0.0,True,Gen. Bkgd.
21116,SBS29,gb,0.0,True,Gen. Bkgd.
21117,SBS38,gb,0.0,True,Gen. Bkgd.
21118,SBS87,gb,0.0,True,Gen. Bkgd.
21119,SBS89,gb,0.0,True,Gen. Bkgd.
21120,ID12,gb,0.0,True,Gen. Bkgd.
21121,ID19,gb,0.0,True,Gen. Bkgd.
21122,DBS2,gb,7.72881,True,Gen. Bkgd.
21123,DBS6,gb,0.0,True,Gen. Bkgd.
21124,DBS10,gb,0.0,True,Gen. Bkgd.
21125,DBS11,gb,0.0,True,Gen. Bkgd.
21126,DBS17,gb,0.0,True,Gen. Bkgd.
21127,CN1,gb,0.0,True,Gen. Bkgd.
21128,CN2,gb,1.1207403,True,Gen. Bkgd.
21129,CN3,gb,2.0584304,True,Gen. Bkgd.
21130,CN7,gb,1.2220446,True,Gen. Bkgd.
21131,CN8,gb,0.0,True,Gen. Bkgd.
21132,CN9,gb,3.9990277,True,Gen. Bkgd.
21133,CN11,gb,0.7952265,True,Gen. Bkgd.
21134,CN13,gb,14.338014,True,Gen. Bkgd.
21135,CN17,gb,0.0,True,Gen. Bkgd.
21136,CN18,gb,2.2346087,True,Gen. Bkgd.
21137,CN20,gb,0.0,True,Gen. Bkgd.
21138,CN21,gb,9.807505,True,Gen. Bkgd.
21139,length,gb,1.086285,True,Gen. Bkgd.
21140,timings,gb,0.5647041,True,Gen. Bkgd.
